,username,public_repos,forked_repo_ratio,commit_count_last_6m,stars_total,followers,pull_requests_merged,avg_stars_per_repo,following,pull_requests_opened,issues_opened,readme_presence_ratio,cluster_label
0,ethan03,15,0.48501798752404124,329,9,3,33,1.7150620698554615,0,18,0,0.0015442894251179002,Cluster_2
1,jenniferrogers,6,0.08540303016272166,0,61,25,1,30.86318894378377,0,0,32,0.001431227837629208,Cluster_1
2,rhonda11,19,0.9724613900279022,448,3,192,37,0.0,81,73,13,0.0014205998859583894,Cluster_1
3,jessica24,72,0.5180104313760979,1403,170,10,141,29.91265782801945,0,0,15,0.008967390221154206,Cluster_1
4,jrojas,5,0.6141862443190114,134,28,48,13,0.0,6,0,0,0.0002212416317076359,Cluster_3
5,rhayes,5,0.23660978270750732,137,15,17,9,0.0,73,0,1,0.000713886674612665,Cluster_3
6,powelldavid,78,0.4834980851068038,1516,3,2,148,0.0,0,50,0,0.006261791746669637,Cluster_3
7,wendy09,23,0.42914949195832186,493,0,60,56,27.538674631773237,12,15,57,0.003179819588054521,Cluster_1
8,cheyenne48,3,0.07489584200198374,40,5,3,3,0.0,38,0,0,0.00038799530451597713,Cluster_2
9,tanyamathews,16,0.10616035354746722,216,245,20,31,0.0,0,53,11,0.0006091855394128291,Cluster_1
10,christopher67,3,0.8374725196187746,118,16,12,3,14.23755091161457,0,34,33,0.0004794320588680641,Cluster_1
11,ambergarner,3,0.23981995220659025,21,24,76,0,21.223619811854377,1,0,0,8.429784596541517e-05,Cluster_2
12,cjohnson,10,0.19495827149863054,157,107,4,7,24.050721895882628,4,29,34,0.0010153382888528496,Cluster_1
13,draymond,0,0.5049114512501393,0,854,36,0,inf,0,46,9,0.0,Cluster_1
14,cranejeffrey,0,0.7687471313625129,13,359,5,0,inf,0,33,0,0.0,Cluster_2
15,orich,3,0.06194651857898792,57,5,9,7,0.0,0,0,0,4.1140927999438886e-05,Cluster_2
16,mrogers,1,0.5768079196382558,47,1,0,6,34.49603355871461,0,0,0,9.402788483051317e-05,Cluster_1
17,walkerhaley,11,0.11921044284057336,153,2315,463,11,233.3386486277041,261,15,18,0.0007601379592944526,Cluster_2
18,deckerashley,1,0.03646105082561846,0,1966,45,0,1987.6591365808135,5,20,33,0.00014722205847591134,Cluster_3
19,oadams,0,0.05274395216221739,0,46,6,7,inf,33,0,13,0.0,Cluster_1
20,erica03,66,0.8341641082084413,1414,3,3,139,10.440120665354574,0,33,35,0.0075830874429541765,Cluster_3
21,whall,5,0.11797248362806156,94,187,9,3,12.51275031700424,0,0,0,0.0004610524521991907,Cluster_3
22,dreed,8,0.04515136441229195,214,27,58,22,16.04102472511297,17,45,15,0.0011211045808066401,Cluster_2
23,cassandra66,0,0.4378998871429123,1,27,1,1,inf,0,55,27,0.0,Cluster_1
24,derrickjones,3,0.8439934719420248,35,165,16,1,80.26728169901838,45,36,57,0.00010090984021780744,Cluster_3
25,amanda43,8,0.26240837648930193,147,60,285,15,23.648383647648565,120,1,0,0.0005786653564938557,Cluster_2
26,lindamorgan,1,0.4217126175259164,11,3,3,0,14.00760940306043,38,34,0,0.00011240856117692706,Cluster_1
27,psmith,12,0.03992253256375122,270,18,22,30,0.0,29,25,0,0.0017061969496649824,Cluster_1
28,xporter,3,0.4490785141348759,128,108,547,7,34.219989267830584,268,0,0,0.0001499296829770463,Cluster_3
29,nathanrogers,4,0.5776130806371337,97,82,51,6,9.342154801926874,0,64,0,0.00016705797052759955,Cluster_2
30,hmartin,2,0.5709070537521448,99,53,24,13,31.54731848366147,49,0,24,7.812130515652081e-05,Cluster_3
31,kimberlycarter,118,0.33242669217436516,2311,177,42,237,0.0,0,77,6,0.017508761684433036,Cluster_3
32,brownjennifer,7,0.3155331806631355,119,17,11,19,0.0,4,28,27,0.0007876091254008261,Cluster_2
33,thomasyang,1,0.10662361893659789,0,45,141,5,54.18067809813408,67,0,0,0.00013871938477701544,Cluster_3
34,troylambert,25,0.3667983206462684,515,0,11,49,0.0,0,29,55,0.0021190576170492387,Cluster_2
35,megan56,1,0.09949466887296465,2,14,1,0,16.431830791480248,0,28,9,0.00011017487460654317,Cluster_2
36,harry15,10,0.7665959447120516,236,130,11,30,0.0,0,12,0,0.0014395177945199956,Cluster_3
37,alvarezmichael,0,0.9662742977481859,0,16,4,6,inf,0,14,21,0.0,Cluster_2
38,dwest,1,0.9700744566667069,22,14,13,0,27.12087134405921,76,3,0,0.00012049090171357996,Cluster_3
39,fosterlinda,9,0.8650710993753938,214,5,13,26,0.0,0,28,31,0.0008497711110280154,Cluster_2
40,uyoung,22,0.6007921493396191,336,201,121,31,34.05086518842358,54,4,0,0.0012456807397557823,Cluster_3
41,garciamadison,9,0.7008656972438799,286,88,56,36,29.265764883804195,21,0,0,0.0009433316559484174,Cluster_1
42,linstephanie,6,0.28520580268041407,105,146,29,7,18.968734626537604,69,3,0,0.00032932378432604104,Cluster_1
43,rosalesjeffery,4,0.6307704201726206,0,1,19,9,60.224682110049294,106,37,0,0.00011131955311111097,Cluster_1
44,cookjessica,0,0.45564954943987745,7,24,4,4,inf,9,0,0,0.0,Cluster_1
45,whitakerpatrick,2,0.4820173397769325,41,20,0,13,0.0,0,0,8,8.136770534755168e-05,Cluster_1
46,beasleyandrew,3,0.757776560375158,55,19,23,3,21.256814407334296,0,69,0,0.00014133717010094196,Cluster_1
47,ayersemily,36,0.28191835559725165,769,10,66,78,1.5950391041729222,0,26,42,0.0028952055529187113,Cluster_1
48,jenniferchristian,12,0.3180396116945199,277,17,17,22,0.0,0,0,20,0.000630872737373659,Cluster_2
49,harrisemily,0,0.9246417911286366,14,152,9,5,inf,0,23,0,0.0,Cluster_2
50,lisagonzales,12,0.056224294850972245,262,1,40,30,19.981200031100915,0,0,0,0.0005774383598088772,Cluster_2
51,destinyalvarez,4,0.4856342984133404,74,811,17,19,190.79109070751733,62,0,21,0.0002900618231262789,Cluster_1
52,anixon,2,0.9128008004078617,128,79,251,15,37.46247289925896,146,11,25,0.00011432088691743911,Cluster_1
53,kathryn43,18,0.610363007818157,286,30,127,32,0.0,50,0,15,0.0020539668390998967,Cluster_3
54,heatherwatson,34,0.5464070742121321,686,169,84,66,0.0,97,20,0,0.004398350201233971,Cluster_2
55,amysanchez,29,0.2497441792293552,583,2,62,61,0.0,0,24,60,0.003917916301108785,Cluster_2
56,david08,2,0.34327548906444827,80,10,2,6,12.76364585448303,0,5,0,0.00012333458529722357,Cluster_1
57,mark43,4,0.8520484158046929,37,26,54,4,0.0,0,0,5,0.00034751771905144825,Cluster_3
58,clinepaul,12,0.5592181317684581,152,386,35,16,32.50506265000167,56,6,9,0.00043581068753529586,Cluster_1
59,twhite,31,0.5147421937567799,627,30,49,60,0.0,0,28,56,0.005790383308628225,Cluster_2
60,jamiewallace,3,0.09957971354002892,74,74,42,7,52.71391973567117,21,0,3,0.00034882710999727617,Cluster_3
61,sethleonard,5,0.01602815645512312,174,11,39,15,61.055052920108736,69,0,10,0.0006490044738658879,Cluster_2
62,jennifer37,1,0.9636851886870491,0,79,1154,0,71.81441930092569,645,0,0,7.808618453274887e-05,Cluster_2
63,hawkinsbeth,1,0.37698616728684164,77,677,17,13,642.5554287857361,7,22,0,4.625841105078238e-05,Cluster_3
64,edwardsstephen,24,0.6032130620995043,598,198,81,60,10.58753939837133,59,0,0,0.0019970957701464227,Cluster_3
65,muellerashley,56,0.07971507318728499,1101,28,9,111,0.0,0,52,32,0.013704209614198201,Cluster_3
66,prattphillip,6,0.6831142857230466,55,111,65,0,57.92701298002581,116,14,0,0.0005044814159018587,Cluster_1
67,valdezemily,33,0.9325667087059609,639,93,82,66,36.14996868569267,32,8,13,0.0040765910207521405,Cluster_1
68,xsantos,12,0.5756652529974197,240,82,34,26,24.14083274526462,21,0,3,0.0018889700971459174,Cluster_1
69,kyle50,2,0.12611532237541057,68,245,245,4,110.76611837574683,102,0,3,4.163764079486948e-05,Cluster_1
70,larrymarshall,12,0.5817215274734767,210,241,5,31,33.6386646569494,62,29,0,0.001349513129788145,Cluster_1
71,smorgan,74,0.7663472131046524,1557,26,9,144,5.651478532717433,14,74,70,0.01578209068411191,Cluster_3
72,ybenson,7,0.40641653657401866,84,105,27,12,19.826464065987814,51,0,11,0.0005412512288313286,Cluster_3
73,michelle87,77,0.8798377479414679,1453,16,75,148,0.0,55,72,13,0.020508134742600388,Cluster_1
74,martindanielle,0,0.6486829533573645,55,6,26,8,inf,1,20,63,0.0,Cluster_2
75,larsenjeffrey,25,0.8992489182892025,386,20,138,39,2.9561665662247023,115,12,1,0.005150866740840759,Cluster_2
76,courtney06,8,0.6235053112473372,149,28,7,17,1.483173049108498,20,0,0,0.001286572741739581,Cluster_3
77,goodmanjamie,4,0.13128797200482423,235,1,3,27,0.0,0,0,0,0.00038200673134828207,Cluster_2
78,lorigay,8,0.3096917111051891,159,155,31,12,3.5026700069324495,0,58,0,0.0018192555810550813,Cluster_1
79,wilsonlonnie,0,0.20179494825245692,0,0,17,1,,15,5,36,0.0,Cluster_1
80,shanewatkins,5,0.9088264977168623,97,4388,45,8,842.6167439628384,67,42,52,0.000589690219953285,Cluster_2
81,ashleyeric,12,0.7604000672874827,237,494,19,18,56.95664185966751,91,13,26,0.0017658083674637307,Cluster_1
82,meganjohnson,67,0.676398368910006,1348,20,12,138,0.0,0,19,25,0.008530429541641639,Cluster_2
83,kevin30,3,0.3009663196316217,93,33,17,6,0.0,9,19,42,0.00011030987935187497,Cluster_3
84,davidhayes,2,0.18404477205021352,0,57,20,0,64.93790631852042,34,65,32,7.014249924809262e-05,Cluster_2
85,frederick20,3,0.7564510879889118,144,11,12,11,0.0,20,0,10,0.0002734455172640535,Cluster_1
86,andrew72,29,0.47415794587907967,592,46,14,55,0.0,57,41,4,0.003800321196156307,Cluster_3
87,ylewis,12,0.22578955215062912,276,25,10,32,24.774099953494822,37,11,2,0.0015731007440945033,Cluster_2
88,donnalopez,3,0.6166219781652751,28,27,72,3,46.08861801033282,0,0,11,0.00022311551536463944,Cluster_1
89,pamelabean,15,0.040333852138451975,364,45,26,43,0.0,0,0,0,0.0014640625365533713,Cluster_1
90,qmiles,8,0.3261702541282535,147,3,592,11,0.0,311,0,0,0.0012612922238667073,Cluster_1
91,richardsonmichael,31,0.46855699459113465,633,35,25,67,0.0,62,25,19,0.003260209396011625,Cluster_2
92,wjimenez,2,0.14795833410940584,0,44,8,14,40.696033253913086,11,27,14,0.0001343490843170516,Cluster_3
93,brendawiggins,4,0.9846544775908396,30,41,1103,4,43.032642558590666,472,0,0,0.0002459425242125586,Cluster_2
94,crystalkelly,4,0.20909736458961425,114,22,37,15,0.0,0,21,27,0.0003254175784712042,Cluster_1
95,sandraparker,0,0.13035313004326554,0,256,88,3,inf,78,0,0,0.0,Cluster_2
96,qsmith,11,0.2035348738868964,177,17,48,10,0.0,6,5,0,0.0011780310384533995,Cluster_3
97,cindyleach,10,0.7690611331597242,167,49,51,19,11.622458058911445,31,22,42,0.000493935265329772,Cluster_2
98,hollybrown,7,0.4255056592718428,174,342,44,18,23.4280688685865,75,55,59,0.0003645281008444771,Cluster_3
99,kellytammy,5,0.565415939752538,68,28,3,5,3.16139172836004,0,11,0,0.0003457963946665953,Cluster_3
100,llin,0,0.021009156986360744,0,48,34,0,inf,0,0,0,0.0,Cluster_1
101,michaelsmith,3,0.034431308573314556,60,27,2,9,2.696833873694527,0,0,21,0.0003261846190852768,Cluster_3
102,dreyes,4,0.44582554982701617,0,307,15,0,84.44941962639395,25,27,17,0.0005565539253670096,Cluster_3
103,ronaldpage,2,0.8166552432016235,0,20,6,10,0.0,41,27,29,0.00023966148519289935,Cluster_2
104,moorestephen,5,0.8852388787075652,116,333,34,12,48.92553403626316,0,22,25,0.00062322426207048,Cluster_1
105,bowmanhelen,13,0.08670656759564022,223,27,33,16,10.834365975910186,16,0,0,0.00162397980865471,Cluster_2
106,justin99,125,0.5383631021010228,2552,7,41,252,26.896706619514575,63,21,25,0.005824054785631481,Cluster_1
107,udavis,9,0.9132296862792705,228,112,30,21,11.988170563485985,0,22,0,0.0006098577299691674,Cluster_2
108,ramoskevin,10,0.38797275439788637,235,19,8,35,11.97341546924345,0,0,9,0.0007102561958378383,Cluster_2
109,harperannette,6,0.8295658314283686,210,101,13,16,31.994933539280137,0,23,11,0.00045514315559414274,Cluster_3
110,john71,0,0.1336956543994362,0,0,79,0,,7,20,2,0.0,Cluster_3
111,douglaskoch,7,0.9353944896677987,172,33,99,14,0.0,0,0,0,0.0011223122761767265,Cluster_1
112,eyang,8,0.7514233175313026,130,14,3,15,0.0,71,0,3,0.00036992204479535255,Cluster_2
113,sergio25,297,0.9413343927869017,6062,4,2,603,0.0,0,154,93,0.017989321300816447,Cluster_1
114,roberttorres,5,0.6766172335525065,199,12,6,14,40.97267601787929,0,0,0,0.0004153914910955774,Cluster_3
115,anne12,11,0.363403931999427,220,11,96,21,11.16385878343808,64,0,0,0.0007788922728132602,Cluster_3
116,ccunningham,7,0.9381811725247224,159,30,124,14,13.552028693414623,9,2,0,0.0012944064365711875,Cluster_1
117,brownnorma,1,0.2755667763091785,87,2,5,5,9.324715063674772,0,2,0,6.321151421339128e-05,Cluster_2
118,ugonzales,41,0.33217252206173253,812,58,31,78,0.0,91,61,44,0.009003296530099538,Cluster_2
119,ryan31,22,0.7008084180017403,407,387,314,46,56.35471850644987,247,0,46,0.004147954761672313,Cluster_1
120,nicholas10,24,0.7653162995253863,523,54,37,50,11.833750615739213,0,44,25,0.0019221634875051412,Cluster_3
121,hjacobs,1,0.9294034838491538,23,142,169,0,156.46320225309904,137,0,0,0.00015042857860007663,Cluster_2
122,gardneradam,60,0.2048024090562095,1209,237,89,118,0.0,62,0,0,0.008671672906210709,Cluster_3
123,swilson,0,0.797998035219224,0,306,5,0,inf,0,0,31,0.0,Cluster_2
124,stewartfrank,17,0.7385460533969634,254,959,15,18,49.28751570332982,0,0,0,0.001045511642310759,Cluster_1
125,nsmith,197,0.06379455625359787,3951,13,21,403,0.0,88,57,62,0.02004163823734144,Cluster_1
126,steven89,1,0.38722314121020696,65,9,23,10,0.0,0,58,39,0.00012858423121147434,Cluster_1
127,vburton,3,0.2827654570600986,48,135,79,11,19.702115830932673,153,0,16,0.00039822373419163014,Cluster_3
128,tschultz,8,0.3044904243540304,231,118,37,25,0.0,0,73,90,0.0002927489147453761,Cluster_3
129,vcollins,3,0.9829468795547008,24,133,0,0,45.544289740617536,79,0,0,0.0002000818789466915,Cluster_3
130,terrifitzpatrick,0,0.6427774134799279,0,992,2,7,inf,0,0,22,0.0,Cluster_1
131,ljones,8,0.7176761577934996,156,33,0,11,10.806387243227746,39,42,22,6.427289427343361e-05,Cluster_1
132,susan51,1,0.9766176373150092,15,71,26,0,104.51951742136009,82,0,0,8.3911180925242e-05,Cluster_3
133,luismurphy,15,0.3772017824576387,338,5,28,34,0.0,83,11,4,0.0008178932188669289,Cluster_3
134,taylornicole,1,0.8018401684528059,0,1546,30,6,1501.1022141208314,0,0,42,0.00016125078870125894,Cluster_1
135,oharris,75,0.43453096330449537,1568,18,4,162,0.0,0,36,54,0.0018717446683421714,Cluster_2
136,mroberts,2,0.8695336718149798,138,19,55,18,33.367888727957435,23,0,0,0.00040861327098224267,Cluster_1
137,morganbarnett,4,0.18065754131130318,78,17,58,6,2.531210550063403,0,0,0,0.0005638486150107426,Cluster_3
138,alittle,25,0.9476861770642796,562,10,3,54,30.986613073834036,13,0,23,0.0031377383990775507,Cluster_3
139,heatherpadilla,1,0.21877170841087967,0,8,2,1,17.058831862756374,0,7,3,6.123229548677876e-05,Cluster_1
140,rsanchez,10,0.3262205069809315,253,12,20,24,0.0,64,23,13,0.0015472514094413599,Cluster_2
141,dcooper,52,0.7561922341067805,1092,2,295,113,2.2301065472287074,118,33,0,0.009584326877567273,Cluster_2
142,nicolewilkerson,0,0.3937551415654067,43,8,257,8,inf,41,13,0,0.0,Cluster_1
143,steven80,9,0.6082113767664467,179,1105,46,20,144.38489380325063,93,1,0,0.0016514392794374636,Cluster_3
144,laurengarcia,10,0.4445735010694285,52,124,6,0,48.79273143223136,12,0,0,0.0012080336466248074,Cluster_2
145,morrismatthew,23,0.7423699370897818,427,175,75,43,25.763206046347896,38,25,0,0.0033748209191026023,Cluster_1
146,nielsenthomas,1,0.22833125236861085,0,275,10,0,283.80959594774436,59,0,0,0.000118175722623638,Cluster_2
147,heathermarshall,1,0.05845798723687701,0,899,6,0,912.523765431567,46,0,0,0.00021389937053630073,Cluster_3
148,zreilly,16,0.29992939747306624,326,1,0,28,0.0,0,19,0,0.0008422323225425831,Cluster_1
149,johnsmith,11,0.47430866486843026,199,3,23,13,0.0,0,0,25,0.0006504767740231264,Cluster_1
150,woodwardbrian,10,0.16802005219267857,158,7,7,18,1.5299217244572043,0,47,5,0.0006229460734484268,Cluster_3
151,igomez,12,0.3547972896563887,187,14,23,16,8.47247321584478,0,0,35,0.0023297928147736555,Cluster_2
152,jacob72,2,0.3999830182935685,4,19,0,3,0.0,28,4,0,0.00014902454593821446,Cluster_2
153,kim81,10,0.05739184368827355,256,14,25,22,27.932432789998828,32,3,12,0.00034084869875153665,Cluster_2
154,megan95,11,0.5833072481842045,186,49,0,25,24.562765764194076,38,25,26,0.0007209634840854929,Cluster_1
155,tiffanymartinez,2,0.8843434279712875,14,35,102,6,0.0,115,11,0,0.00017463610013719095,Cluster_1
156,carmenwagner,121,0.15174291295305242,2397,9,43,241,27.391025941086745,60,59,27,0.008713174458581883,Cluster_2
157,ronald48,15,0.597808013401514,316,0,13,30,0.0,49,50,17,0.0030452696933701414,Cluster_2
158,kingbryan,1,0.6647392049108463,42,5,46,8,0.0,0,0,9,0.00013314847302457834,Cluster_1
159,thomas92,19,0.41933468041928834,227,12,4,24,22.21713280229894,0,46,24,0.0016383126763513023,Cluster_1
160,karenjones,1,0.70109758736427,71,21,22,8,19.978911744798836,59,28,0,7.757184125853715e-05,Cluster_1
161,david48,24,0.41073154349101204,551,4,66,60,38.15037308340406,0,0,2,0.0036202710649275334,Cluster_2
162,hillandrea,42,0.5046372879774349,787,13,0,85,0.0,4,48,37,0.005032595509382612,Cluster_1
163,diana63,2,0.00735304455442698,0,4,10,0,0.0,30,32,65,4.304500592556524e-05,Cluster_3
164,ronald93,31,0.6917201141346888,597,26,19,54,0.0,31,32,20,0.0015527087914948938,Cluster_3
165,karen22,13,0.6613426789447244,222,4,14,18,16.092142288901762,25,0,0,0.00021624078396736369,Cluster_1
166,kayla07,25,0.03840087732634456,511,7,178,43,0.0,118,32,29,0.004214129953219182,Cluster_1
167,gutierrezlarry,127,0.3682501073951331,2442,3,3,243,0.0,10,93,32,0.010307579261934046,Cluster_3
168,nicholascampbell,5,0.9790318407916674,44,25,7,7,9.578548054055082,0,0,0,0.0008478494608932948,Cluster_1
169,eharrell,2,0.4207365625686168,116,6,1,11,0.0,25,14,0,0.00018219337030521047,Cluster_1
170,emmamorgan,1,0.5019454051318417,0,169,193,0,175.13385399226829,110,0,26,0.00011690598066245603,Cluster_3
171,mcdanieltiffany,2,0.9099301581597186,102,68,13,15,27.187538975436457,0,27,47,0.00023947552916658022,Cluster_2
172,sarah58,6,0.7172618758657564,137,29,10,14,14.7226631003808,73,0,0,0.00022908199296032059,Cluster_2
173,rbautista,12,0.5820701311242236,149,7,18,16,0.0,35,0,16,0.001946136010330283,Cluster_3
174,reidjessica,11,0.7978046813410725,251,65,52,30,31.872353937968985,0,4,0,0.000544813932765451,Cluster_3
175,gibbsmelinda,25,0.8643662664559733,494,114,33,48,0.8993103001262028,0,0,11,0.002373923059189528,Cluster_1
176,peterduran,7,0.45688807173726687,117,42,1066,22,21.27045335809646,504,0,9,0.0011314325924194082,Cluster_1
177,trevinocandice,65,0.4751083649318354,1312,593,39,128,28.32058614877471,0,43,0,0.00470777752013015,Cluster_2
178,gallaghernancy,4,0.3860509356518358,103,75,9,20,0.0,19,28,41,0.0005597217170278169,Cluster_2
179,vasquezmatthew,437,0.9667061400184606,8775,171,8,872,18.036454539987613,0,225,178,0.08918553344069172,Cluster_2
180,dylan46,18,0.6971662542903504,418,42,11,44,0.0,61,0,0,0.0026830304121609775,Cluster_3
181,jennifer03,2,0.0832230662080723,60,111,2,2,28.097245144802145,53,41,28,0.0003409773538403122,Cluster_3
182,wgilbert,1,0.8629596233130185,0,7,21,5,46.27998471976869,41,43,62,0.00018585242893019762,Cluster_3
183,garciatraci,15,0.4805599408362681,276,14,65,25,23.170400709265824,34,10,0,0.0009832457887401088,Cluster_1
184,hjohnson,5,0.06875390642248747,247,62,8,26,53.8732835086751,50,0,0,0.0003940101777148463,Cluster_2
185,ggreen,21,0.549717255163311,456,61,5,42,0.0,0,0,0,0.0006231132366866982,Cluster_2
186,pittssharon,15,0.4171642789757021,418,82,195,46,7.5152399482268395,61,1,1,0.0029022938699418245,Cluster_3
187,klevy,6,0.8777494048626249,189,240,2,15,50.54709493504727,60,11,7,0.0003884127699140888,Cluster_1
188,andersonvictoria,2,0.20399460360938737,52,2,0,13,0.7560886681221126,15,0,0,0.0001931766043766535,Cluster_1
189,kvaughn,0,0.8264646094921829,15,5,3,0,inf,0,0,0,0.0,Cluster_2
190,wrightsharon,3,0.5576886911854527,58,50,1,0,0.0,0,32,5,0.000435690459929219,Cluster_2
191,kingoscar,26,0.05461030321346905,433,8,35,48,4.584936964271299,0,20,0,0.004665605755023761,Cluster_1
192,kimberly79,10,0.9718453013254846,200,14472,11,17,1425.862803166754,106,0,0,0.0013393845682109725,Cluster_1
193,shepherdmelinda,1,0.5126152441031999,80,83,14,7,61.10273015266295,7,9,0,0.00010944124121007445,Cluster_3
194,lisahess,9,0.2908768542315825,150,28,113,13,10.982551334202965,64,9,0,0.0008890577079212148,Cluster_2
195,timothy25,13,0.4694068419892581,280,13,7,21,0.0,39,0,0,0.00017832243447755283,Cluster_3
196,johnnygomez,1,0.857857783517489,62,13,64,5,31.744125411633703,0,36,0,5.398158033876062e-05,Cluster_2
197,laurenwilliams,9,0.3049031243850635,134,34,193,19,0.0,151,8,23,0.0008247868485326585,Cluster_1
198,williamssarah,8,0.19267639648670032,137,40,10,18,0.0,0,0,0,0.000782844271273208,Cluster_3
199,arobinson,1,0.12907124693088146,0,14,60,1,22.47106792070942,121,0,0,7.008061656229866e-05,Cluster_3
200,melissabarnes,12,0.29785939839021125,198,20,13,25,0.0,0,19,2,0.001572027212587442,Cluster_3
201,colleenbrennan,17,0.7800480870400435,275,372,80,22,8.719798430042765,91,6,0,0.000914986911738626,Cluster_3
202,lhill,37,0.4716263651952617,694,400,1,67,0.0,0,16,41,0.0034699045506844414,Cluster_3
203,carlosbrown,35,0.22748160369353998,770,52,1,78,0.0,0,49,0,0.002209637443572873,Cluster_1
204,dmurphy,0,0.1661849996097492,0,2,11,0,inf,0,0,0,0.0,Cluster_2
205,james64,1,0.3327294765103791,26,87,5,1,59.46422350085686,0,0,2,0.00014528496214903105,Cluster_1
206,wendy62,15,0.9399243728857088,274,543,9,21,62.11015164234918,34,30,5,0.0004915472919967382,Cluster_2
207,gregorylopez,15,0.3430267125900244,358,389,14,25,40.68906845913167,22,79,56,0.0005694752419285518,Cluster_1
208,lauren62,15,0.9881240759546354,365,124,59,40,39.60624361406652,0,33,37,0.0013603367416103176,Cluster_2
209,barbara41,2390,0.4852304557653562,47843,428,10,4785,62.91280046435341,4,1250,722,0.15134118036439784,Cluster_3
210,vasquezalison,17,0.17916391829015088,355,36,5,40,30.746707474580635,42,0,15,0.0007564451365844877,Cluster_1
211,meredith28,40,0.8911400917935094,788,102,11,76,21.063338958157228,0,0,0,0.0038782921801681926,Cluster_3
212,jlindsey,30,0.4603553731348269,540,9,6,50,0.0,0,28,18,0.006173919359082913,Cluster_2
213,tonya52,19,0.7096713435045244,477,56,4,47,0.0,0,38,0,0.0007561894834783175,Cluster_2
214,lewislisa,4,0.9837115832091518,42,362,1,8,97.70380368730443,1,0,3,0.0001825978652322949,Cluster_3
215,juan79,23,0.050175350319974,493,11,22,48,0.0,8,5,2,0.0018581582032530803,Cluster_3
216,zford,2,0.09669455978756714,92,7,8,13,15.808785025824385,48,0,0,0.0002955792654013511,Cluster_2
217,miranda26,5,0.7204567414627562,72,39,85,2,0.0,66,0,0,0.0005613068793358994,Cluster_3
218,xsmith,3,0.281825003295472,111,22,2,10,30.378001044625645,35,0,18,0.00023529139447294522,Cluster_1
219,suttonfrank,8,0.18430139695009906,198,106,8,19,6.815993761328029,0,29,6,0.0008121159838429573,Cluster_1
220,yhendrix,237,0.039361879819729495,4826,14,304,488,2.5910106393615857,159,132,104,0.05156467674099915,Cluster_3
221,philip93,0,0.021846711986201806,0,730,4,1,inf,0,23,0,0.0,Cluster_2
222,floresnorma,20,0.7744856031197909,335,3,14,42,0.0,80,20,44,0.0034125233406202167,Cluster_2
223,timothy09,0,0.13443342736955,0,316,3,0,inf,10,0,0,0.0,Cluster_3
224,stewartpamela,3,0.4677206159711509,70,8,2,7,29.38069456576095,0,14,45,9.009743494783659e-05,Cluster_1
225,urose,37,0.605896815179483,742,1,204,75,0.0,144,0,4,0.00794187270429963,Cluster_2
226,jacksonaustin,8,0.42835180056884625,140,50,25,17,19.488591294680155,40,0,9,0.0008018539590117927,Cluster_2
227,iwilson,1,0.027106652336233106,0,20,24,0,12.182171595791921,0,0,0,6.253150015985995e-05,Cluster_3
228,justin52,2,0.7835015025879088,63,4,1,14,7.7697968853249275,0,0,18,9.7852254615874e-05,Cluster_1
229,debra21,20,0.010513224541653488,498,1,34,49,15.232783978402196,0,12,26,0.0008873648560210418,Cluster_3
230,laurenhorton,2,0.761889894377484,63,32,113,0,27.10169849147747,117,0,0,0.0004020406616285668,Cluster_1
231,qhanson,10,0.8933044937881227,230,191,112,22,45.91939226818691,66,0,0,0.0015149446681873156,Cluster_1
232,eguerrero,7,0.4328399210571723,168,94,54,15,23.806184942678136,63,37,0,0.0010784244717716239,Cluster_2
233,xthomas,2,0.5355424730977982,59,36,3,19,18.561692340771906,0,0,0,0.0002574979323487162,Cluster_3
234,lhines,184,0.47698339261765377,3726,78,32,377,0.0,32,76,56,0.0329656834585793,Cluster_1
235,llittle,19,0.3892086186234388,399,31,54,40,0.0,92,0,0,0.003934780614930149,Cluster_1
236,peterwallace,0,0.8874245353703603,0,2,1,0,inf,0,0,0,0.0,Cluster_3
237,michaelwilliams,9,0.8939335106699905,140,2,3,18,0.0,7,0,0,0.0007157842067609733,Cluster_1
238,donaldfleming,2,0.3358163646415345,27,22,76,7,33.11614606825593,0,0,36,0.0004449606840087282,Cluster_2
239,richardbaker,26,0.615069754014698,535,24,74,38,0.0,0,34,21,0.0012269240787048123,Cluster_2
240,jamesboyd,2,0.9269075621458641,24,153,1,5,60.1278819118422,0,1,5,0.00033139228828373907,Cluster_2
241,weavererica,6,0.9620584989413515,135,129,66,13,0.0,0,49,13,0.001010885460759391,Cluster_2
242,llee,15,0.5089590404220475,321,98,23,25,20.020689046301072,77,14,7,0.001945855868847439,Cluster_2
243,kaitlynross,27,0.4528248052843268,581,19,64,62,0.41087662763734045,0,0,0,0.0021816225881604386,Cluster_3
244,cookkevin,1,0.2786943159285258,84,2,7,19,33.7753044645964,42,0,8,0.00021851391802189823,Cluster_1
245,lucasfuller,4,0.95887187319041,83,69,52,11,0.0,35,26,0,0.00043157768446121274,Cluster_3
246,nathanschroeder,3,0.14281430447286736,0,85,71,5,16.770060872096074,37,0,18,9.372798863187803e-05,Cluster_1
247,elizabethtorres,2,0.579829576047725,22,0,11,11,0.0,79,0,0,0.00022931237134772993,Cluster_2
248,browndebbie,104,0.2825502675186389,2082,7,20,204,0.0,0,102,84,0.019544844047543752,Cluster_3
249,jennifer54,13,0.2790082903477966,168,9,7,7,0.8146809751437518,0,24,62,0.0015949180460510545,Cluster_1
250,yhoward,1,0.40496858737618846,89,40,239,12,46.390015328310376,65,12,7,9.799644792081372e-05,Cluster_1
251,meyerjoshua,29,0.9987929358156545,587,7,16,57,9.931064092939629,0,42,57,0.0033066617720312794,Cluster_3
252,matthewruiz,178,0.054966306839822066,3579,30,5,351,30.29188194353192,0,116,88,0.010867740064746195,Cluster_1
253,timothy60,34,0.5785418182035315,748,22,6,74,0.0,3,64,2,0.0019579205994773134,Cluster_2
254,coxkenneth,0,0.08257215803527718,0,24,24,3,inf,0,0,2,0.0,Cluster_3
255,donald20,3,0.15452082999051897,88,9,62,8,0.0,75,0,12,0.00018219226334470907,Cluster_3
256,dkirk,49,0.4395629417728987,974,10,2,93,8.804349233124753,0,0,14,0.010943537082796516,Cluster_1
257,cdavis,2,0.5104601313464413,30,4,321,1,10.626643727060939,144,0,4,0.00019604295300022136,Cluster_1
258,pmckay,14,0.258792408364524,241,65,31,24,0.0,0,3,5,0.0014102544015155165,Cluster_1
259,shelly86,23,0.3164571308744162,543,92,40,44,0.0,15,0,0,0.0031082729038770804,Cluster_3
260,icollins,1,0.08696702025593306,1,8,17,0,18.2328612693915,0,0,3,4.234662968190191e-05,Cluster_3
261,pduarte,6,0.3032197838442505,154,511,20,8,85.63475688154928,0,46,0,0.0007176040107801272,Cluster_3
262,catherinewarner,0,0.9665584393805441,0,18,16,3,inf,57,7,0,0.0,Cluster_2
263,kennethcontreras,1,0.9447073816724817,78,520,92,0,533.1597365954995,14,21,0,1.9521964040330988e-05,Cluster_1
264,katie67,5,0.334878290136985,152,10,19,20,16.634369517242632,0,0,0,0.0011028797104334943,Cluster_3
265,bryantlaura,1,0.5708539362787616,24,0,63,0,0.0,52,0,0,0.0002054209793791299,Cluster_3
266,priceallison,85,0.9095953911109443,1688,68,10,166,0.0,20,38,6,0.010632894142832453,Cluster_2
267,josephjones,0,0.0061838226408966745,20,51,26,3,inf,0,31,0,0.0,Cluster_3
268,cgordon,3,0.8106835703375919,174,35,6,13,12.335749070696368,40,0,6,0.0004154082259846847,Cluster_2
269,jamesbruce,8,0.948369552788919,71,10,124,8,0.0,88,26,7,0.0001687203991441978,Cluster_1
270,moodyrick,64,0.09132573433355706,1319,31,5,128,2.4729441645806816,11,0,0,0.013564884847821854,Cluster_3
271,justin25,0,0.16144768603292103,0,13,12,0,inf,0,0,0,0.0,Cluster_1
272,carrmichael,42,0.9607463027713554,839,19,12,85,0.0,0,37,14,0.004775810504907071,Cluster_2
273,debbiedavis,7,0.5375401436403463,127,150,11,7,10.704485817768154,0,0,28,0.00021341060718038134,Cluster_3
274,katherine43,1,0.014196634471723701,0,46,59,0,85.9568954725429,0,74,73,1.5432387800342705e-05,Cluster_1
275,kgallagher,14,0.25763199876352916,279,99,12,29,37.265464955181486,4,0,9,0.0009229203223283764,Cluster_1
276,icooper,9,0.4499436742688596,123,21,162,12,0.0,125,0,0,0.0018067421054274752,Cluster_1
277,tammyrichards,3,0.6929089110247677,111,17,5,11,8.44693028784617,46,7,18,0.0005619052737028298,Cluster_2
278,msmith,8,0.7331603781367996,70,4,25,8,7.073564846961652,0,0,0,0.0006323542381277438,Cluster_1
279,teresa50,4,0.9954215129254561,106,17,6,10,8.323208454523563,56,0,0,0.0002414887220528982,Cluster_2
280,vanessaromero,8,0.287511199383759,143,0,37,17,36.29346895425576,113,0,0,0.0007744330618818283,Cluster_3
281,derek19,19,0.5382201018684752,321,11,19,32,2.32354521680946,0,32,41,0.00276938162713812,Cluster_1
282,scottmorrow,79,0.533323547859605,1590,28,15,148,5.099127892367173,42,30,37,0.0019361583244120678,Cluster_2
283,qyoung,1,0.4056452594472375,0,91,119,0,104.77324590292832,0,51,29,0.0001948252526651715,Cluster_1
284,dylan10,181,0.1691618938424202,3621,20,7,371,23.908891558522406,0,77,89,0.014578079647565743,Cluster_2
285,kimberlyconway,0,0.9774565631838426,0,61,48,0,inf,28,21,22,0.0,Cluster_3
286,natalie37,5,0.8533171866665861,123,0,6,17,10.761695726232785,0,17,19,0.0004959717971647301,Cluster_3
287,john57,17,0.4983330282942372,293,29,23,27,0.0,113,0,6,0.003275164725523392,Cluster_1
288,yfuller,11,0.6032454226840298,197,1,3,19,0.0,31,0,0,0.0016863618825084723,Cluster_2
289,xwright,2,0.2272610535596623,54,3,7,3,17.888424144105414,51,0,0,0.0003151714420877137,Cluster_1
290,jamessanchez,5,0.5437870703917469,61,23,17,18,9.60797394558611,7,19,10,0.0002826038421139657,Cluster_1
291,xcollier,3,0.6949701331214758,57,329,305,6,126.1892393431257,102,37,21,3.3698299024349296e-05,Cluster_3
292,megangross,3,0.5151670283865888,0,64,23,0,59.07665456675829,0,0,14,0.00032210899780869525,Cluster_2
293,alexander97,26,0.9902851705849413,551,34,240,46,0.0,132,1,0,0.001409686765960252,Cluster_1
294,bbeck,12,0.6113416562477262,328,31,27,42,25.341536829425007,0,0,1,0.0010257915682305601,Cluster_3
295,anne72,2,0.37097371259216905,179,9,11,17,0.0,39,17,12,0.00014879971976079239,Cluster_2
296,danielhatfield,28,0.7721520276158381,564,12,202,60,19.13556781406607,136,4,5,0.0011675460593244748,Cluster_2
297,robert23,11,0.17046251158164205,259,71,38,30,5.630130587183104,19,45,27,0.0013218257568104277,Cluster_1
298,steven34,25,0.38451581370626653,410,2,7,38,42.62009077785991,0,0,0,0.0037428913030046226,Cluster_1
299,amanda14,19,0.34695895037758584,455,96,40,48,7.654370304182129,105,0,0,0.0023320286457812617,Cluster_3
300,huberjennifer,2,0.43180709510777726,78,16,12,4,0.0,0,0,0,0.0004125692860484838,Cluster_3
301,nballard,3,0.7817798259287263,35,146,1,0,57.06415912250202,135,0,0,0.00047146623643364824,Cluster_2
302,mccarthyanthony,22,0.48417303216340746,501,186,81,55,14.933401068910854,73,26,0,0.0016772885561115493,Cluster_3
303,michaelnelson,18,0.7940144502659627,347,1,103,33,22.817497437764512,41,0,0,0.0008415380402971777,Cluster_2
304,deannagreen,7,0.5764889031398659,117,11,316,14,10.532484543527081,180,16,36,0.0010998409301730206,Cluster_1
305,stephaniehughes,8,0.34206943465755535,183,7,37,20,50.37629278338606,0,0,18,0.0007368619686119124,Cluster_1
306,tonyamooney,50,0.8099787436834724,946,1,13,97,0.0,57,16,21,0.0060183949135724,Cluster_1
307,vancechristopher,3,0.23828967055309158,111,5,70,3,0.0,163,0,24,0.0004219100676185362,Cluster_3
308,gabriela36,16,0.2243829797997955,267,2681,71,23,155.4847789989389,0,0,0,0.0024792062313248485,Cluster_3
309,ballnatalie,5,0.5045029240548358,47,99,234,3,21.51336676708354,102,40,12,0.0002729054286621657,Cluster_3
310,walkertheodore,5,0.2608492459620889,54,1044,18,1,213.4211824216591,3,0,15,0.000686856720337282,Cluster_3
311,dcruz,38,0.009087034951216322,797,147,15,81,9.492631651749132,51,8,0,0.0060077990906675085,Cluster_1
312,teresa23,25,0.6482975272988015,469,8,6,52,1.663753509879984,108,43,15,0.001453010286804212,Cluster_1
313,philipjordan,25,0.511093821472398,432,16,44,49,0.0,41,35,67,0.0023805962224912034,Cluster_1
314,snydercarmen,52,0.4455178144931612,1009,95,1,99,0.0,107,75,47,0.004300053875666348,Cluster_3
315,kwalker,7,0.9669685146183153,138,72,64,15,2.7822397890031603,40,17,54,0.0013300800859516527,Cluster_3
316,tylermurphy,20,0.5711991839629137,340,11,48,36,23.38075320470227,46,0,0,0.004686133991412768,Cluster_2
317,murraydavid,4,0.8634315777893845,22,2,48,5,27.635993709829584,40,63,22,5.227090853630853e-05,Cluster_2
318,lunderwood,12,0.13945023620516017,345,12307,24,30,1024.0440426045245,73,23,24,0.0004150734040812721,Cluster_1
319,raymond27,6,0.5692064631294277,76,25,200,16,0.0,78,0,2,0.000629098164523264,Cluster_3
320,amy36,8,0.8679796267309029,143,18,74,18,0.6265277936641778,77,5,0,0.0007483740853028882,Cluster_3
321,carterchristopher,18,0.583105757279898,341,40,8,38,44.05553092762381,0,14,2,0.0029384977309277857,Cluster_3
322,whitejennifer,2,0.7180141781270015,18,21,8,7,30.47935670633241,0,0,61,0.0005327373659357708,Cluster_3
323,uarias,170,0.3720435678122074,3431,41,5,345,11.256030301239184,0,43,31,0.04368346939010221,Cluster_3
324,wmora,1,0.09244951703706661,67,335,45,1,354.2536983410514,26,49,44,5.7421213209979394e-05,Cluster_1
325,melissajohnson,1,0.4579002951270714,4,26,4,0,56.81133222682625,0,0,0,0.00012167810093017857,Cluster_3
326,jonathansmith,41,0.3944793908388575,758,4,102,67,0.0,107,26,21,0.005875345181054717,Cluster_1
327,robertsveronica,24,0.8670601823789473,543,24,146,56,0.0,29,74,44,0.004020984998179474,Cluster_3
328,oliverrebecca,18,0.24399530235247224,355,14,5,34,0.0,0,0,27,0.001010840149408415,Cluster_3
329,stephanieroberts,18,0.9667342275351081,446,429,15,44,35.575621274753,0,28,43,0.002192281639610596,Cluster_3
330,ecastaneda,7,0.9581381198044961,27,272,20,8,42.0593606699348,59,0,10,0.00024454780055486173,Cluster_3
331,jeffery57,1,0.2476316430714387,29,40,75,0,55.12622581378816,0,10,7,0.00016206401941975488,Cluster_1
332,devans,8,0.3480519554773205,255,3,224,24,0.0,131,10,0,0.0008586064603488191,Cluster_3
333,lhorton,2,0.895555740873885,22,3,1,2,28.939041013583125,0,24,0,0.00026648731736668673,Cluster_1
334,stephaniesalazar,31,0.9666222208961075,608,34,12,51,0.0,47,51,32,0.0028799563736391465,Cluster_3
335,victoriakelly,5,0.44343910283604404,114,60,13,10,25.89091103916366,0,0,21,0.00029973651894309,Cluster_3
336,williamlee,2,0.3209970456408978,12,16,2,0,31.908129978458796,139,43,59,0.00020663906204089014,Cluster_1
337,icooper,4,0.526094013251542,64,13,9,3,25.55248630989937,99,46,5,0.0004375185986943575,Cluster_3
338,llong,13,0.6877692063657348,243,11,38,28,8.062722014189777,3,0,0,0.0018359339797150407,Cluster_2
339,natalie89,3,0.2734745153749798,28,31,13,5,26.720271460984236,0,1,23,0.00034920774913703114,Cluster_1
340,debbie71,2,0.7364731746190728,101,0,1,7,34.83321327944574,157,0,0,8.808900622691691e-05,Cluster_3
341,adamnicholson,10,0.051657357114641034,223,4,1496,22,10.672024679493918,694,0,0,0.00023129404586686908,Cluster_1
342,ytaylor,10,0.04929449276441644,212,10,29,15,0.0,11,0,0,0.0018446592799720239,Cluster_1
343,velazquezronald,3,0.3862877051455452,100,291,23,9,108.6610146192777,12,24,1,0.0004348783154860573,Cluster_1
344,melinda95,3,0.3534731920607206,46,7,3,19,1.587708972941526,1,0,33,0.00016759408692251844,Cluster_1
345,mcknightmicheal,10,0.3156332153671523,161,45,29,25,0.0,0,0,21,0.0009153460114552771,Cluster_3
346,samantha24,0,0.49101976266891,0,49,15,0,inf,32,0,0,0.0,Cluster_3
347,lynchpaula,0,0.32073358231157123,0,342,1,0,inf,0,38,57,0.0,Cluster_1
348,phillip08,2,0.19225791846809193,0,321,4,0,183.62835542994878,73,0,3,0.00022076831878249794,Cluster_2
349,hchen,5,0.3094695490886009,74,29,66,3,0.0,0,15,35,0.0009146835134448342,Cluster_2
350,wallacedavid,11,0.974904272810235,194,14,370,21,0.0,187,3,34,0.0006503570478361894,Cluster_3
351,andre00,67,0.4111134169948486,1446,10,34,141,3.5228709195534726,0,61,30,0.0014112631036562505,Cluster_2
352,clarkmegan,26,0.44471277685833577,381,21,105,42,8.411240059801234,0,24,28,0.003516736775250634,Cluster_3
353,gordonjamie,5,0.57654498995114,91,15,15,16,4.876658907711378,0,27,6,0.00029895199031967717,Cluster_1
354,swalker,7,0.9833407684142266,226,89,17,24,13.128459387993782,0,0,23,0.0002684682024512846,Cluster_3
355,michael75,1,0.241601276435763,26,70,103,3,48.625460915873475,124,0,2,0.00010701559549492757,Cluster_1
356,valerie22,7,0.6812821105324338,177,96,243,9,10.935942974787249,119,14,32,0.00042430957192223184,Cluster_3
357,cartermelissa,4,0.7159846935417241,84,319,141,12,72.7818834099117,135,0,38,0.00034556169661950116,Cluster_1
358,monique76,11,0.6073244167930659,186,946,4,12,107.45417481534881,0,6,17,0.0027372590205023075,Cluster_1
359,corey68,2,0.08857833963664408,0,41,18,0,28.086507280612285,39,10,3,0.00035587191509309793,Cluster_2
360,jwilliams,16,0.6768722758275765,330,239,30,37,9.377557565096101,0,45,25,0.001616581643553657,Cluster_3
361,nlewis,73,0.06409471103617548,1421,17,13,147,34.710574240784084,0,60,0,0.02083432889618499,Cluster_1
362,abrown,6,0.5961426495498969,79,279,35,5,41.12184647569981,0,0,0,0.0003122903906564914,Cluster_2
363,mayanthony,13,0.7395811772217427,235,223,68,21,28.309580631569418,50,0,23,0.00075646918528345,Cluster_2
364,christyortiz,20,0.21096989061995042,487,203,90,45,6.8115733282143545,58,61,60,0.0023318482901480337,Cluster_2
365,lanetimothy,4,0.841622007542774,200,39,251,14,42.37305030056008,164,0,0,0.00016477244791017272,Cluster_2
366,vcline,10,0.030353805533004263,210,9,12,17,2.6371955162722203,16,0,4,0.001647029580781299,Cluster_1
367,karenkemp,7,0.8438128636583061,116,2,2,3,2.613998843527759,102,22,8,0.0007434110760694165,Cluster_3
368,cmorris,8,0.4603290506427651,101,30,34,13,0.9525928245457287,25,53,49,0.000295652852977927,Cluster_1
369,gonzalezbrenda,2,0.2175879399316445,63,522,338,8,264.9302385200243,218,0,55,0.00021916175527990868,Cluster_3
370,billy20,7,0.133778144993968,229,18,9,25,26.56218534438676,0,4,20,7.737235873418128e-05,Cluster_2
371,calvin73,15,0.9533071675823725,287,136,56,23,25.983543560360424,0,0,0,0.0004722356177918642,Cluster_3
372,shane24,65,0.07266558758115671,1181,151,57,112,2.884600545400343,64,36,19,0.008573747072980293,Cluster_3
373,jeremy07,31,0.19909341993592566,653,19,26,65,34.63940535493953,8,0,35,0.0026795304400294407,Cluster_3
374,bmorales,186,0.34782234743304596,3769,354,20,377,19.362938633302992,51,70,6,0.02563282928862414,Cluster_2
375,kevinreid,2,0.6202348489611205,0,0,5,0,0.0,20,23,0,0.0001542168834695535,Cluster_1
376,dixonjeffery,27,0.5448010852760984,548,3,0,53,0.0,0,0,17,0.003743836448898198,Cluster_2
377,xduke,9,0.12564349241231398,202,6,3,28,0.0,55,32,51,0.0017022659202938397,Cluster_1
378,wthompson,197,0.2897279837382146,3936,7,11,395,8.302508565928916,0,93,71,0.035438977895090935,Cluster_1
379,mharris,2,0.23875177108602408,0,60,104,9,41.94400741262854,83,0,0,0.00016148804319135736,Cluster_3
380,thomasbrooks,2,0.21354285449034138,90,55,17,15,54.682753666040384,72,36,35,0.00011781294527398978,Cluster_3
381,crivera,3,0.41114433647998705,39,67,9,12,0.4424138309533312,0,0,10,8.895323292717107e-05,Cluster_1
382,tyler63,0,0.7040314525916569,0,96,5,0,inf,60,0,8,0.0,Cluster_1
383,christopher88,3,0.21745293221723594,0,5,53,2,0.0,46,0,0,0.00027435909241786715,Cluster_2
384,cortezkelli,2,0.3666788797029814,103,3,154,8,0.0,119,31,19,0.00025914378341987426,Cluster_2
385,robertbrooks,9,0.39091742684116226,210,67,99,12,0.0,7,0,0,0.0001730301778373197,Cluster_1
386,adrianaburke,12,0.9764565294354102,244,10,49,31,8.165578219213755,35,0,62,0.0015484890696881586,Cluster_1
387,ericarosales,123,0.9546663568790689,2437,1,2,242,15.436018779107135,0,66,43,0.009422671080267753,Cluster_2
388,lsmith,30,0.8001375827520759,573,190,11,52,0.0,91,8,18,0.0007137041821016382,Cluster_3
389,agross,3,0.24165892081918516,6,407,372,0,119.48114827892186,85,0,0,0.0002771684389099231,Cluster_3
390,shelia06,1,0.06803731409166969,0,546,108,0,510.4035364935313,36,6,24,0.00011105614001959449,Cluster_3
391,rebeccapatterson,15,0.31690413772062476,193,46,2,15,7.3537108322065805,0,0,0,0.00198572649241458,Cluster_2
392,cannonjames,1,0.26679454943383085,0,102,18,0,87.35722196058524,42,0,0,8.762491867109272e-05,Cluster_1
393,trivera,115,0.5059258001463939,2284,389,34,237,36.64323625988912,113,121,71,0.024419867728613005,Cluster_2
394,colemangregory,43,0.7777279100677931,890,10,6,85,8.428734132526778,35,24,65,0.002597469402055,Cluster_1
395,xraymond,3,0.858322938878858,58,244,0,14,77.90441846419783,148,6,33,0.00046598892889327987,Cluster_1
396,kathy43,0,0.8448640854105085,39,54,23,8,inf,0,0,0,0.0,Cluster_2
397,dpierce,56,0.35967556122306776,1187,171,6,120,0.0,0,54,45,0.011551138917878444,Cluster_2
398,stephensmith,6,0.6872343434606829,172,46,6,20,0.0,0,0,0,0.000344174374672895,Cluster_2
399,dwade,47,0.31283419752422004,963,341,11,96,0.0,11,0,10,0.005390082088219484,Cluster_2
400,dennisrussell,0,0.06090554323518271,0,49,16,6,inf,0,0,12,0.0,Cluster_2
401,ibarnes,3,0.7015652656029423,10,2,19,3,0.0,0,0,23,0.00037413698447741735,Cluster_1
402,maldonadojames,7,0.009827552569787845,176,451,5,9,71.97046597741831,33,0,0,0.0007644662401641936,Cluster_2
403,ryan50,7,0.40918258745848857,223,6,14,23,11.142454705440041,0,0,0,0.0005074424387334136,Cluster_3
404,josephphillip,3,0.32937926930207573,77,315,1,11,95.82735205396544,0,0,0,0.0003050791842705161,Cluster_3
405,jessicagrant,18,0.6933775385188524,455,28,32,44,40.2586009208619,0,0,0,0.0044045369774168945,Cluster_1
406,moorejacob,1,0.7662454727603789,0,275,0,0,240.06541266967815,0,0,0,2.7977474293773865e-05,Cluster_1
407,jenniferharris,5,0.30409463597128383,42,255,13,1,52.16327797944526,57,0,6,0.0004206294778911559,Cluster_2
408,hannahthompson,8,0.8116270144448535,202,71,79,13,4.503395918241495,0,0,0,0.000630224771584281,Cluster_2
409,mitchell31,15,0.29391676050493376,313,82,4,23,0.0,0,10,62,0.0023340422641404093,Cluster_2
410,kenneth14,21,0.4463263599865612,485,70,58,40,0.0,58,13,0,0.00561679229378299,Cluster_3
411,robert04,1,0.7270185270141339,19,0,113,5,0.0,96,26,8,0.00018941840441703454,Cluster_3
412,dustin90,0,0.6929202292247886,0,40,0,0,inf,71,0,7,0.0,Cluster_3
413,stevensedward,50,0.9873684723122,989,4,16,95,0.0,31,0,0,0.0014522735709318376,Cluster_1
414,vargasangela,12,0.22516102421593187,163,45,0,12,0.0,6,0,12,0.0005229188786308477,Cluster_1
415,millerrobert,2,0.6623179135395824,0,4,16,0,0.0,36,0,8,0.00040752372367295237,Cluster_1
416,jhobbs,75,0.6096819082757774,1548,3,19,145,0.0,0,50,21,0.002414562818267555,Cluster_1
417,millerdavid,8,0.9150984544900299,203,595,0,22,66.33307791006939,0,47,35,0.0002318250270493722,Cluster_2
418,bpeterson,43,0.15636214164487505,878,227,360,81,1.3383325619053066,91,23,24,0.0013063647694262237,Cluster_3
419,wayneramos,8,0.751798163586933,73,32,30,12,1.8275640422098252,59,0,35,0.0007801813871584286,Cluster_1
420,zpadilla,162,0.5682686162687683,3222,46,5,319,0.0,13,54,94,0.02142308341903467,Cluster_2
421,victoriahernandez,102,0.2746658697879054,1978,21,180,197,0.0,128,25,0,0.003749819346998347,Cluster_2
422,valerie80,5,0.4744349141471741,158,92,1,15,1.329433837930111,0,0,0,0.0005658524904999589,Cluster_1
423,howellbrett,31,0.3337765970697978,590,9,3,60,30.769238763910828,0,49,31,0.004199359024552369,Cluster_3
424,nicole59,19,0.5793134027884609,325,198,0,32,0.0,0,45,0,0.0012164394057221574,Cluster_2
425,freemanbetty,57,0.8890006108146659,1141,20,299,111,0.0,224,23,30,0.0032822897762899796,Cluster_1
426,pricesavannah,1,0.569304984412202,0,15,33,1,0.5242242177223879,47,5,5,0.00017284141327689303,Cluster_2
427,justin67,20,0.631722418326584,474,34,54,49,0.0,38,0,9,0.0043505170284055305,Cluster_1
428,gordon38,36,0.5187478471147094,683,11,31,64,0.7983868883144886,0,0,0,0.002031051054245696,Cluster_3
429,josephdunlap,0,0.051165506445475906,0,59,47,2,inf,43,53,38,0.0,Cluster_3
430,tyronehunter,1,0.23285855687609425,0,12,22,5,2.8107921924957964,0,0,11,7.426895656550171e-05,Cluster_1
431,michellewest,0,0.49200172943208276,0,76,30,3,inf,10,0,5,0.0,Cluster_2
432,otownsend,4,0.31023528374470477,51,295,23,9,59.35372898013459,0,55,0,0.00018025689549293832,Cluster_1
433,zandrews,21,0.18176359776119422,348,9,8,35,8.463084183094638,117,10,10,0.002191494477113237,Cluster_3
434,edwardmclaughlin,70,0.5041328419184383,1459,26,18,141,41.47528342324285,82,1,46,0.0027626977144727936,Cluster_2
435,olamb,8,0.3228097934478503,193,75,30,15,0.0,68,24,20,0.0008759636277345991,Cluster_1
436,rogersashley,85,0.2581076431734147,1698,15,23,171,8.055735062927388,0,65,42,0.011808920614361455,Cluster_1
437,christopher24,0,0.4639854174403808,68,76,2,11,inf,44,0,39,0.0,Cluster_3
438,jasmin06,0,0.13328425808217315,33,89,2,17,inf,10,0,0,0.0,Cluster_2
439,jessicabrandt,6,0.9277457330754073,78,232,101,12,52.602525876588096,111,29,39,0.0005419023874315043,Cluster_3
440,ellisontom,13,0.867702097919239,208,11,12,14,4.954407790527058,22,0,0,0.0012297403907127887,Cluster_3
441,hthompson,7,0.7076205857405353,180,6,48,14,0.06073133484086202,23,11,33,0.0007658616300073318,Cluster_3
442,usmith,0,0.10621382758845621,19,19,3,13,inf,13,42,45,0.0,Cluster_2
443,lawrencejensen,6,0.775877254469693,128,5,2,11,0.0,0,0,0,0.0006210862459036559,Cluster_3
444,banderson,1,0.807957328109019,0,91,5,0,89.06308678096431,0,0,0,4.6766455447009404e-05,Cluster_3
445,christophercaldwell,20,0.7677646177143377,430,4,14,38,0.0,25,17,34,0.002527584162971472,Cluster_2
446,gordonmichelle,12,0.11396588711924116,202,2207,7,28,172.0395468643173,60,0,0,0.0016791521247594983,Cluster_3
447,brentkane,1,0.6439079570677647,14,341,139,3,363.1370724894514,41,0,0,0.00024365184244503374,Cluster_2
448,angelica01,3,0.8343247957493986,132,33,26,9,12.970244421593824,10,32,34,3.681582343119216e-05,Cluster_3
449,kathygarner,1,0.5773534012196677,0,157,321,0,174.853288378711,80,0,0,6.121544888324187e-05,Cluster_2
450,rbailey,6,0.646407375228089,41,1,36,5,29.55954439983515,90,0,3,0.0006922413175246354,Cluster_3
451,fgarner,30,0.4583634794263062,547,3109,0,54,100.092744215037,55,48,0,0.003990543567621563,Cluster_3
452,owoodard,1,0.5287073198840526,69,11,97,11,15.14651668387283,81,13,0,6.831256607132776e-05,Cluster_2
453,beckyrodriguez,15,0.034376858351725215,312,26,2,33,0.0,21,5,19,0.0018381624176699116,Cluster_1
454,bramirez,3,0.6389630219732846,53,1,28,3,0.0,91,0,0,0.00019197503970468267,Cluster_1
455,amber65,2,0.08144721289115919,14,79,6,0,20.440634813351906,0,31,0,0.00010116154172402029,Cluster_2
456,katietrujillo,6,0.4350145943402234,144,4,499,13,17.529674118596493,203,11,33,0.000336010868363233,Cluster_3
457,timothy30,1,0.2926550976674078,0,39,174,0,43.17254560971296,140,19,24,9.858909056021406e-05,Cluster_2
458,jacquelinesanchez,3,0.5454279502117131,75,12,6,6,40.93206144162106,52,0,0,0.00024762227952839367,Cluster_2
459,jenniferwheeler,1,0.13341633552320709,0,4,16,0,23.44104025847782,0,0,3,0.00011637705430821456,Cluster_1
460,coffeyruben,140,0.6916434019733182,2755,7,28,271,0.0,0,88,26,0.028326987018331473,Cluster_1
461,meganacevedo,7,0.7950115369284704,108,49,73,13,23.806843604535423,120,36,17,0.0017814065185576282,Cluster_1
462,christy50,2,0.1633544497431565,21,3,20,0,0.0,30,0,4,0.00021012180510474875,Cluster_1
463,christopher32,10,0.10431308735188216,197,8,4,15,25.13719418258003,41,31,0,0.00026529178440918785,Cluster_1
464,hughesmelissa,6,0.14551548278735915,131,109,6,11,8.439989121806263,0,0,18,0.0015067274104232954,Cluster_2
465,reedjoseph,5,0.8771275618985017,0,3584,19,1,695.7514807951466,42,0,22,0.00013972451952402407,Cluster_1
466,schroedermonica,18,0.5281892617563562,319,78,127,32,0.0,0,61,43,0.00369141591728302,Cluster_1
467,joshua60,23,0.4672609960075026,440,6,38,46,0.0,0,2,11,0.006277769931973069,Cluster_3
468,janet00,3,0.10671181910235428,135,17,6,17,0.0,39,0,0,0.00012354290698716046,Cluster_3
469,simmonsnancy,3,0.6495560067569618,5,35,53,7,0.21450115456453211,98,0,34,0.0006366220899154614,Cluster_1
470,vmyers,4,0.8679995918950899,88,17,11,10,21.383837406504753,0,22,10,0.0005486472523741895,Cluster_2
471,maria11,0,0.828185869323453,74,168,76,2,inf,10,0,0,0.0,Cluster_2
472,kimberly38,0,0.6260547089808013,0,48,889,0,inf,530,4,6,0.0,Cluster_2
473,thompsonmichelle,57,0.07527871665167363,1159,169,11,110,28.23517313736474,0,19,30,0.005298411794084718,Cluster_1
474,bbrown,87,0.11239702717601296,1699,18,66,178,0.0,29,30,30,0.024415156624973792,Cluster_2
475,eatonandrew,5,0.049308987109824676,74,359,6,17,78.75765062404467,87,0,0,0.0008439651810419553,Cluster_3
476,richard22,17,0.2574792164924693,299,24,16,33,0.0,0,7,23,0.0007757037503473526,Cluster_2
477,calderonharold,11,0.13566146716037775,183,5,20,22,10.935245801442573,0,40,22,0.0014573731727524498,Cluster_3
478,jonesjustin,748,0.2600480402524339,15096,1667,15,1510,0.0,48,419,263,0.023393934273262026,Cluster_3
479,allisonmiller,39,0.3850580557189617,822,1,807,84,6.304342471844333,367,39,3,0.002587572002692122,Cluster_3
480,cjennings,6,0.9429827840711357,175,8,12,9,6.478454273920062,0,41,50,0.0006498026428551263,Cluster_2
481,stefanieburgess,1,0.6103760597816921,44,10,48,4,13.820152685909347,0,26,20,1.4478319197460167e-05,Cluster_1
482,andersoncarol,0,0.8349737856829623,0,3025,1,0,inf,9,14,38,0.0,Cluster_2
483,crawfordshelly,10,0.7103515007123322,219,856,38,23,96.59053348859287,22,48,0,0.001164074554973314,Cluster_3
484,riverajordan,2,0.11250313052663174,93,487,111,9,251.32163018833435,103,0,0,0.00031301051951460675,Cluster_3
485,knoxlisa,0,0.7359204063739488,0,18,9,9,inf,47,0,0,0.0,Cluster_3
486,potterdanielle,2,0.27509888155912443,88,2610,0,13,1318.4370061435038,27,0,36,0.00025667345550111953,Cluster_2
487,petermitchell,1,0.6391078469947064,55,64,18,6,62.0879170686899,28,0,49,0.00014913232426554983,Cluster_3
488,tkeller,92,0.3409619736429885,1932,192,20,191,12.66249969991437,6,66,17,0.014156102470562157,Cluster_2
489,kellymyers,27,0.9976722632646592,519,45,59,60,0.0,59,0,1,0.0012958023686539717,Cluster_2
490,jeffrey95,7,0.2635514794967778,85,30,410,8,8.619754107905099,149,18,14,0.0006052911336547396,Cluster_1
491,reevesrandy,68,0.27913047077426967,1341,21,11,135,11.803282350917005,0,16,27,0.0036379730449443578,Cluster_1
492,lindsey83,8,0.9306722555623983,231,22,5,23,0.0,60,0,22,0.0005220759032859126,Cluster_2
493,victoria37,2,0.02464440463632267,0,99,3,0,24.823268274916092,35,7,0,0.00013443959390717255,Cluster_1
494,johnstafford,72,0.6966889878731969,1336,64,27,133,6.410468999851981,7,86,53,0.004514277948137531,Cluster_2
495,washingtonelizabeth,16,0.7253263907358781,324,31,41,22,25.725327572258596,74,0,0,0.0014848702171157263,Cluster_3
496,enunez,1,0.8363785774103993,0,501,8,0,506.9830194591489,0,0,20,0.00021891291064572222,Cluster_2
497,hendrickswilliam,5,0.9744393106384753,100,0,64,11,6.362846293927454,0,0,0,0.0006162868655543121,Cluster_1
498,josephdavis,1,0.9756019191566524,67,82,40,14,81.15647787006719,0,0,0,0.00014484968780770885,Cluster_2
499,florespaul,0,0.0652767575664639,0,120,21,1,inf,38,0,8,0.0,Cluster_1
500,dianemccullough,29,0.8218393227529025,486,261,5,44,5.281291677241254,0,21,3,0.0015886529526405204,Cluster_2
501,joseph10,129,0.6463099336573813,2682,29,9,260,0.0,0,77,77,0.015655420974334627,Cluster_1
502,stephanie42,0,0.6473421343730912,0,48,0,3,inf,14,20,0,0.0,Cluster_2
503,trankevin,17,0.1283499266146948,287,195,28,25,0.8598218694404753,0,0,55,0.002598891404286776,Cluster_2
504,arnoldkenneth,2,0.6501871664456533,95,484,20,12,259.789418929035,0,16,30,0.0003236658187938048,Cluster_1
505,jhardy,3,0.9824825806012478,40,19,26,5,28.45204257248751,0,4,34,0.0002703126859398663,Cluster_2
506,jessica10,3,0.911818569539447,56,53,42,7,29.003005307907884,51,0,0,0.00047560147057249213,Cluster_1
507,claire22,2,0.4391306608048505,64,679,35,6,314.51528960854733,0,0,44,0.0003444463062399124,Cluster_2
508,tmueller,7,0.03994797328609434,194,0,17,21,0.5430981844499518,0,8,0,0.0005137110287171346,Cluster_1
509,sheila07,2,0.36229349000020483,23,9,21,1,0.4600000588276538,0,6,0,0.0004284011470575185,Cluster_2
510,mguzman,11,0.8263903116005552,295,463,2,26,32.17092398420283,0,8,37,0.0006750448097121908,Cluster_1
511,glarson,6,0.701499101465166,13,236,8,0,42.18836508026189,0,15,21,0.0009806573306051958,Cluster_1
512,nancy65,5,0.4593436555939564,137,84,21,1,32.184126949950965,107,23,0,0.0008701811662089456,Cluster_3
513,jraymond,1,0.055101535158831094,0,14,6,0,4.82894679737603,0,0,28,9.141064910566155e-05,Cluster_2
514,catherineroberts,3,0.4268947278233026,128,6,72,20,0.0,13,0,8,0.0002857180287519778,Cluster_3
515,mrobinson,22,0.4690249397178835,447,11,7,48,0.0,8,26,5,0.0014452946923483253,Cluster_3
516,brian66,15,0.928555532894136,266,537,27,27,59.07742091088623,0,0,0,0.0010441625169743307,Cluster_1
517,desireesaunders,1,0.6410861035821595,53,10,23,1,4.857987643788269,22,29,28,0.00019134689230897045,Cluster_1
518,davidcooper,8,0.3116529166546489,204,39,61,25,0.0,0,6,0,0.00028695720312904826,Cluster_1
519,zmartin,22,0.5253182644507214,472,8,77,46,0.0,115,0,3,0.0039628078983817445,Cluster_2
520,wkeith,0,0.06605530782216007,0,150,56,7,inf,0,25,0,0.0,Cluster_3
521,freemanjason,16,0.9725682356497368,295,12,0,24,0.0,0,4,0,0.003870018814465406,Cluster_2
522,javila,2,0.360059901930726,39,27,120,0,26.874490105449567,0,0,12,6.224776034773259e-05,Cluster_2
523,regina50,17,0.4778673549131358,337,1,198,29,0.0,118,0,46,0.0006132061283289053,Cluster_3
524,mitchellmichael,2,0.3552839742369226,77,1,9,0,0.0,0,0,0,0.00014993012442781237,Cluster_2
525,igomez,0,0.6825117301162001,0,33,28,0,inf,51,22,49,0.0,Cluster_3
526,kevinrocha,0,0.662232158329593,16,3,5,2,inf,27,0,19,0.0,Cluster_3
527,watsoncourtney,7,0.7153223105291356,125,1464,1,8,222.11980795535015,0,0,5,0.0002722823594909591,Cluster_1
528,andrea63,10,0.26814322961192083,158,0,6,0,6.772503152732004,0,29,0,0.0004712788457273582,Cluster_1
529,mooreomar,1,0.315668481164066,0,7,8,5,0.0,0,14,0,0.0002329560947040704,Cluster_1
530,dana25,19,0.12525123109620795,369,34,11,28,0.0,99,2,16,0.00015023962185626823,Cluster_1
531,jyoung,0,0.6555099718461126,0,17,4,2,inf,36,0,0,0.0,Cluster_3
532,kristopher74,6,0.03979712733565255,84,4,6,8,0.0,97,0,0,6.890714928159388e-05,Cluster_2
533,yreynolds,1,0.5976823355234591,0,5,19,10,0.17730111224194012,51,0,0,5.665273744240624e-05,Cluster_1
534,slester,2,0.8696958848516338,66,5,6,11,32.838107066717626,0,23,9,0.00020805831766227475,Cluster_3
535,harrisjulie,7,0.8908321482896335,99,19,45,7,0.0,0,0,22,0.001865838136326372,Cluster_3
536,brios,2,0.4490377603699617,29,1111,55,0,525.7291072193609,37,0,0,0.00018241423687151087,Cluster_1
537,mhorn,4,0.45930368821307377,157,38,713,23,0.0,353,0,20,0.0006189027058376583,Cluster_2
538,abishop,33,0.07696918300801736,709,278,108,63,0.0,49,47,39,0.0032000296811755605,Cluster_3
539,mollysanchez,3,0.6707650254430357,105,82,28,11,70.13950893006455,3,8,0,0.00019161412708557996,Cluster_1
540,coopercathy,25,0.8212594203728455,475,245,7,46,43.11358161027792,0,28,24,0.002725879603210521,Cluster_3
541,sallyanderson,1,0.24465505460471304,47,0,31,2,14.61870868203156,78,0,0,0.00019614902066939332,Cluster_3
542,joshua90,16,0.42130088163336465,308,19,32,32,0.0,13,0,0,0.0010552984391276586,Cluster_1
543,castillobenjamin,64,0.8388393367652703,1270,348,9,127,29.450093219594457,0,22,24,0.0031877041904915192,Cluster_1
544,laurachavez,0,0.877120467662288,20,11,65,4,inf,56,23,13,0.0,Cluster_1
545,michaelcastillo,2,0.24317998026422594,10,790,2,1,416.53150630488517,0,24,0,0.00023633219469391142,Cluster_3
546,james85,17,0.5505706345413642,414,478,13,43,46.677117807224406,34,0,0,0.0030242702701731823,Cluster_3
547,reevesbrent,5,0.19249315063582706,91,14,46,9,0.0,67,0,0,0.0005303802296510451,Cluster_2
548,lyonsandrew,12,0.10187876413955654,270,13,13,23,23.86705960034877,57,0,0,0.002011525499720214,Cluster_3
549,kmay,2,0.9111205013919575,112,5,14,11,0.0,0,0,14,8.279166608790723e-05,Cluster_1
550,heather64,8,0.8205075042321092,211,10,16,17,0.0,0,8,0,0.0013382207668258253,Cluster_3
551,hmays,5,0.7600349018031739,29,3,5,0,20.159300259998428,0,46,31,0.0007530431536663622,Cluster_2
552,april61,42,0.04876631881314042,862,71,116,84,0.0,21,24,14,0.002621051303336228,Cluster_1
553,xrussell,10,0.8437287927102575,242,2,4,23,12.235612065973353,1,23,14,0.0013955588693175007,Cluster_3
554,robertgomez,12,0.43804407590538375,284,98,32,28,44.584398497854785,5,0,25,0.001586565255219153,Cluster_3
555,bcline,3,0.34239512329585964,4,102,37,4,19.554918552074064,0,2,0,0.0002925531436707607,Cluster_2
556,vlopez,3,0.5464763610253764,27,1,4,0,0.0,0,5,25,0.00035141902496136165,Cluster_1
557,danielle75,3,0.09135324272355583,109,538,22,11,210.72602342488761,5,0,0,0.0004467197805463552,Cluster_3
558,millercharlotte,13,0.7566465493523988,221,83,5,22,19.759250001721057,0,5,30,0.00013016464838226308,Cluster_3
559,ncardenas,3,0.5824350768882959,45,127,161,1,28.33767844924141,23,5,0,0.0003958463981234856,Cluster_2
560,marystrong,11,0.18659009687316752,298,8,3,30,0.0,43,19,0,0.0002515907908172166,Cluster_2
561,larry68,166,0.1882321997690456,3317,101,7,336,0.0,92,118,53,0.03644805737030968,Cluster_2
562,sharon24,27,0.18424865157267423,503,251,3,51,0.0,49,0,27,0.0037205127375141344,Cluster_2
563,pbrown,4,0.057002387551933986,36,27,2,4,11.496962389790617,0,35,0,0.00013504338934127748,Cluster_2
564,tsmith,44,0.5877984493716848,896,1216,218,86,29.20505378031563,106,0,0,0.008662232643826748,Cluster_3
565,rachel64,4,0.8403481775885081,13,35,45,11,14.334755085507027,99,11,0,0.00041904063524873613,Cluster_3
566,dennisgonzalez,0,0.0174982139873886,0,258,24,0,inf,0,70,48,0.0,Cluster_1
567,johnsonalexis,1,0.04900464497127355,36,56,7,0,54.583321849494894,42,0,18,7.659124344836776e-05,Cluster_3
568,rogersbrian,0,0.5727702766869458,64,95,78,10,inf,0,5,45,0.0,Cluster_2
569,lisagordon,4,0.8194956853860523,113,1,5,10,3.1501263472273293,86,0,59,6.525950197050093e-05,Cluster_3
570,monique21,7,0.3267388905686336,104,64,66,8,32.65167004197444,11,23,30,0.0011666310695487088,Cluster_3
571,donaldacevedo,91,0.34961439880772216,1878,8,5,185,0.0,113,56,42,0.001922854621174311,Cluster_2
572,riceshane,12,0.5963464974967759,225,7,7,31,10.251897946282558,89,0,0,0.00041693523176249825,Cluster_3
573,carterjohn,5,0.274212889124147,38,764,62,5,140.57971296478874,25,0,47,0.0002936329923831126,Cluster_3
574,atkinsonpatricia,25,0.02660836607768413,491,22,73,51,16.930023073867385,0,0,5,0.0017286378093985158,Cluster_1
575,amy28,0,0.7352285181015961,71,5,49,7,inf,34,0,0,0.0,Cluster_3
576,isabelladavis,10,0.6256499129414531,208,17,4,22,9.794082253208815,0,0,9,0.0005097797308959394,Cluster_2
577,benjaminnelson,23,0.5807559990556591,460,3,10,52,1.4269127577175047,0,15,0,0.006151438955070999,Cluster_2
578,mariasims,0,0.7416841289918231,81,437,25,6,inf,0,0,0,0.0,Cluster_2
579,joelwatson,41,0.6752308375620375,748,9,5,67,7.167721749023999,0,14,22,0.003670844873783624,Cluster_3
580,nataliecooper,12,0.20588198817832115,175,85,157,21,0.0,22,6,37,0.0017758480470888675,Cluster_1
581,kathysmith,3,0.35248104694335114,0,380,0,2,128.64096771308675,27,3,15,0.0003667506403641413,Cluster_3
582,kwood,19,0.126110141678625,398,13,6,40,0.0,52,17,10,0.0013059436813148103,Cluster_3
583,ryanscott,222,0.12985701341788103,4448,86,9,447,3.63538551777917,41,105,63,0.015914478950991483,Cluster_1
584,cynthiaoconnor,9,0.6761957463565392,257,5,0,23,0.0,17,0,4,0.0005247619209617462,Cluster_3
585,justinbyrd,10,0.8586001069824982,212,2703,2,21,256.7637852890737,0,7,7,0.0008711726134996083,Cluster_1
586,makayla18,3,0.962732583861139,39,178,51,3,63.318777588302254,35,0,0,0.00036055021926205774,Cluster_2
587,aliciaholder,2,0.6283471175494444,40,23,21,1,12.615792572331072,50,31,19,0.00018040665420208246,Cluster_2
588,kyoung,25,0.18410132336095697,505,8,212,56,21.59911690091695,76,47,67,0.0003693190584331389,Cluster_2
589,hawkinsdouglas,2,0.1056503454489307,0,26,203,0,4.700882417343742,107,0,11,0.00019452030961814254,Cluster_1
590,sotojulie,8,0.8128509715367578,295,17,38,41,0.0,11,22,15,0.0007099651804634943,Cluster_3
591,ellisonalexander,3,0.5787564763599993,85,1113,32,12,363.72258403073374,99,26,32,0.0003715242586027772,Cluster_1
592,jeanette27,15,0.6182850210137198,310,3,22,22,0.0,53,0,16,0.002119142206532661,Cluster_1
593,jaclynwallace,12,0.7814620887547092,270,42,0,25,11.813439481931523,30,23,37,0.001671361254385347,Cluster_3
594,davisbrandon,35,0.7032772277324516,735,32,2,72,0.0,0,44,7,0.004062338937697108,Cluster_2
595,glenn28,3,0.8344582528560966,52,26,23,7,0.0,20,0,0,0.00027405204103699693,Cluster_3
596,jonesjames,4,0.05621390545987848,48,27,50,0,0.0,17,0,0,0.00019182252619959593,Cluster_3
597,torresanthony,1,0.7475206367465048,49,26,31,5,56.8790120952229,7,6,22,4.115764674117375e-05,Cluster_1
598,mckeebrian,3,0.8508527573220954,79,159,5,7,31.542197685701648,0,18,28,0.00040442111606516564,Cluster_1
599,brownjohn,13,0.28613504245831434,219,99,81,18,7.863484278316339,0,0,0,0.00041460998592131933,Cluster_3
600,jose35,22,0.6404472739932529,510,70,185,46,14.781349720963362,89,45,36,0.0013291074564072915,Cluster_1
601,sawyerconnie,1,0.3141620638369721,34,0,82,7,29.681211064413947,96,0,34,7.969320539330842e-05,Cluster_3
602,angela61,27,0.957971066482454,576,56,88,49,17.62996910850227,14,53,25,0.0011168921848052585,Cluster_2
603,vbanks,56,0.03342357243550376,1189,1,8,121,21.89599617550645,0,44,34,0.0033599376639662053,Cluster_3
604,mariarichards,13,0.579792843832955,261,105,100,30,25.3630642539539,139,0,18,0.0021304636383431687,Cluster_3
605,jmills,123,0.1665035470495151,2475,470,24,246,0.0,0,87,19,0.005104516329305315,Cluster_2
606,jason39,2,0.7122202051771587,80,6,43,8,10.193842086340934,15,0,3,5.791161190791427e-05,Cluster_2
607,vcain,1,0.17589028341866209,0,20,34,5,36.97321904344446,11,3,33,1.2386171923612434e-05,Cluster_3
608,qsanchez,0,0.23538326189835757,2,11,16,0,inf,0,7,0,0.0,Cluster_1
609,kimberly62,69,0.4943708110457581,1386,306,5,135,0.0,31,41,45,0.002542367988740454,Cluster_1
610,daniel26,19,0.9148349499968781,332,39,17,30,0.0,0,0,0,0.0021314782111948676,Cluster_3
611,diana35,6,0.21171437214797084,235,743,88,29,139.285793052694,42,0,0,0.0010226228930970927,Cluster_1
612,holly27,11,0.14424002111810352,149,69,10,21,4.887104866144632,27,9,2,0.0008105297259832465,Cluster_2
613,mistyhartman,1,0.7589768318540306,0,51,76,0,44.58308211329806,135,0,0,6.551267626314823e-05,Cluster_2
614,jesse11,289,0.500619532333931,5845,37,60,589,0.0,0,152,68,0.05019694759862295,Cluster_2
615,tammie03,8,0.9117851123817714,195,144,12,23,16.65211493612415,49,0,0,0.0010804863042195958,Cluster_2
616,johnbarnes,8,0.14661455715984228,108,1,161,18,0.0,123,34,22,0.0013735873757304649,Cluster_3
617,jonathan05,21,0.6459278930230393,450,38,11,46,6.676315114807056,0,57,30,0.0017952205124704597,Cluster_1
618,cynthiajohnson,15,0.23287914615181504,373,29,193,37,0.0,126,0,0,0.002422495122495302,Cluster_3
619,andrea73,10,0.1567604286516393,198,122,38,25,15.758125190124012,101,32,24,0.0017212938547703498,Cluster_1
620,slarson,2,0.6834294151572705,169,23,19,20,2.720984590023587,0,0,13,0.00016704068945154284,Cluster_1
621,yjones,14,0.5936846199087332,193,5,5,30,0.0,14,0,0,0.0024442963413697848,Cluster_1
622,william28,124,0.7548274583623312,2514,33,17,256,0.0,28,49,23,0.009626843860008812,Cluster_1
623,ronaldwebb,55,0.30946257644618236,1158,4,14,116,0.0,33,30,0,0.004123312055453843,Cluster_1
624,oschwartz,80,0.44797165638218994,1644,1,3,158,0.0,39,0,0,0.016637131725992644,Cluster_2
625,schultzshawn,3,0.4054716763304185,49,122,14,1,43.086575353936674,15,20,15,0.00031450554860806135,Cluster_3
626,nicolealvarado,1,0.9840894639665142,5,93,6,0,98.39647264754362,28,3,16,5.97836002934627e-05,Cluster_1
627,juliefaulkner,6,0.2922489567393879,142,76,48,13,18.817725021235617,0,33,23,0.00045206184821228434,Cluster_1
628,upacheco,8,0.2948172383467669,200,345,142,24,27.954534780415994,79,22,26,0.0006857739588097219,Cluster_2
629,angie36,38,0.3545482088286074,790,10,3,78,21.431216056640352,0,22,14,0.0015907749599693632,Cluster_3
630,oscott,0,0.5645940812903215,52,2,262,10,inf,69,0,0,0.0,Cluster_3
631,jlee,73,0.25232274426374524,1409,29,16,142,9.400255475167244,0,82,21,0.007462922281942145,Cluster_2
632,john36,5,0.9152899403792739,88,17,4,6,0.11689133012366382,15,67,33,0.0004465847658514445,Cluster_1
633,lisa47,3,0.2656855648662635,12,7,62,1,9.845757967394164,52,0,0,0.0001940020514121696,Cluster_1
634,ricky35,1,0.8958157315601947,0,28,10,2,23.713438677101724,0,31,15,0.00012124175363227123,Cluster_1
635,chelseawalton,0,0.10347506364658465,50,11,17,5,inf,0,0,0,0.0,Cluster_1
636,millerjorge,25,0.6565627023996523,505,1,10,51,0.0,41,0,10,0.0005632584080473127,Cluster_1
637,verickson,8,0.9069855184382437,290,14,5,25,18.026811413013778,27,0,1,0.0009746450446845433,Cluster_1
638,scottbrown,1,0.16874943839822953,29,4,59,0,0.0,73,21,23,0.00011959680359251788,Cluster_2
639,kristina86,1,0.968326960099255,22,50,13,13,14.602173282188431,74,0,11,3.5248219870881097e-05,Cluster_1
640,xcoleman,4,0.4528833604155117,85,10,2,14,0.0,27,48,24,0.0009286838420862224,Cluster_3
641,saraward,90,0.9457151084410245,1768,244,45,169,24.08947941587179,1,73,40,0.005084732834947192,Cluster_2
642,gina62,5,0.676820043630047,97,594,3,0,115.7088236022452,7,22,25,0.0007257940451211814,Cluster_3
643,jeffroberts,0,0.30158686987355154,56,112,3,5,inf,84,0,61,0.0,Cluster_1
644,jackson80,5,0.18830252491710642,105,2,120,14,0.0,198,27,0,0.0005298822015186496,Cluster_3
645,delgadocarrie,4,0.3037350462250994,40,497,3,1,125.56107450300557,24,0,1,0.0005118265101213355,Cluster_2
646,ztucker,0,0.09301740926267499,0,564,0,5,inf,26,13,0,0.0,Cluster_3
647,marcthomas,6,0.14386796634332977,97,34,51,9,0.0,61,7,3,0.00033238517313881804,Cluster_2
648,qcisneros,5,0.10466044034648114,103,358,12,9,63.550326343522386,7,0,0,0.00024409561378898058,Cluster_2
649,sotoandrea,20,0.42294354374155774,459,12,14,49,9.50194515684291,65,22,10,0.0007552609150902763,Cluster_2
650,tinaharper,118,0.7955783762575864,2292,1,12,226,11.04542618912139,56,76,49,0.005364412246610757,Cluster_1
651,qwhitaker,40,0.1413835542163402,784,8,28,76,11.78089795875674,31,0,0,0.0037546488185531994,Cluster_1
652,gonzalesashley,4,0.13032043317233588,87,744,6,12,154.2383176991125,0,0,0,0.0008076505567582264,Cluster_3
653,ysmith,1,0.6434289495173308,0,2,183,0,1.866709992194772,15,62,72,8.459735973113802e-05,Cluster_2
654,michaelmoody,350,0.19718298196806627,6958,33,2,705,0.0,37,169,122,0.09051437181913131,Cluster_3
655,anthonyparks,8,0.0976100381089916,126,35,39,16,0.0,30,33,16,0.00035365506645268274,Cluster_2
656,annemarshall,7,0.16684857820557764,100,13,52,13,2.1768181915868263,0,37,0,9.483539132196899e-05,Cluster_1
657,terri49,7,0.9237313958767761,149,14,6,14,0.0,0,15,11,0.0016941763839729506,Cluster_2
658,grahamtonya,9,0.8214712527761908,171,37,4,21,14.341624553468858,35,35,30,0.0012780224093085508,Cluster_1
659,lisa56,5,0.3540645623550941,72,12,92,5,4.024941524796049,0,0,19,0.0007516908213235307,Cluster_1
660,oliviabenton,3,0.6558207673273928,81,2,4,9,0.0,16,0,21,0.0001142579360026641,Cluster_2
661,perezjeremy,3,0.5372756736680381,146,48,8,10,34.51524900913955,46,0,26,0.00026178701096044753,Cluster_1
662,george23,7,0.6771242634825639,221,228,76,27,0.0,65,0,0,0.0009443675484395992,Cluster_3
663,laurenosborne,3,0.6826711524627593,0,158,21,1,51.381364098074464,0,0,0,0.00046597829864193597,Cluster_1
664,christopher21,2,0.6287340150599929,68,7,1,16,0.0,0,0,24,0.00021530426265794285,Cluster_3
665,xanderson,8,0.2661013685373086,151,3,276,27,0.0,167,5,0,0.0002170340492455479,Cluster_2
666,gochoa,5,0.03900642076281813,107,19,9,14,14.296274060186992,64,1,31,0.0001330355973080752,Cluster_3
667,fallen,70,0.4555667819901088,1380,556,10,138,0.0,0,39,68,0.014287948988715413,Cluster_1
668,andrewhenderson,0,0.8909738846907038,5,105,29,0,inf,39,5,32,0.0,Cluster_2
669,zshepard,37,0.5694972585185759,747,117,51,79,50.80106183047465,104,28,33,0.00309993968614234,Cluster_2
670,jcochran,47,0.8323910417019079,911,164,380,92,0.0,206,0,0,0.005804327339336246,Cluster_2
671,myerssheila,0,0.9916243429612281,0,70,1,2,inf,0,0,7,0.0,Cluster_3
672,umullen,4,0.16361620413827627,57,41,69,14,6.80595670841479,86,0,0,0.0007624951793461718,Cluster_3
673,charles45,4,0.6917776391419823,91,109,61,4,16.753417571220496,0,1,0,0.0008253846757463937,Cluster_1
674,pattersonlouis,0,0.6742935737000246,29,12,16,0,inf,0,0,0,0.0,Cluster_2
675,rflores,2,0.9799554473582784,82,2,65,7,27.731881510889984,73,33,21,0.00019764106068959376,Cluster_2
676,jeffrey82,1,0.9856007339528003,0,121,81,4,98.07864115783343,20,22,3,0.00017583508846205252,Cluster_3
677,gina13,102,0.6866786117241295,2054,307,2,208,0.0,0,25,21,0.005632286275707834,Cluster_3
678,becksean,30,0.24361479198219427,648,4,277,60,17.07072802701838,107,8,26,0.003384833916898093,Cluster_1
679,zlove,49,0.798555838130599,1038,145,1,107,8.719069922009389,0,84,32,0.003815398773899976,Cluster_1
680,thomas41,21,0.1070291342110381,417,682,3,35,54.51454708901812,71,15,12,0.002448280728824771,Cluster_2
681,murrayeric,1,0.7806993041716287,8,32,13,0,42.30223908863559,89,12,0,9.41439064396952e-06,Cluster_1
682,david19,3,0.9101961241446964,69,7,360,6,38.4978135163163,269,0,4,0.00022003918158843008,Cluster_1
683,danielhunter,15,0.38283339476843525,242,41,12,21,6.305105310006339,60,0,17,0.000616984866909235,Cluster_1
684,jason10,1,0.6306352949830805,10,12,19,5,16.436222966619237,32,45,50,0.00024076131822625091,Cluster_1
685,nstephens,21,0.4301427320968263,457,10,172,47,6.910617916506451,14,13,24,0.0011742238444091629,Cluster_2
686,cdavis,5,0.43776505498812845,132,72,12,22,11.55022296546884,0,0,10,0.0007621485712200243,Cluster_2
687,katieharris,4,0.31037088910812005,66,1,3,5,17.211743176018487,109,2,0,0.00020662796383397452,Cluster_1
688,walkergeorge,21,0.7621296204503246,430,2,10,42,4.836062572498616,0,86,24,0.0034153170885888834,Cluster_1
689,amayo,14,0.9361765641665052,238,34,156,29,18.192171611474304,153,8,0,0.002082286047073194,Cluster_3
690,ebaker,4,0.9407508592344611,115,31,22,11,26.6399970724832,13,0,8,0.0004781340650024762,Cluster_3
691,wmclaughlin,42,0.17478128487493383,836,61,363,91,10.021474583587501,47,1,0,0.0014424649699944932,Cluster_2
692,erodriguez,1,0.874743649656566,6,968,60,3,978.0343264846839,62,23,22,6.656358850371172e-05,Cluster_3
693,rita21,18,0.7374314414271221,341,39,7,22,0.0,66,0,6,0.0006733979130431203,Cluster_3
694,yadams,17,0.25283740069028926,336,97,21,39,0.0,8,22,0,0.00022919022125611067,Cluster_3
695,qcooper,4,0.06728461292151455,57,5,5,10,18.11766905981463,64,0,0,0.0005739471484329086,Cluster_2
696,courtneymiller,12,0.26799726688437797,272,131,7,31,39.38929030303694,0,0,26,0.002630611151110903,Cluster_2
697,gpruitt,1,0.9122082367815256,0,12,16624,0,0.0,8242,0,17,0.00030060550988870993,Cluster_3
698,nmurphy,29,0.6331786748957723,659,37,92,62,0.0,56,15,0,0.00552098378671038,Cluster_2
699,joshua64,5,0.7210546608978718,173,27,73,14,5.872412048293002,60,44,0,0.00063003847934569,Cluster_2
700,caseymonica,3,0.25715235110909584,15,212,7,0,53.08117742505311,71,28,0,0.0001617793130743117,Cluster_2
701,sanderson,35,0.7193881555748203,703,3,211,79,0.0,137,8,41,0.00439707480009496,Cluster_3
702,meganramos,2,0.028121506277923758,7,0,104,0,9.498397475876097,0,30,19,0.00040183850496844587,Cluster_3
703,ryanhayley,0,0.3753213457730138,0,22,337,0,inf,179,0,47,0.0,Cluster_1
704,antoniomaldonado,0,0.6267533485423312,100,76,314,12,inf,187,0,0,0.0,Cluster_1
705,ferrellrobin,18,0.14609656554132022,344,43,2,37,0.0,0,9,12,0.0031297479786078267,Cluster_1
706,xmcbride,1,0.8230035744469347,38,304,3,0,313.2656068358078,0,0,22,6.21251950158021e-05,Cluster_3
707,justinschmidt,102,0.23503129881191864,2067,72,4,203,16.310161796946012,0,74,85,0.003149992155707671,Cluster_2
708,weekslarry,0,0.6522811128184463,0,12,4,0,inf,0,24,26,0.0,Cluster_1
709,david30,94,0.4051971425753297,1837,0,32,185,35.2280509987223,40,20,12,0.003209259824092856,Cluster_1
710,williammiller,10,0.5960435954776472,139,21,8,12,2.678131866515881,0,9,6,0.0006461502916291079,Cluster_3
711,emyers,6,0.10745055262890812,75,210,449,7,61.23985580784195,245,7,0,0.0007172657573079071,Cluster_3
712,mary99,3,0.016912799921607324,0,16,349,0,0.0,202,27,6,0.00034710524860964183,Cluster_3
713,mary36,13,0.9095644273803012,287,34,19,27,3.7750435471616113,63,0,1,0.0009030095062755094,Cluster_2
714,dhogan,6,0.2696300087671828,222,70,377,27,0.0,132,20,46,0.00048476573721449557,Cluster_2
715,wiselarry,38,0.8196770027804591,767,5,187,83,18.148867758348306,18,0,0,0.0008438852408637462,Cluster_1
716,kristina13,8,0.9993503004722002,89,101,10,12,10.216142747176471,18,27,42,0.00031793745107604437,Cluster_1
717,jessicacox,9,0.21143125799891116,147,630,0,8,77.15642125039795,0,36,19,0.0009584465036078494,Cluster_2
718,dustinsmith,4,0.2651707411833556,57,24,14,11,0.0,152,0,31,0.00039381173849729157,Cluster_1
719,heidi50,6,0.6628597876346657,69,4,7,10,12.395236699846985,26,39,40,0.00046623459755760333,Cluster_1
720,claytonholt,11,0.9654486346006212,263,29,27,25,10.585043113478678,16,0,15,0.0005377501284902034,Cluster_1
721,dennisrodriguez,0,0.9158143481907439,40,0,22,0,,2,32,43,0.0,Cluster_3
722,lindsayprice,0,0.5028755200655849,0,60,22,4,inf,0,43,46,0.0,Cluster_3
723,srhodes,22,0.7951102825267247,476,74,44,44,2.808261756809328,50,21,39,0.0021726274437886546,Cluster_2
724,haynesbrian,9,0.13574585309990106,256,675,3,27,88.19147914813314,0,0,53,1.9477789006571395e-05,Cluster_3
725,thowell,5,0.9774381842040123,195,23,37,19,41.857911062276955,14,11,47,0.0003446322450746773,Cluster_3
726,dawntaylor,7,0.9643532340359865,283,69,10,35,15.916959990457437,9,0,11,0.000506469357836239,Cluster_3
727,gonzalezlisa,12,0.16372895787917097,194,7,27,18,20.733961383104138,24,84,39,0.001434789427210329,Cluster_1
728,gina42,3,0.2994231248031066,201,17,84,20,0.0,0,0,9,0.000551612725209804,Cluster_1
729,mary33,2,0.10015499750676693,22,2,3,10,41.25911698867965,43,40,0,0.0002764232464760154,Cluster_3
730,martinezkenneth,9,0.2717175988981797,150,23,13,11,14.66927977813941,0,0,20,0.0008908945448318861,Cluster_2
731,kellypowell,1,0.8159557894152066,36,19,16,7,18.007909776824405,1,48,2,5.29360931281893e-05,Cluster_2
732,loricopeland,13,0.37831560716525947,230,56,9,22,1.0137713585337993,68,66,67,0.0014871164433821356,Cluster_3
733,melissa29,0,0.08839696714675838,19,10,77,0,inf,127,11,56,0.0,Cluster_1
734,michaelguerrero,34,0.34222552477890456,613,38,6,61,0.0,0,25,0,0.0021096830565226566,Cluster_2
735,twood,15,0.9813833342412801,288,18,8,32,39.408712642668284,5,0,0,0.0010259372276402456,Cluster_2
736,georgefarmer,10,0.6296835952592029,264,18,6,33,0.0,16,0,0,0.0006603591422271591,Cluster_2
737,brandontorres,32,0.41616094640615775,637,38,103,71,0.0,0,24,0,0.0035886221046346474,Cluster_1
738,johnanthony,89,0.16653851349727,1787,35,9,177,0.0,44,88,50,0.010453521203492492,Cluster_2
739,ronaldbernard,33,0.9861767972836948,683,130,40,63,0.0,25,0,15,0.002323727367840701,Cluster_1
740,braundonald,0,0.8208490092631288,58,26,388,4,inf,203,66,58,0.0,Cluster_3
741,mdavis,1,0.2814773024509194,0,17,17,0,38.77821025330478,0,0,3,0.00025348421969388825,Cluster_3
742,sadams,2,0.07006869572118946,69,23,106,5,0.0,73,7,0,0.00033125799305961653,Cluster_1
743,blankenshipsamantha,7,0.05662555737755803,126,9,246,10,0.0,164,10,9,0.0012427260335835847,Cluster_3
744,jack20,16,0.12037814950553383,328,17,93,36,6.899726260293075,52,4,0,0.0009843024737858062,Cluster_1
745,pweaver,2,0.5807685836144216,92,1281,19,0,639.3845132464037,0,0,0,0.0001644124562171905,Cluster_3
746,andrew30,9,0.9287634212054924,120,6,52,8,20.72115766829916,4,0,0,0.0011584732065503208,Cluster_3
747,wellscourtney,2,0.4967434280059845,0,20,2,0,0.9098340139545904,12,6,29,0.0005033775195229947,Cluster_2
748,davidgarrett,2,0.8429454824561972,0,16,6,5,2.7968644074664972,5,0,13,0.00016930752619370783,Cluster_2
749,hernandezamanda,0,0.4458866198598078,0,21,8,0,inf,49,19,19,0.0,Cluster_1
750,paulleblanc,1,0.7085835457678252,86,18,578,9,19.780082211069644,264,23,0,0.00013554703511401198,Cluster_1
751,jameswilkinson,0,0.7318727372865008,0,54,5,0,inf,0,0,0,0.0,Cluster_3
752,kyle72,1,0.17396370590333865,0,1,5,5,0.0,20,0,0,3.7201116380419636e-05,Cluster_2
753,nicholasochoa,35,0.36121605897581177,675,214,4,70,0.0,0,63,71,0.006717695428653169,Cluster_2
754,acox,1,0.6373021565380239,0,103,46,0,91.69225581759765,62,0,54,0.00016717281998645836,Cluster_3
755,karenmorales,383,0.07069660818436618,7603,3,24,757,14.312298259807367,12,173,117,0.0365864817700141,Cluster_2
756,sean35,15,0.3615401877629566,319,0,102,22,17.004910387377716,83,0,18,0.0007596050459756665,Cluster_2
757,leesusan,9,0.5347994662811925,121,5,54,13,0.0,0,26,11,0.0004166547291622642,Cluster_2
758,elizabeth80,2,0.9962244930446387,95,21,2,12,36.48971996363524,8,40,0,4.638380272663744e-05,Cluster_1
759,ryan95,21,0.47453356262244073,416,3444,5,33,163.4259185659929,0,5,0,0.0027495769205533142,Cluster_2
760,teresa83,3,0.8160567571143236,64,88,155,0,2.576405897014375,16,8,0,9.296537394899116e-05,Cluster_3
761,ericcohen,8,0.43206728506661773,146,1,14,15,0.0,0,16,0,0.0003705201316616713,Cluster_2
762,jennifer90,343,0.7963907226197089,6898,9,119,691,24.391397519449917,32,225,119,0.032087549304248134,Cluster_3
763,weberjoseph,6,0.5954148016201084,159,30,16,10,0.0,70,0,1,0.0011550281063438424,Cluster_1
764,robertflynn,41,0.8865954415023983,836,52,4,80,0.0,0,42,3,0.005061817481645959,Cluster_2
765,christopher72,2,0.4109425523501099,68,3,12,0,0.0,0,12,61,0.0003898158515804134,Cluster_3
766,daniel47,7,0.6043044198214789,129,25,4,19,0.0,8,0,0,0.0010100057309123214,Cluster_2
767,michelle24,105,0.6300186806188274,2127,9,8,206,8.18073146564151,5,62,59,0.021363189803232097,Cluster_3
768,amandabowers,2,0.4173829418004733,23,4,27,5,0.0,0,23,7,6.532587237314004e-05,Cluster_1
769,zhicks,112,0.14431204368748152,2240,52,43,223,0.0,13,73,55,0.008195174209123452,Cluster_3
770,pharrison,21,0.09355940691233555,406,133,1,47,0.0,49,75,57,0.001900907403200868,Cluster_2
771,riveramichael,3,0.0166715505996331,37,150,19,0,74.86384038289711,43,5,6,0.00017826938547327575,Cluster_1
772,nancy98,19,0.8735342642452146,345,93,8,34,0.0,33,10,0,0.003698602811239551,Cluster_1
773,anna15,31,0.23647491223869455,643,13,7,55,0.0,0,10,0,0.0024140093833714266,Cluster_2
774,sharris,18,0.21150674928176805,425,119,24,32,30.82626590346292,156,25,19,0.003129139001781147,Cluster_2
775,lindsaywhite,0,0.7360354004260655,58,57,8,8,inf,56,0,2,0.0,Cluster_1
776,nancybailey,2,0.32001611308739175,0,42,159,0,24.582556275579126,105,1,0,0.00010016998871870874,Cluster_3
777,ryanmason,5,0.5060446924118366,164,11,119,15,0.0,1,3,34,0.0004134108289687862,Cluster_3
778,mitchellmark,6,0.1625110652974563,104,13,118,15,2.776762956675225,106,0,0,0.0012371963078196856,Cluster_2
779,fryjenny,18,0.9597457214619692,390,37,9,42,0.0,0,0,0,0.0024598632404793,Cluster_1
780,karen86,9,0.8515814000172374,134,2675,4,10,280.0344996008072,0,17,0,0.00040426328661158486,Cluster_3
781,brownbonnie,0,0.8637896229650033,7,56,22,0,inf,0,0,4,0.0,Cluster_2
782,danielwallace,13,0.4067737485720052,275,11,16,30,16.528065773603817,0,24,39,0.0019060203057669433,Cluster_3
783,umonroe,18,0.7623612137071728,285,7,8,35,0.0,25,12,0,0.0015110671362293712,Cluster_2
784,washingtondiana,17,0.14387615538978016,370,13,3,33,7.054980758406862,51,0,58,0.0014612176302363266,Cluster_1
785,mgarza,37,0.008619002591780278,807,1667,18,76,48.08751777008213,43,65,44,0.005078286513329829,Cluster_3
786,xshaw,25,0.019972932578028124,491,16,10,46,9.458376556167188,37,9,14,0.002256037468327088,Cluster_3
787,mcdonaldtracy,14,0.5866017374045605,348,169,56,37,6.977052771710735,24,25,0,0.0020172143544945616,Cluster_1
788,lrivera,6,0.4553949052479408,110,16,54,17,0.0,6,0,0,0.0005054828510327324,Cluster_2
789,joseph17,0,0.5180153489085197,42,52,104,0,inf,66,0,24,0.0,Cluster_2
790,jeffrey54,14,0.007463140417219405,169,137,3,9,0.0,42,0,5,0.0013252127250096852,Cluster_3
791,caldwelltheresa,10,0.4226866196574257,320,11,36,43,0.0,18,0,3,0.002297151263499003,Cluster_2
792,sheilamartinez,11,0.7180681612008608,294,10,6,28,0.0,63,0,0,0.0019365461735193613,Cluster_3
793,johnsonkatie,1,0.44269370196743585,5,655,3,1,622.9392103112905,0,44,0,3.8935226937746846e-05,Cluster_3
794,zadams,1,0.7322192063122223,0,194,10,0,166.3542819172794,0,0,0,0.0001338228866446207,Cluster_1
795,tuckerjose,35,0.23301896439683478,714,137,99,73,24.757083566989262,48,0,29,0.0002596679763867204,Cluster_3
796,wtaylor,6,0.8131420044817255,47,136,11,9,27.150256363742518,10,48,50,0.0006667768845600736,Cluster_2
797,monique71,20,0.5884312404534523,422,75,210,43,0.0,100,0,25,0.0023321090901782986,Cluster_3
798,kimberlydouglas,7,0.21076309942990623,160,1251,45,24,224.14577489237692,86,3,0,0.00028108407442003195,Cluster_2
799,mcdonaldedward,7,0.23672047585383293,92,35,11,7,0.0,45,27,12,0.0011440025167391429,Cluster_3
800,gutierrezchristopher,30,0.628030464569537,656,93,114,64,22.61222552923644,0,30,48,0.00465201719477915,Cluster_1
801,alvarezmonica,3,0.8299395932124434,100,2,39,11,0.0,96,24,0,0.00044164609979194475,Cluster_1
802,dnielsen,8,0.4156277820291552,208,7,4,23,16.575940458256234,0,31,46,0.001190117568202514,Cluster_2
803,krodriguez,3,0.2583004291275922,60,3,326,7,3.1790743454161414,270,0,0,0.0003908987830641267,Cluster_3
804,stewartxavier,3,0.8670116069106004,0,328,29,0,71.88843208842817,0,0,0,0.0004203715294924928,Cluster_2
805,richardhoffman,4,0.6692682917508349,128,0,20,14,1.9092093511765693,0,37,21,9.190747157486198e-05,Cluster_1
806,mnixon,10,0.4480854872830765,186,16,5,16,8.31111709279196,0,0,0,0.001841257818090588,Cluster_2
807,dawnlewis,3,0.48790019527930184,0,0,117,0,0.0,77,0,0,0.00037804109732511766,Cluster_2
808,susanmunoz,48,0.2042564679363964,1027,7,43,102,39.026799209371305,21,0,1,0.001585709147487547,Cluster_2
809,nicholas48,1,0.6268026300648439,124,13,51,7,19.22415188345544,18,0,13,0.00011234315142202431,Cluster_2
810,ghamilton,5,0.35874251054288864,97,400,9,4,93.43975480272991,69,0,30,0.0004089336747961664,Cluster_2
811,erica01,3,0.9956451766743493,167,67,70,3,0.0,63,0,15,0.0001741618634284727,Cluster_1
812,timothygonzalez,64,0.48018351526188785,1284,7,78,137,13.921725442912365,0,0,49,0.017039063893085047,Cluster_1
813,hartchristina,9,0.4858856061896132,160,225,7,18,46.79008919126112,40,14,42,0.001092071290149434,Cluster_3
814,susan45,34,0.5658517874106719,648,34,2,64,6.0713645627569175,27,0,18,0.00252365103197827,Cluster_2
815,olsonjames,0,0.9167560031187467,81,35,48,4,inf,0,0,11,0.0,Cluster_1
816,ronald89,11,0.8008180998597503,180,3,1,3,0.0,40,0,30,0.0011816369228662958,Cluster_3
817,sarahmaxwell,28,0.4511300697978414,596,5,25,55,0.0,4,72,0,0.0021302354679836326,Cluster_1
818,sheilaturner,8,0.718699265972796,132,7,10,16,0.0,0,32,7,0.0007189911528761595,Cluster_3
819,stephaniecarlson,36,0.5862354987807616,696,36,124,74,12.439912747853684,49,3,0,0.003364271019607582,Cluster_3
820,nixonruth,3,0.4923670487012489,111,38,11,14,0.0,0,0,16,0.00019403612411869015,Cluster_3
821,alexismaldonado,61,0.19231577278435052,1200,533,105,120,20.030719348103933,26,30,0,0.00667633264491382,Cluster_2
822,leah39,232,0.4639362634548909,4619,66,9,468,0.0,40,115,144,0.0033940131938316144,Cluster_2
823,emilyrowe,4,0.24581858702257464,136,0,90,11,0.0,43,0,0,0.00025385171811422795,Cluster_3
824,bhall,3,0.9148421498516547,139,53,441,19,29.987554606923002,156,0,2,0.00017416086830774946,Cluster_3
825,ssimmons,65,0.33540681349634693,1332,2,4,131,0.0,50,16,0,0.002935932709556033,Cluster_2
826,ltaylor,78,0.9522640145333723,1527,5,31,148,13.0748323436546,0,0,0,0.007883853394613055,Cluster_1
827,mcculloughdaniel,3,0.5330552900947112,34,7,1240,0,13.393216486760698,558,6,0,0.0004936222417856765,Cluster_2
828,hudsonkimberly,3,0.6315443786761603,63,10,22,0,0.0,121,6,0,0.0003506052936889868,Cluster_2
829,smithgrant,4,0.5429404444893278,96,2,22,12,23.73566402711579,0,0,0,0.0003074772699167413,Cluster_3
830,richardsonjanice,0,0.1293806169667009,0,47,65,0,inf,76,0,13,0.0,Cluster_3
831,stephanielogan,1,0.37582121900794097,56,2,21,0,24.045530531707,0,53,21,0.00020941266017941295,Cluster_2
832,williamsonjeremy,1,0.09914611227762393,24,62,1,5,97.86929849754357,7,23,62,5.780791886887177e-05,Cluster_2
833,destiny72,2,0.6229540441833817,0,1856,109,1,923.1739795659738,9,0,0,8.349871647684588e-05,Cluster_2
834,tammy43,7,0.4468741952004389,93,3,0,14,13.327671109119361,0,72,80,0.0014533662911647865,Cluster_3
835,gregorybanks,10,0.7779849715709368,174,19,10,19,0.0,31,0,39,0.0014935758182721233,Cluster_2
836,hjohnson,75,0.22047048099936983,1496,0,122,145,0.0,81,13,39,0.014971746511897742,Cluster_2
837,alexismartin,1,0.16456605842933492,114,19,11,11,15.090806852271431,62,0,5,9.776548516492018e-05,Cluster_1
838,mcdowellmichael,32,0.4063322309637678,651,105,7,65,0.0,1,0,0,0.0015130036188989806,Cluster_2
839,uanderson,5,0.9265853832183811,57,121,75,1,5.4478444070538,148,56,65,0.000513202633654592,Cluster_3
840,holly36,6,0.7104218150124118,131,38,5,7,18.161985319754688,15,8,0,0.00026590244652078393,Cluster_2
841,melissa75,20,0.41892362479291867,382,164,3,34,0.0,29,0,6,0.00014232669923995404,Cluster_3
842,melanielucas,1,0.5172721697543106,36,3238,30,13,3252.210281742437,0,13,6,0.00010278295940522075,Cluster_2
843,fbyrd,13,0.08421301117709834,289,722,15,26,61.526700298811285,0,10,0,0.0010390435283715003,Cluster_3
844,melissa34,9,0.9845758963761131,240,12,3,30,38.35641457371564,27,0,6,0.00020825529846803253,Cluster_3
845,savannah41,15,0.6664073046949189,298,2,52,27,10.62007904485425,21,0,18,0.00033390466039908806,Cluster_3
846,jessicabeltran,11,0.2854040684634225,301,15,40,34,23.64799776922265,29,0,0,0.0023630512969360184,Cluster_2
847,kristenwatts,293,0.5858083942152443,5905,6,11,595,8.058171078250586,0,212,138,0.011255288525443193,Cluster_1
848,michaelramos,2,0.10948236606899397,4,74,12,5,43.22787002156145,12,0,0,0.00028892698884366494,Cluster_3
849,laurenlopez,3,0.9658366688075836,170,3,40,18,24.294660842266303,25,52,4,0.00042761803412559335,Cluster_3
850,elizabeth60,2,0.17478498788336594,56,29,119,12,27.87594931730529,0,0,0,0.0002848625031638489,Cluster_3
851,steven74,3,0.6480303180552142,18,149,13,3,53.867938925815224,38,25,23,0.0004975452529454503,Cluster_1
852,ramirezgary,2,0.24545446253893044,122,27,53,20,17.613093318594355,0,14,30,4.760537152326129e-05,Cluster_1
853,wrightrebecca,43,0.7175613826485358,963,6,46,88,10.90412112032925,32,41,26,0.001637942664550576,Cluster_2
854,christopherfarmer,62,0.7768213672402811,1238,274,75,125,0.0,125,52,45,0.005605046243302221,Cluster_3
855,imcbride,3,0.6734197289114326,34,1,21,4,0.0,44,0,0,0.0005404887554453608,Cluster_3
856,mathewssteven,2,0.6144994602551925,31,18,5,0,37.508118647458645,36,0,10,9.054460149885522e-05,Cluster_3
857,smithdiane,14,0.8924690939520117,315,30,10,34,39.4311304200571,0,0,8,0.0009681219634122381,Cluster_2
858,robertjordan,3,0.07862671098975804,123,34,33,4,0.0,104,7,0,0.00017343048277837617,Cluster_1
859,dominguezjoel,19,0.3309147657801952,408,45,307,37,0.0,222,0,0,0.0009863105706602914,Cluster_2
860,juanthomas,10,0.24828747963084596,205,99,9,10,32.750456390082896,0,0,15,0.0014069147863599509,Cluster_3
861,shanejimenez,0,0.9880139620654216,74,31,67,15,inf,9,0,45,0.0,Cluster_2
862,leachrobin,75,0.3893897796668735,1484,17,12,147,13.75522877308511,68,0,30,0.012851591239980234,Cluster_3
863,nicholewhitaker,109,0.7326126992403987,2231,15,23,233,18.069640575960225,101,62,8,0.004481406119662266,Cluster_3
864,brownerica,2,0.6847251638810046,25,11,195,6,0.6853567651184882,34,0,0,0.00016542817501234646,Cluster_1
865,olivermichael,4,0.21208123747737773,101,136,63,12,40.599398499803726,0,0,0,0.0005923014932088537,Cluster_3
866,patriciacook,11,0.23899768021155132,214,10,3,18,5.952933923052751,0,0,2,0.0012727788266306205,Cluster_1
867,eskinner,12,0.2812845635530341,237,152,8,18,0.0,0,55,34,0.0005727579374698121,Cluster_2
868,ajohnson,19,0.4111272782593792,361,34,132,38,8.091292548524603,66,0,31,0.005234941564722526,Cluster_1
869,mike64,150,0.2343250656505268,3067,12,24,306,24.834213922993357,71,64,70,0.013419952720409668,Cluster_2
870,lyonskeith,5,0.019651482746847804,63,100,3,0,13.31733522313277,0,0,0,0.0003840791463467923,Cluster_2
871,judy50,2,0.8793930568071955,2,8,5,0,7.051384974818683,8,0,0,6.93132103355512e-05,Cluster_3
872,kathleen37,0,0.9656098313808841,106,104,57,5,inf,0,52,44,0.0,Cluster_1
873,ashley04,2,0.34157038703156795,88,48,89,17,18.306708991294585,126,9,31,0.0001882325901531918,Cluster_1
874,stewartmichael,7,0.33850687942547286,20,11,20,13,15.109453325315725,0,0,13,0.00035589631840722644,Cluster_3
875,woodsdenise,109,0.007091812774370987,2151,85,823,216,0.0,487,53,21,0.0029413739884855817,Cluster_2
876,hherrera,3,0.680250688330374,0,88,69,0,55.986243707252015,4,0,0,0.00022870504502528163,Cluster_1
877,antonio44,10,0.8254398957486287,152,266,13,13,39.12411123264491,45,2,0,0.0006476498482249592,Cluster_3
878,paynericardo,7,0.14660830036000316,0,188,5,0,8.121770843684967,15,25,19,0.0011194781291865928,Cluster_1
879,jwells,43,0.15966634936715074,853,80,4,92,35.82065881400414,0,11,22,0.0034392316038317624,Cluster_2
880,patriciahernandez,327,0.7900832499714378,6482,4,33,657,3.374261641134049,0,170,120,0.005558427372736073,Cluster_1
881,rhondathompson,3,0.6162907483541447,62,2717,9,1,891.2077163219656,20,8,33,0.0002680299651736976,Cluster_1
882,qcosta,3,0.04486055762771701,0,2,247,0,22.757757166490492,101,0,37,0.00021536632230466005,Cluster_1
883,bchapman,35,0.6225469904622817,704,182,181,68,15.093430388960503,56,0,0,0.006435919039845568,Cluster_3
884,rodriguezjennifer,20,0.30891772284376606,379,71,51,35,0.0,99,0,10,0.0035646847526551906,Cluster_3
885,burkesheila,117,0.36872515547084594,2415,4,3,247,0.0,28,79,58,0.012731742080085543,Cluster_3
886,xramirez,17,0.7697314182968802,410,26,7,34,7.111358509136756,35,31,16,0.0023382939270757863,Cluster_1
887,carrie41,4,0.8109351926726106,119,28,132,14,0.0,46,0,0,0.000793633255937249,Cluster_2
888,fpierce,17,0.40035662683983064,323,347,8,35,22.113166413630232,0,0,36,0.0028167946457277955,Cluster_2
889,johngarcia,38,0.9471529360063548,859,9,108,85,3.3964295593683556,41,0,0,0.007241698167555182,Cluster_2
890,walkerjeffrey,25,0.40646271795207223,422,20,40,46,0.0,36,36,0,0.002701619512063118,Cluster_2
891,bmills,15,0.7718360352301099,229,0,21,23,5.4128977251992705,42,0,0,0.0014200105115560646,Cluster_2
892,annette11,36,0.48387726456425906,715,751,6,77,21.01038789361178,1,84,44,0.002495871076844101,Cluster_1
893,ibryant,42,0.897532326522084,952,4,17,87,0.0,0,27,62,0.0017275338462764587,Cluster_3
894,cheryl90,58,0.9077612436501786,1149,59,26,113,19.408452316566848,51,64,50,0.011236742362728053,Cluster_1
895,erodriguez,19,0.08741680787108386,370,27,94,36,18.178128526935048,48,0,0,0.0013844924736365887,Cluster_2
896,danny70,5,0.9364933313102257,27,27,5,0,0.0,0,2,0,0.00020292482623842257,Cluster_2
897,wesleyhammond,9,0.8255348415204157,227,142,13,17,11.806151309941303,0,22,7,0.0014905561663000172,Cluster_1
898,troyestrada,45,0.7913107143126669,947,670,21,90,29.414167640795796,25,0,55,0.007473854913385443,Cluster_2
899,christophernicholson,2,0.20091133968552244,79,52,54,12,21.986737137763868,0,1,17,0.0001336792948937138,Cluster_2
900,davidwilliams,12,0.8051192087546649,208,107,5,17,0.0,24,37,0,0.002825438392722823,Cluster_3
901,austinmorgan,4,0.8501327346850368,44,59,2,0,24.488731147998546,0,0,0,0.00040033353542742836,Cluster_1
902,jenkinslisa,7,0.28915033445415095,75,206,55,11,13.16338501380126,34,0,0,0.0009442572382063155,Cluster_3
903,vwallace,50,0.9522600783623237,1004,14,2,92,0.0,0,79,19,0.0013648263795706791,Cluster_2
904,melissa45,9,0.04986014639916425,125,229,138,2,54.60185580347396,156,0,0,0.00036540487644775785,Cluster_1
905,carsontimothy,7,0.14990925324713966,81,244,15,6,32.17757337696689,55,8,19,0.0014291652304665096,Cluster_2
906,buchananshirley,0,0.5375811380515143,0,232,1,0,inf,67,0,0,0.0,Cluster_3
907,laura08,22,0.5757924711223097,415,10,9,34,10.647890963817405,5,0,31,0.00089558990141287,Cluster_3
908,zvelasquez,19,0.6451500833009034,353,24,35,38,11.369836772217486,58,31,18,0.0034483305743625587,Cluster_1
909,natalie33,189,0.016969129315466458,3803,50,9,384,0.0,9,88,40,0.0034552299760840085,Cluster_2
910,douglas52,4,0.9603667746221303,83,2,20,12,0.0,83,14,0,0.0003050704280420588,Cluster_2
911,ndavidson,10,0.04458809273414399,185,584,60,24,59.12305055851654,26,0,30,0.0005392773405800704,Cluster_3
912,andrewdunn,10,0.14306195272340239,209,32,14,27,8.640537932576539,0,20,19,0.000376905059190978,Cluster_1
913,brownashley,78,0.01401451752605698,1510,55,4,140,6.489567023460592,0,17,0,0.0010649756170000105,Cluster_3
914,ianderson,6,0.5668584332940947,125,11,12,14,53.582157908882486,89,0,0,0.0007281818064855898,Cluster_2
915,amy96,11,0.9322668839209722,227,3,167,20,0.0,107,62,77,0.0013842659494210598,Cluster_2
916,jordandavid,18,0.6659471660804642,284,11,251,24,20.212943515070236,152,27,0,0.0033582925352808636,Cluster_2
917,tsanchez,9,0.8226574684804273,229,49,0,25,29.111960561105626,74,11,0,0.0008942191764367074,Cluster_2
918,jeremysutton,3,0.013281203458580082,15,111,103,0,46.85567947847054,0,38,37,0.0003373514173235963,Cluster_3
919,elizabethlynch,9,0.5420152984797261,184,44,29,9,0.0,0,11,42,0.0010879493855537998,Cluster_3
920,amyblack,36,0.4595629775055219,778,61,80,80,34.987805049796975,28,0,0,0.005596490533313488,Cluster_2
921,hoganleslie,1,0.49896794422079305,66,18,8,9,0.0,41,0,0,9.434862512763153e-05,Cluster_3
922,lisa64,9,0.07221318533518795,181,80,1,18,0.0,0,0,0,0.0015027840539294907,Cluster_2
923,bautistadanielle,2,0.6844353610693075,21,477,48,0,261.9336439444562,0,0,22,0.00020250284101423497,Cluster_3
924,jamiewells,44,0.5032204148586344,927,117,4,96,0.0,0,0,28,0.0016946975108292589,Cluster_2
925,nathan16,0,0.765148849861264,33,142,2,6,inf,58,0,0,0.0,Cluster_1
926,stephanielarson,3,0.48529063406171535,29,56,2,3,0.0,0,28,19,0.0004749990284354326,Cluster_2
927,nicole36,13,0.14938163622643208,220,2,49,16,0.0,0,16,0,0.0009846696670016818,Cluster_2
928,ricedale,77,0.648256954077822,1436,5,24,141,0.0,43,23,35,0.004275184915239247,Cluster_3
929,timothyhernandez,6,0.17238636210516622,127,75,64,16,20.847985550730577,0,0,10,0.0006642025822396881,Cluster_1
930,jaclynmorse,3,0.8723945633548149,55,32,54,12,6.226263659066207,0,0,0,0.00042325377391285747,Cluster_1
931,randyrussell,124,0.6131162390692415,2536,73,10,251,0.0,0,11,44,0.02724275847288623,Cluster_3
932,qbryant,0,0.15720388355695425,17,676,18,0,inf,6,3,10,0.0,Cluster_1
933,colliermonica,0,0.9623380574812068,66,122,9,5,inf,29,28,22,0.0,Cluster_1
934,cameroncox,14,0.5183654633353206,245,319,14,25,14.498118971563175,0,78,42,0.0018971557918670483,Cluster_2
935,deleonbrian,3,0.072898451871655,116,39,4,8,0.0,23,0,0,0.0007915030392269695,Cluster_3
936,hernandezronald,1,0.6268329044150672,0,7,36,0,0.0,0,27,6,3.9391633268739696e-05,Cluster_2
937,timothycooper,21,0.2531989070128102,458,29,100,51,6.166754676559506,0,0,0,0.0024123863658908795,Cluster_3
938,cooperlawrence,10,0.8036934518773025,127,7,5,21,13.81911244437595,115,0,30,0.0007711183656098022,Cluster_3
939,richardcarolyn,3,0.8178220735661906,71,547,137,4,183.59328904490425,130,0,0,0.00024156498107341963,Cluster_1
940,andersonkevin,1,0.9789473558546619,0,137,23,0,135.58183785838483,49,4,0,0.00019224485107769586,Cluster_3
941,yfowler,27,0.5018695310245037,526,84,28,51,0.0,0,0,0,0.005002639571462959,Cluster_2
942,chungsteven,19,0.45495687972773713,402,306,1,39,29.204859036171502,0,0,35,0.0025376991063002273,Cluster_3
943,erin00,6,0.7534756054464806,93,0,1,14,33.5637075779782,0,0,28,0.0004161514338751928,Cluster_3
944,rose50,117,0.13247065634192656,2287,95,24,228,0.0,77,36,11,0.013344010646357166,Cluster_2
945,lschmidt,1,0.5469155137931242,62,3,65,2,1.4499762242456935,52,0,30,0.00018982921137490868,Cluster_1
946,youngbrandy,0,0.5462476001308509,0,32,7,0,inf,29,0,2,0.0,Cluster_3
947,droberts,2,0.08947312281038722,15,18,245,5,0.0,114,3,0,0.00018179751867170802,Cluster_1
948,brenda61,6,0.41798408550691357,122,108,60,15,0.0,69,5,0,0.0005558503571643541,Cluster_3
949,torresralph,10,0.853284798567202,331,49,5,38,12.493457113688093,17,0,34,0.00012169959863340603,Cluster_3
950,erin16,5,0.8561536219946603,157,372,21,10,82.49924395182333,12,13,59,0.0008563764440069513,Cluster_3
951,derekprice,12,0.099237664919681,298,11,825,38,30.122421890162666,375,47,36,0.001483803584467117,Cluster_3
952,garnold,1,0.09072088274783086,41,118,3,0,118.17563094290922,0,1,0,4.757404968725291e-05,Cluster_3
953,youngzachary,64,0.2626954770019353,1288,44,44,132,0.0,0,71,39,0.0032592393648138078,Cluster_3
954,terryshaun,6,0.8747660625539935,0,1,12,0,0.0,3,70,22,0.0005726806003795125,Cluster_2
955,bethgarcia,39,0.12890258507349894,746,6,57,70,0.0,32,95,41,0.0027473077330585193,Cluster_3
956,aprilbrown,12,0.7199968026274463,215,25,134,29,0.0,0,0,0,0.0014294500895402037,Cluster_1
957,fnixon,14,0.10116561961310322,186,245,11,22,29.111181168129907,0,0,0,0.0021765266575209407,Cluster_2
958,michaelkara,17,0.6231378537478254,282,76,107,25,8.354206347182519,0,0,3,0.0017912481073450092,Cluster_2
959,georgemoss,14,0.3560672991191448,180,4,562,15,12.037026194420902,305,10,2,0.0004763437009675629,Cluster_3
960,sgreen,19,0.788913962965867,378,25,22,38,0.0,42,57,28,0.00035158035748137555,Cluster_3
961,vkey,54,0.2336904488253636,1120,1251,65,114,38.97725793517379,11,45,46,0.009298623148754211,Cluster_2
962,douglaswhite,9,0.6392018293899598,235,40,8,29,0.0,31,0,0,0.0006946842117544173,Cluster_3
963,muellermary,21,0.23568253457588495,440,18,20,41,23.1907995119878,39,0,0,0.0027102607162366875,Cluster_3
964,hvargas,6,0.7136602831121538,71,80,15,0,20.226112122764185,0,1,0,0.0010824392588254356,Cluster_1
965,danieljoyce,64,0.8736780345607488,1183,130,66,119,0.0,109,0,38,0.007732278468388611,Cluster_1
966,erodriguez,2,0.12680179912676004,0,14,122,0,11.241860883521937,24,1,0,0.000284466092275941,Cluster_1
967,teresaskinner,110,0.8665956885955035,2136,81,17,207,0.3791496168652822,82,19,26,0.012137459586037187,Cluster_3
968,bobbyberry,6,0.5935752544142979,75,18,200,8,34.92213030625846,88,0,0,0.0001175219658355355,Cluster_2
969,jtorres,0,0.12711049086702397,0,120,199,0,inf,57,0,8,0.0,Cluster_3
970,fowens,8,0.427541855359712,109,44,71,12,5.46774655210983,17,16,23,0.0008186654966591319,Cluster_1
971,johnsonlisa,2,0.1608602934850979,56,78,9,1,34.230182858984016,0,13,34,9.154213160058613e-05,Cluster_1
972,ejensen,26,0.7003478888665695,508,8,8,53,17.171376692592524,43,15,0,0.0013901675228940528,Cluster_3
973,ksmith,2,0.7588681344179496,40,7,5,0,17.658266781070097,0,30,0,8.489208232251865e-05,Cluster_3
974,holdercharles,3,0.10579652027279896,117,181,83,7,54.85650072708077,110,28,0,0.00021920495067879046,Cluster_1
975,kenneth06,0,0.5061398526946443,0,28,3,0,inf,0,6,27,0.0,Cluster_2
976,timothybeltran,3,0.8146250560259172,80,55,55,16,0.2939705657662586,69,3,53,0.0003172126680283852,Cluster_1
977,alicia18,0,0.9361630415509965,0,19,3,3,inf,2,3,22,0.0,Cluster_3
978,agill,0,0.51351786674177,0,166,69,5,inf,48,0,0,0.0,Cluster_1
979,kmoreno,23,0.950279223611407,504,11,20,57,0.0,0,0,20,0.0023537298186658163,Cluster_2
980,higginsmelissa,24,0.5356889704560298,523,25,148,70,0.0,91,46,4,0.0043639242264060666,Cluster_1
981,megan15,13,0.39419049459990796,212,136,111,21,0.0,62,18,2,0.0010610192321925435,Cluster_3
982,ymelendez,1,0.8482031285528955,10,273,172,8,303.27082871204595,13,0,4,2.048040758228622e-05,Cluster_1
983,twilliams,6,0.49298271045808906,134,12,179,18,13.3805629196292,41,45,35,0.00044911039733135213,Cluster_2
984,erikachen,7,0.47190251056452304,126,1127,24,17,176.92019940011716,0,0,1,0.0013209000883525504,Cluster_3
985,carlos05,1,0.4903124894098283,49,58,3,13,77.2337610385875,0,0,0,0.00016622835017793386,Cluster_3
986,jennifer52,70,0.8467850018697454,1414,5,4,139,0.0,64,65,65,0.012092375566862055,Cluster_3
987,lozanoamanda,27,0.8319415416880521,631,64,0,60,4.062183045321077,0,20,0,0.003785561172703971,Cluster_2
988,qgray,5,0.4035199924402112,23,16,3,3,32.97203883903989,0,42,56,0.0003051913078695541,Cluster_3
989,brandonoliver,7,0.333299859870525,133,72,22,12,13.877332072097026,0,0,0,0.0007824939565855547,Cluster_1
990,hesskatherine,10,0.4919280240391293,154,30,8,16,14.750505801279889,0,55,38,0.0007313220117361021,Cluster_2
991,jamesday,0,0.572772509737109,30,37,15,10,inf,0,0,0,0.0,Cluster_1
992,gregorybrooks,5,0.23833721062799695,19,6,42,0,14.058626648452872,0,42,4,0.0011498518275873295,Cluster_2
993,nmerritt,2,0.7939550847155906,57,196,12,4,95.43661659467013,0,0,0,0.000549092221946617,Cluster_2
994,debramoore,1,0.4864827657324229,0,4,3,0,3.3223231437216083,39,0,38,0.00010664680476935384,Cluster_3
995,simsjoshua,4,0.3340455484199596,43,4,18,3,16.552808759518843,18,10,38,0.0005034817656752952,Cluster_1
996,nbartlett,109,0.10682099296399061,2107,64,5,201,16.10721316199728,0,42,47,0.02245528133121123,Cluster_2
997,antoniomay,19,0.23884516040360693,356,592,13,32,54.522546717231336,6,7,5,0.0003990249563549042,Cluster_2
998,sdavis,3,0.9492811717559837,114,17,150,14,16.68860633286344,72,2,5,0.00036953374808486506,Cluster_3
999,michaelacosta,17,0.3050996868195266,338,116,13,40,18.755641683605802,0,0,31,0.0040876024514205295,Cluster_3
1000,davischristine,60,0.16885928936703531,1231,228,286,117,0.0,168,0,17,0.005881161470456059,Cluster_1
1001,ashepard,29,0.4606727916549932,663,143,171,60,0.0,107,21,13,0.0017343220229189672,Cluster_3
1002,tparker,8,0.3070877433602487,173,18,8,17,17.86261348702989,0,0,37,0.0005175906096200331,Cluster_2
1003,johnsonmonica,2,0.035159250271194153,12,4,3,0,0.0,0,41,44,0.00012111099429313613,Cluster_3
1004,carol33,21,0.32314521727941725,443,0,18,42,0.0,0,4,8,0.00443021263761115,Cluster_2
1005,luis53,13,0.5441086239394686,232,20,113,14,29.118926357887357,88,28,5,0.0005437155488498337,Cluster_2
1006,hunterjames,28,0.5517123720199669,534,276,9,60,34.26854870404463,42,27,2,0.002268756517450003,Cluster_1
1007,pgutierrez,19,0.3565589211768887,304,4,78,26,6.2463029317331475,8,0,0,0.002799650575822634,Cluster_1
1008,morganlee,35,0.44730275625260063,746,116,123,82,0.0,55,0,11,0.0009756253143776951,Cluster_3
1009,vross,3,0.9655179182347664,40,5,6,9,0.0,0,37,43,0.00024371403556210254,Cluster_2
1010,aodonnell,53,0.3773484772303116,1069,40,7,103,18.10791980224437,52,0,0,0.011093858637969889,Cluster_2
1011,molly69,9,0.258226813259983,128,118,58,7,12.3811255621878,64,0,0,0.0003510730173983555,Cluster_2
1012,regina91,166,0.24346704406676012,3341,10,25,333,0.0,70,78,23,0.009516963960737422,Cluster_2
1013,marshallpaul,2,0.45776461270413416,1,45,7,0,46.81549512815948,77,0,0,0.00020349309211261437,Cluster_1
1014,john80,99,0.7595201487169441,1972,15,11,198,3.783517934100775,0,78,76,0.010943318865718634,Cluster_3
1015,martineztom,9,0.2059881841884732,223,117,18,18,1.454883580165074,53,4,0,0.0006891114100425328,Cluster_1
1016,sheristewart,2,0.7092961271407681,79,50,1,11,34.57880377865262,74,0,6,0.0002801470262423115,Cluster_1
1017,danielyu,3,0.021149823349416286,58,36,63,7,31.424368263850162,0,32,29,0.0004937868285970929,Cluster_2
1018,julia84,4,0.418932977983946,0,547,9,0,116.5965387042448,0,20,0,0.0007450585843580031,Cluster_1
1019,whitemartha,13,0.7758650652027869,409,109,0,37,4.375537117556692,0,0,36,0.0011933248995451811,Cluster_3
1020,mooredonna,16,0.3387329557744314,407,9,19,39,0.0,52,0,0,0.0019677681848080256,Cluster_1
1021,brendan10,3,0.5637371014453995,96,28,6,5,18.37907664900286,0,0,38,0.0004388351733585298,Cluster_1
1022,deniseadkins,7,0.2049792328259108,102,28,252,10,16.640166457197164,216,2,0,0.000666467656423127,Cluster_3
1023,amy30,183,0.7419953911261723,3654,38,8,365,0.0,0,54,23,0.022980051563296192,Cluster_1
1024,mannkatelyn,98,0.05227910326875962,1932,3115,3,194,1.9306907675937843,47,51,2,0.009421663023209396,Cluster_1
1025,cynthia14,14,0.8525426448755004,343,64,43,43,25.207403663416585,18,3,6,0.0015469230575571446,Cluster_3
1026,maryhoffman,7,0.19819638642166815,153,0,7,14,0.0,28,0,56,0.0005972247009565744,Cluster_1
1027,andrew13,8,0.8743980317083307,120,12,6,17,6.923684100877545,0,0,10,0.0013437473226642594,Cluster_3
1028,pestrada,18,0.3525292413005173,336,1,43,34,0.0,2,0,6,0.0018153173936153104,Cluster_1
1029,fzamora,1,0.7226835744744866,76,18,4,6,21.248878104081506,44,0,0,7.373654263250307e-05,Cluster_1
1030,emily42,5,0.31922529778618847,180,0,2,17,33.02467943413716,15,34,35,0.0014851725040453602,Cluster_1
1031,mendozajamie,0,0.9059116712346476,76,6,267,7,inf,51,0,3,0.0,Cluster_1
1032,emilyedwards,13,0.12663712551837436,297,2,47,31,0.0,26,0,0,0.001172966860985805,Cluster_2
1033,theresaward,19,0.1785197892725987,367,66,13,31,23.151807317184787,0,4,14,0.0007854565501226555,Cluster_1
1034,zharris,3,0.4930301251588023,0,33,19,0,7.875044546447079,0,0,0,0.0004852669899347846,Cluster_1
1035,johnwise,78,0.08193843903814613,1574,57,42,160,21.687859505020278,0,6,1,0.006522174319577106,Cluster_3
1036,eross,1,0.19598018470176193,19,27,86,6,46.14526152358327,73,16,0,8.792558378470983e-05,Cluster_1
1037,suzanne67,0,0.9437663822120144,6,2,6,4,inf,58,0,0,0.0,Cluster_1
1038,jtorres,10,0.9764896611478872,202,83,34,20,13.999298303253944,123,0,0,0.00022144986644807334,Cluster_1
1039,angelcurry,35,0.37625932933042194,633,1053,9,67,12.29418458661381,0,0,0,0.0012441184928698224,Cluster_1
1040,xsummers,92,0.9232860210139356,1867,69,15,190,19.302989774192405,45,112,33,0.019508431574120202,Cluster_3
1041,johnsoncynthia,3,0.5448246756734317,91,15,25,13,7.3599515228812855,54,35,48,0.0006000159012202598,Cluster_2
1042,barbermeagan,37,0.26974246587376705,774,2,19,73,0.0,0,4,0,0.00492186768618753,Cluster_3
1043,cliffordtorres,6,0.7023987210805986,167,6,60,11,0.0,0,5,0,0.0008176747058888739,Cluster_2
1044,xkey,5,0.6589018065748572,130,74,41,11,34.92671138210258,0,0,38,0.00027385781049258024,Cluster_3
1045,melissadodson,27,0.9891253191087334,519,228,2,51,40.511834284591984,0,28,30,0.0021546952881923856,Cluster_2
1046,sancheztrevor,19,0.2650472874092833,376,52,2,36,0.0,11,0,0,0.0017869274370430777,Cluster_1
1047,lewischarles,0,0.6720595026617354,4,139,11,0,inf,73,0,34,0.0,Cluster_2
1048,tonyacampbell,67,0.052023755029446894,1345,118,311,143,0.0,210,47,69,0.006128851069679723,Cluster_3
1049,mitchell25,58,0.11364603869671941,1209,82,5,119,0.0,0,72,82,0.007179368279952229,Cluster_1
1050,hjohnson,2,0.003918374951093262,72,10,14,8,7.954116415260163,0,23,30,0.0004423035506990526,Cluster_3
1051,shelby67,13,0.9994606810596731,363,45,8,42,0.0,68,43,0,0.00042233506811004096,Cluster_3
1052,david93,15,0.8022736971474778,410,7,8,29,0.0,0,0,0,0.0014762245931611206,Cluster_2
1053,savannah40,10,0.7867230147335408,203,34,26,17,0.0,10,0,0,0.0011906336685541996,Cluster_2
1054,davismaria,3,0.5097260752881797,0,60,164,0,0.0,0,0,0,0.000824533979870771,Cluster_3
1055,tkirby,2,0.30006708290543993,101,679,39,8,326.56626293873217,77,3,0,0.0002566925505220482,Cluster_1
1056,stuarthardin,7,0.15126428446267592,112,3,6,10,0.0,0,14,0,0.0010403001474349285,Cluster_2
1057,uwilliams,42,0.28467473884646366,799,78,1248,87,0.0,541,11,10,0.0003959278511393594,Cluster_2
1058,samantha61,16,0.3759712219291391,300,476,22,33,15.485017438320549,63,0,0,0.002333742687292324,Cluster_3
1059,brittanymathews,4,0.756310096980294,57,129,8,10,39.76227754291315,100,39,11,0.0004582028696328892,Cluster_2
1060,wheelerkevin,23,0.5396617889031524,490,148,167,49,18.305562336661964,68,30,10,0.000820334311767027,Cluster_3
1061,moorekaitlyn,0,0.07748362655548269,0,95,9,0,inf,2,39,60,0.0,Cluster_1
1062,cruzpeggy,41,0.01802900895891224,766,342,243,66,3.6325742571639656,166,0,54,0.0055430449240472714,Cluster_1
1063,robinrobinson,0,0.10233217953406315,17,4,5,0,inf,16,0,0,0.0,Cluster_2
1064,mjackson,4,0.41049871369737934,111,2,171,12,0.0,66,38,31,0.00042497216538125895,Cluster_1
1065,nancyprice,1,0.9331929170490183,52,32,27,5,15.740106811801262,0,0,0,8.423987429309463e-05,Cluster_1
1066,robert17,1,0.6374024812092216,0,0,139,0,14.072077361574722,0,0,19,4.7606318275502116e-05,Cluster_2
1067,sanchezkristina,42,0.8018258998755151,791,303,348,77,0.0,185,6,0,0.005674632598969072,Cluster_2
1068,debbie10,3,0.46637459450454855,34,298,3,13,97.71883456707448,0,1,0,0.0001394039795922901,Cluster_1
1069,keith76,12,0.3616660831950428,251,15,136,20,0.0,46,36,71,0.001974674276698077,Cluster_3
1070,gcunningham,6,0.10840037271662273,194,16,2,24,14.649308694164516,0,0,0,0.001203309135751275,Cluster_2
1071,nicholas31,15,0.875933022186205,197,29,4,19,0.0,0,31,0,0.0013616300021969045,Cluster_2
1072,dianamullins,8,0.7831600290279028,148,36,6,14,4.749614109718791,33,18,29,5.0343128729762075e-05,Cluster_2
1073,lyonsjohn,1,0.1681180975977251,0,41,42,5,47.85968682718214,65,0,0,0.00012182049031302203,Cluster_1
1074,umoore,32,0.5122605638762605,557,90,21,63,0.0,0,0,0,0.00020023114168875512,Cluster_3
1075,arice,3,0.4873748079212449,108,24,15,9,0.0,0,0,68,0.00017247589087482238,Cluster_3
1076,josephmiller,0,0.6250915526865286,27,180,25,6,inf,0,0,18,0.0,Cluster_2
1077,johnrodriguez,3,0.9461868939912612,82,73,48,10,34.61627148601942,70,0,0,5.807029261839993e-05,Cluster_3
1078,emily13,70,0.5797714417624796,1446,11,54,144,3.807129079396855,28,80,30,0.005853391380872344,Cluster_3
1079,tonya51,26,0.5402172667786186,496,366,103,50,25.286008135919225,69,12,18,0.003649424322294836,Cluster_1
1080,jacksonchris,4,0.050322932934663944,58,2,307,2,0.0,171,0,0,0.0007951372828905557,Cluster_2
1081,brandy39,4,0.06290747601802393,189,28,19,17,0.0,0,59,22,0.0002646882790065441,Cluster_1
1082,daniel33,4,0.1873467913267889,67,188,9,3,48.69011611513579,0,0,0,0.0002351332191527826,Cluster_2
1083,carolinemitchell,166,0.03247077169174828,3356,9,50,340,0.0,0,54,37,0.015170287678005151,Cluster_2
1084,brownrobert,13,0.7433528955700124,260,57,3,25,0.0,57,43,22,0.0009680551585989342,Cluster_2
1085,davissummer,14,0.7233303039939631,187,88,7,12,24.931281382241757,0,26,0,0.001548331083522936,Cluster_1
1086,emilyhess,34,0.13605623443164294,577,7,89,54,3.987873488278201,23,13,30,0.00016168577044763525,Cluster_2
1087,lfisher,10,0.8360789007952809,171,29,16,1,0.0,0,29,0,0.00034328057526086423,Cluster_2
1088,edwardsjames,5,0.15478603484611198,152,24,3,12,0.0,0,11,0,0.0003764006522150873,Cluster_2
1089,christopher24,5,0.3011755869973588,139,12,2,14,14.818431137783298,0,0,0,0.0006374969111835537,Cluster_1
1090,bettybaker,6,0.248976899161365,165,2086,21,15,351.90608537966637,94,0,25,0.00039826010467366486,Cluster_3
1091,sharonbradshaw,6,0.3723070985730478,70,8,111,16,0.0,88,0,0,0.0007006969107518341,Cluster_1
1092,masondiane,22,0.25466376588996187,520,202,109,54,0.0,28,43,36,0.002129015733115535,Cluster_3
1093,hcolon,7,0.48895092643845206,91,16,23,11,39.92175093851728,65,0,8,0.0013322709495361133,Cluster_1
1094,aprice,22,0.4074078813546854,450,4,408,36,0.0,196,24,0,0.001647783824502584,Cluster_1
1095,james09,6,0.9865694907793265,119,39,17,10,17.053930066002458,76,8,3,0.00031287376631647086,Cluster_3
1096,curtisaustin,8,0.055926350128225666,151,106,16,12,43.463858646763484,118,0,0,0.0006668822493764079,Cluster_3
1097,umorgan,0,0.14218137638735162,66,173,0,2,inf,51,0,8,0.0,Cluster_2
1098,christopher27,29,0.052825893908602484,544,551,10,50,6.991266470655907,9,25,0,0.006997366590034893,Cluster_2
1099,joseph34,12,0.6258411949823758,172,6643,72,8,525.0623524994191,70,0,29,0.0017935931666449364,Cluster_2
1100,icarroll,33,0.05450927741371958,660,51,209,59,0.0,105,5,0,0.00124374564321355,Cluster_1
1101,amanda58,0,0.8364397373761233,0,10,5,4,inf,0,11,0,0.0,Cluster_1
1102,sarahstewart,169,0.5119386306819278,3548,74,40,354,29.4573962814849,0,86,81,0.009165920896697505,Cluster_2
1103,thomasmary,5,0.5270076245815337,133,20,96,10,0.0,0,33,0,0.0005199423905468004,Cluster_2
1104,debra18,38,0.5615945077121942,739,175,20,73,0.0,0,30,40,0.006666742206498669,Cluster_3
1105,bentondavid,1,0.17081370630621073,0,3,0,5,16.949621816223733,89,0,11,0.0002080998145807507,Cluster_3
1106,hancockkelsey,18,0.19769030311448754,265,2351,29,26,116.89216603301618,70,0,0,0.0011876759264466007,Cluster_3
1107,ryanjackson,1,0.3188173228730047,0,154,62,2,159.4896581525684,53,1,0,2.3518752674513466e-05,Cluster_3
1108,zsmith,2,0.5934964158218514,45,1,4,0,1.3360290017102516,42,41,55,0.00018320425220151295,Cluster_2
1109,parkcarol,130,0.21011777594021452,2671,9,13,264,0.0,0,50,42,0.0065549633914768245,Cluster_2
1110,shannonhenry,5,0.11633172713326123,156,143,3,17,28.28923682526959,37,0,0,0.0008754266647993137,Cluster_2
1111,robert79,10,0.9701168864184322,211,275,0,30,62.763042292999586,46,18,16,0.0022012603093517174,Cluster_1
1112,karl07,27,0.021981814809622913,523,3,93,59,12.201769993130235,0,0,25,0.002218996545756677,Cluster_2
1113,bryan82,15,0.8026974053360216,313,119,19,34,29.783349418452904,47,0,2,0.002199021068436149,Cluster_1
1114,rogersjorge,9,0.7880351495750221,154,0,220,16,0.0,38,5,8,0.0008199075537035767,Cluster_1
1115,brandon81,12,0.297214113845096,325,28,72,39,24.252056285484823,0,35,46,8.401897753740293e-05,Cluster_3
1116,orrjoseph,271,0.1356266160073134,5410,245,11,544,13.684468549970106,71,118,109,0.01631230080627945,Cluster_2
1117,millerkevin,6,0.14562864670542341,115,12,17,0,0.0,0,17,7,0.00022652772150466425,Cluster_3
1118,newmanpamela,9,0.6974316172371925,69,2,46,1,11.018036889644216,0,24,0,0.0006461048403939013,Cluster_2
1119,thomas28,35,0.6428065910861737,690,43,85,70,0.0,91,41,0,0.0005553583285004656,Cluster_3
1120,johnsonsamantha,38,0.7827456742513867,801,11,32,71,0.0,0,0,0,0.004950632255341791,Cluster_3
1121,ilopez,43,0.9374811723991047,806,102,105,76,4.967607669808205,43,0,0,0.008459131804977395,Cluster_3
1122,webbcynthia,19,0.691927363266592,342,6,12,30,11.096641294936408,0,0,0,0.0032521732674836183,Cluster_3
1123,zwilliamson,1,0.15585153655144346,59,8,4,4,11.032161372891258,19,24,60,9.704499160595685e-05,Cluster_2
1124,caitlin87,85,0.24344261676541068,1626,0,18,161,0.0,0,62,50,0.0073851607738913555,Cluster_2
1125,rodrigueztaylor,1,0.8421937308731146,72,44,27,5,37.38829323083336,19,0,0,0.00016402877293086144,Cluster_1
1126,baileyjonathan,11,0.20930607583420857,193,24,3,23,51.513578368649306,0,69,40,0.0003757924879900752,Cluster_3
1127,rmcdonald,2,0.07252231695448141,20,3,2,0,0.0,18,0,0,0.000246304345985737,Cluster_3
1128,schmidtkristen,6,0.7032800540422505,63,46,39,4,25.125106313810736,35,32,48,0.0008534449721830997,Cluster_1
1129,hthomas,12,0.40252635549014204,258,210,10,19,17.808459417779677,99,51,0,0.0007248244578392497,Cluster_1
1130,thompsonmichelle,11,0.9200400525459036,342,22,15,39,0.0,0,8,17,0.0004516321751874329,Cluster_3
1131,tvasquez,13,0.6502550710936615,299,53,11,26,3.1089420643514973,0,0,0,0.001974320961319019,Cluster_1
1132,amberanderson,83,0.09041897779166075,1616,54,196,156,0.0,109,19,1,0.004930953634181867,Cluster_2
1133,stephen89,14,0.9478565672536607,336,3,133,34,0.0,114,0,31,0.0010749489496856542,Cluster_1
1134,jessesilva,5,0.2585572636402459,84,1341,3,4,267.2613134832879,0,34,0,5.809911446957208e-05,Cluster_3
1135,victoria26,31,0.33721249040628576,688,14,9,66,0.0,9,0,0,0.0009168546830071984,Cluster_2
1136,crawfordjohn,44,0.40226041368354204,920,107,71,93,12.559468951579346,0,0,15,0.00675231331811047,Cluster_2
1137,gonzalesmichael,1,0.05122429640431325,0,132,49,0,112.72477918176935,10,11,18,0.00014279061437667123,Cluster_1
1138,michaelroberts,18,0.49651542223060485,309,25,18,42,0.0,62,26,17,0.0013974095460855237,Cluster_2
1139,rogerreyes,21,0.12331849107529225,467,98,3,46,0.0,0,69,53,0.002835410931764136,Cluster_1
1140,zmosley,4,0.40097032668835175,87,51,7,11,56.26908323670973,12,0,0,0.0004395772606999883,Cluster_3
1141,hannah74,58,0.3507097879920843,1108,2,9,101,0.0,0,24,62,0.0061424186060267515,Cluster_1
1142,pmartin,5,0.7728400834265033,68,18,30,2,12.322461775395807,0,37,0,0.0007574168045689463,Cluster_2
1143,kleinryan,8,0.8031705116327311,64,10,258,0,0.0,177,7,33,0.0003590708293099453,Cluster_2
1144,william90,5,0.153412882389088,95,14,7,4,0.0,0,0,4,0.0007477569608098797,Cluster_2
1145,bakerwilliam,7,0.3665511873792262,250,3,4,27,12.507190002178083,16,27,31,0.0012016759310337743,Cluster_3
1146,leeward,1,0.3733531610318317,60,251,17,11,262.09637429677844,23,0,19,4.281019965637699e-05,Cluster_3
1147,vking,0,0.15141044393608505,109,592,94,12,inf,4,25,28,0.0,Cluster_2
1148,murraysamuel,80,0.7984535050511905,1644,192,2,163,0.0,8,2,0,0.0026462917429307246,Cluster_1
1149,marklee,2,0.7072283283354233,91,326,177,5,175.4428194740128,41,0,0,0.00034037415565729793,Cluster_1
1150,ryanbenjamin,1,0.19038178629703473,118,17,15,17,28.047543860186885,33,0,0,0.0001833210649742283,Cluster_1
1151,alexander01,0,0.36672190859379905,18,10,6,12,inf,0,0,0,0.0,Cluster_2
1152,brooke68,2,0.10580502485651422,30,8,1,3,12.838887676167564,0,3,9,0.0002195984525873416,Cluster_3
1153,gibsonchristina,1,0.6282065970930439,71,105,57,11,96.0834103804893,15,0,15,0.00011722278942701673,Cluster_1
1154,dustin08,86,0.12137192454861967,1792,49,15,180,0.0,63,51,40,0.013120112571179059,Cluster_2
1155,zconner,33,0.9859341686249178,636,28,25,67,0.9277284709063524,19,22,0,0.004442264642554411,Cluster_2
1156,debraali,2,0.7806820746878623,3,340,5,0,180.38065482183035,50,0,0,0.0003551787990667109,Cluster_2
1157,sanchezsandra,216,0.39023854958399506,4326,68,12,430,6.4998202058634895,33,121,56,0.02412358052654429,Cluster_1
1158,brian70,32,0.5785639322793544,681,7,9,70,10.402003601533448,31,22,0,0.004234620347937796,Cluster_3
1159,ihernandez,4,0.9113418162164088,119,9,17,17,0.0,0,0,0,0.00011476654166061188,Cluster_1
1160,kenneth96,0,0.5540992803958261,0,113,7,0,inf,54,54,32,0.0,Cluster_2
1161,zlutz,229,0.17449848639795518,4675,215,2,457,0.0,0,126,110,0.05708173212911856,Cluster_1
1162,andrew05,0,0.3787033555811593,0,89,1203,0,inf,515,23,0,0.0,Cluster_3
1163,longjason,0,0.8431448650297454,0,1006,2,5,inf,0,32,0,0.0,Cluster_2
1164,cisnerostimothy,34,0.6442130159896179,634,628,26,55,14.593485109348439,35,37,7,0.0031817798346900966,Cluster_3
1165,richardgreen,287,0.6507243843338003,5874,73,1,581,10.899110137727206,0,205,131,0.016052980563788913,Cluster_1
1166,matthewsjennifer,58,0.8668214856884892,1172,7,1,117,15.37090190902571,0,33,50,0.007699415444593671,Cluster_2
1167,pthompson,17,0.8939730574625047,297,3,23,29,31.41528533197094,0,8,2,0.004064429795523517,Cluster_2
1168,david19,18,0.9197925717794363,403,16,26,43,11.293586805398107,52,0,0,0.00154014787744724,Cluster_1
1169,richardcruz,26,0.0948491932531561,558,128,133,49,10.461340839070987,150,5,0,0.0017451032609324233,Cluster_1
1170,carrieevans,23,0.5441260019631009,450,887,36,43,29.63931516101797,7,0,4,0.002964721868669334,Cluster_1
1171,laurabruce,11,0.7405095212183186,262,70,16,32,0.0,34,25,39,0.00044270956415117717,Cluster_1
1172,dannyoneill,8,0.7569268451270138,118,271,4,5,53.279970293363114,27,0,45,0.0003469139775403994,Cluster_1
1173,xshelton,6,0.6067162019700039,95,21,190,16,22.52140703477817,172,5,0,0.00039781461819070107,Cluster_1
1174,leslie98,2,0.16678733518367417,0,101,80,0,28.959745983024547,7,17,13,0.00033337184196701353,Cluster_1
1175,miguel41,4,0.7974205539416643,13,145,3,5,50.71191774306963,0,6,0,0.0004711260780829921,Cluster_3
1176,krobinson,0,0.7201113335149457,90,0,21,7,,0,0,0,0.0,Cluster_1
1177,juarezkelly,6,0.08613577154903629,202,15,24,14,0.0,15,23,0,0.0011599068701014092,Cluster_2
1178,burnsjames,1,0.46380982467437626,23,182,11,0,192.80913609578354,130,0,0,0.0002141510007750078,Cluster_3
1179,yhogan,1,0.17397739952180358,103,54,63,13,33.00907081036385,33,0,0,0.00013424134664343155,Cluster_2
1180,danielsalison,9,0.3374770457129719,171,3,69,17,0.0,0,0,61,0.0015120345675776314,Cluster_3
1181,jwaters,59,0.018081092205685434,1167,0,15,122,0.0,0,71,31,0.0029300227727341514,Cluster_3
1182,victoriapham,29,0.40032986841075824,582,17,13,65,5.742501001651503,69,59,60,0.002759715459939771,Cluster_1
1183,lisafox,0,0.5498769211562105,0,29,190,0,inf,52,15,0,0.0,Cluster_3
1184,libryan,1,0.6195825928270868,9,6,81,0,63.342136343759485,73,24,70,8.762510935371004e-05,Cluster_1
1185,mccarthybrooke,30,0.6634903451287101,657,42,22,59,8.977024584699489,0,0,8,0.0019232921926989202,Cluster_1
1186,wendy90,1,0.83629131310246,27,82,1,0,84.942836385974,0,0,20,1.968953738359369e-05,Cluster_3
1187,nsmith,5,0.21546290727573003,135,110,33,19,30.59182606628182,46,39,8,0.0006095617765633016,Cluster_3
1188,mooneymatthew,16,0.12048182243846794,371,0,57,39,0.0,0,20,36,0.0013499037145921916,Cluster_2
1189,pjefferson,1,0.8515371718979257,39,3,0,1,21.589581241870775,21,2,9,8.577648829009708e-05,Cluster_2
1190,rogersmatthew,8,0.1566128148926499,111,19,29,11,9.595038923542033,39,0,0,0.0004943312779586266,Cluster_3
1191,qmanning,0,0.9747600813361953,0,92,10,7,inf,32,35,0,0.0,Cluster_2
1192,npeterson,2,0.842538229398637,47,79,14,14,27.01759554266122,0,34,14,0.00025424334760902427,Cluster_1
1193,pagebrian,11,0.5008766058895991,211,77,5,22,0.0,36,24,6,0.0003494843855605538,Cluster_1
1194,michael24,0,0.9814214249220252,4,16,16,0,inf,0,1,22,0.0,Cluster_1
1195,pinedaheather,14,0.09737672910800421,279,18,162,29,6.938391410912131,0,0,0,0.004152234606550769,Cluster_3
1196,angelachurch,7,0.30306576117510164,269,8,10,31,0.0,40,24,0,0.001751713011681912,Cluster_2
1197,ramirezkristina,16,0.6382244150406114,253,131,85,26,14.02204334134742,50,0,16,0.0006323236435041713,Cluster_3
1198,griffithbrent,10,0.35000686847317874,100,6,5,13,0.0,0,0,32,0.0011478721413428542,Cluster_3
1199,morrisjustin,57,0.9283725519807918,1156,152,62,117,11.278256359197137,0,0,0,0.006962454172003365,Cluster_1
1200,lindsayellis,8,0.06562608817781757,141,48,20,7,0.0,0,41,69,0.0005459702103165381,Cluster_3
1201,tmurillo,3,0.5494118320609646,75,30,34,3,13.857800237701625,19,0,34,0.0002559314051966872,Cluster_1
1202,huynhcraig,8,0.5908662673951145,189,10,20,17,0.0,92,16,0,0.0011344181486333347,Cluster_2
1203,brendakirk,16,0.6527281237772241,384,2,52,43,0.0,19,4,0,0.0028390157008694795,Cluster_2
1204,mchandler,7,0.25566622333181444,64,10,0,2,0.0,0,90,80,0.0002525005112992409,Cluster_2
1205,blee,7,0.36456642751986446,112,18,2,13,33.29778004778951,0,16,0,0.00029649756279057744,Cluster_1
1206,brookswesley,2,0.8436805296649776,61,0,37,7,0.0,127,0,0,0.0004127108777234878,Cluster_2
1207,eric64,2,0.19494276897015983,78,23,0,15,13.887845007883987,37,36,0,9.419952837506509e-05,Cluster_1
1208,heidimoore,0,0.826867847173362,109,174,9,10,inf,0,0,0,0.0,Cluster_1
1209,whitemonica,101,0.5626554229027424,2067,91,18,197,46.90160380189893,10,44,63,0.006726403193920786,Cluster_2
1210,reedwilliam,1,0.7621875111940821,17,13,5,4,3.141340351066244,19,0,9,0.00010380196844175892,Cluster_1
1211,qclark,2,0.7136073662634715,0,36,7,10,5.359987907913741,0,6,29,0.0002668992602889501,Cluster_2
1212,michaelcarlson,2,0.207511495384879,11,12,30,4,0.0,52,6,0,0.0002003903322578241,Cluster_3
1213,laravanessa,28,0.5688127364338729,530,43,91,49,24.34604098263867,4,0,2,0.002725802017953727,Cluster_2
1214,amanda64,4,0.8677231528050924,112,529,4,5,114.9017134152185,0,0,0,0.00018550669123841153,Cluster_3
1215,maldonadochristopher,48,0.43211623680192934,972,189,8,92,0.0,7,27,13,0.0006798412553117156,Cluster_3
1216,mark23,2,0.9665907702233167,0,84,6,10,5.021242452574896,0,0,0,0.00022463684768644297,Cluster_3
1217,moorerobert,11,0.45221510010171806,198,13,0,18,18.861255035388705,0,0,0,0.0013961237478252785,Cluster_1
1218,dgarcia,2,0.14278563666788469,83,127,24,4,86.66516561556053,0,51,24,5.210950406997208e-05,Cluster_1
1219,michael11,184,0.38943468007767323,3697,1,81,368,16.920936054296,9,101,52,0.018464329473934428,Cluster_1
1220,darlene08,1,0.9517024063905372,48,21,92,3,0.0,102,0,52,0.0003023527308028253,Cluster_2
1221,ubishop,11,0.31972084933985423,239,94,5,31,20.688475361040673,24,0,44,0.0002307301982496682,Cluster_3
1222,rebeccawoodward,19,0.8680981598670628,461,125,3,41,0.0,0,7,39,0.0007265020562317446,Cluster_2
1223,dennis61,13,0.8812506816818898,271,110,20,33,9.62234450282327,0,36,66,0.0012742932814918198,Cluster_1
1224,dennissandoval,5,0.35018652433196107,80,56,69,8,15.301551599675943,0,81,84,0.0009378505056622521,Cluster_3
1225,yking,6,0.08325765805063212,74,23,25,13,10.036997695498634,20,59,34,0.000209067366120398,Cluster_2
1226,zkim,7,0.7245579091588182,152,87,30,23,23.121302081320795,0,0,0,0.0006771153895127066,Cluster_3
1227,iwallace,5,0.311512299013986,0,5,111,0,0.8393279288145574,20,0,5,0.0008332808656773314,Cluster_3
1228,karen24,31,0.7829236142575724,610,7,6,59,0.0,0,0,0,0.007104814970067032,Cluster_2
1229,robert35,203,0.4426548482604331,4049,37,14,405,10.88468618584286,3,76,19,0.021589699268142984,Cluster_3
1230,alisoncabrera,3,0.48526674234262157,0,45,233,0,16.952162822554957,155,0,7,0.0005973259126259709,Cluster_2
1231,phill,0,0.7779094067485368,0,1,14,0,inf,6,0,0,0.0,Cluster_2
1232,gutierrezjill,6,0.3823633310616279,160,75,3,23,0.0,4,64,41,0.0007142771245542939,Cluster_2
1233,shortjoy,354,0.44312734532291453,7091,133,7,710,31.17614993317644,0,137,57,0.011210013023139204,Cluster_3
1234,hperez,2,0.37619046876962214,45,28,4,0,38.62601076581365,0,0,0,0.00018212462319346152,Cluster_2
1235,ledwards,86,0.36734051527727996,1735,2378,34,163,41.77031093684677,61,0,4,0.017664674090876232,Cluster_1
1236,vstein,91,0.5259465769014594,1824,9,5,170,0.0,39,55,24,0.006170048467132357,Cluster_1
1237,vrobinson,3,0.8087994445011507,122,17,30,16,0.0,117,0,0,0.00031985690484075547,Cluster_2
1238,hunter78,17,0.36176831192256587,346,16,6,31,16.23475997929294,33,41,0,0.0034327684134393324,Cluster_1
1239,droberts,84,0.5242547205377367,1607,28,0,158,7.6670688104348335,0,33,31,0.0056897175289658975,Cluster_1
1240,nashpeter,4,0.6707273254426008,161,18,31,18,0.0,0,0,0,0.00046340250734206497,Cluster_1
1241,albert44,5,0.269439446303655,118,2,25,9,22.896126133957523,60,0,14,0.0007533506135037828,Cluster_2
1242,madisonhicks,3,0.27752280490239256,30,12,43,5,20.959950679257,0,0,0,0.0006196578593126919,Cluster_1
1243,beverlycooper,1,0.9334131270234548,0,27,7,0,30.52190976461699,43,7,0,2.887248197905076e-05,Cluster_2
1244,grahampatrick,2,0.7235345733310886,59,302,6,5,151.7011683574223,0,13,16,0.00026709390766685605,Cluster_1
1245,amandasmith,1,0.5771866762233089,14,1744,36,0,1745.0193543519936,35,0,0,0.00012607217859206022,Cluster_3
1246,steven06,7,0.647720054420612,218,366,196,17,65.8845117424092,45,31,28,0.0015003985582908255,Cluster_1
1247,nicholas06,2,0.029299443103418366,22,8,20,5,0.0,48,0,0,4.784689225366126e-05,Cluster_3
1248,ronald40,10,0.6181029655616969,158,9,37,12,9.419662435700733,0,0,63,0.0012433549297011645,Cluster_3
1249,mezahannah,0,0.5095088732242019,44,24,12,10,inf,19,8,0,0.0,Cluster_2
1250,daniel36,12,0.5457496797794357,286,822,1,40,95.23110343504469,0,44,17,0.0010892948313284546,Cluster_2
1251,jesse82,25,0.3594238268308171,508,24,85,54,11.602571431504693,47,51,22,0.0014620286419347543,Cluster_2
1252,millermadison,0,0.08147389771294189,33,3,78,10,inf,19,0,0,0.0,Cluster_2
1253,bjohnson,12,0.19333923361205219,238,13,58,27,2.6952498139283314,8,0,18,0.0013068032346509712,Cluster_3
1254,audrey90,46,0.9507447132126717,931,129,15,90,0.0,15,44,15,0.008759238623447562,Cluster_3
1255,jenniferyates,1,0.40869956227093396,78,114,49,8,144.08225675401593,0,0,0,0.00012033662537124114,Cluster_2
1256,kristi11,90,0.46668315583086417,1831,23,76,193,32.71307524497974,0,48,46,0.00849589625581862,Cluster_3
1257,coxnicholas,13,0.05270978985343899,251,113,228,22,22.61678134356465,96,0,0,0.0023065782938258748,Cluster_2
1258,wrightjennifer,2,0.03756622954398059,107,0,88,5,31.13313135309155,24,0,0,0.0002879611579309197,Cluster_1
1259,rreid,6,0.7171814470467577,1,39,22,0,9.53591897745001,0,0,16,0.0007698831432413739,Cluster_2
1260,qmartin,17,0.5380946641211113,442,155,2,43,24.38789840231947,47,37,13,0.0006746511675203774,Cluster_1
1261,lisa50,8,0.5087059842162667,74,7,25,2,25.36949043819511,0,4,0,0.0007718301389144091,Cluster_1
1262,matthew00,16,0.24312453042266868,288,7,29,37,0.32262808968166,3,46,89,0.00209676080912205,Cluster_1
1263,kaitlyn53,1,0.7447507316299222,17,1,58,2,2.4220771463469033,0,16,0,0.0001485510025464481,Cluster_3
1264,patrickperez,9,0.16823657910849188,172,579,153,22,83.00646536191128,180,52,0,0.0010072544418438048,Cluster_2
1265,emitchell,0,0.18993474366102003,50,9,17,3,inf,129,24,0,0.0,Cluster_3
1266,seanconner,6,0.46071217134827547,67,51,469,0,0.0,195,25,59,0.001149122213310063,Cluster_2
1267,heathsteven,1,0.2862798621119409,33,98,1,0,54.26341257457062,61,0,0,0.00010412982626402239,Cluster_1
1268,george85,2,0.24746298123314636,11,503,37,0,247.98943874805903,13,91,60,9.436728815471793e-05,Cluster_1
1269,sextoncynthia,47,0.6452376445533317,954,25,6,97,0.0,83,26,3,0.0024930218789652814,Cluster_2
1270,morrissara,37,0.6509717452185445,736,12,1,76,0.0,17,0,15,0.0034572063687359346,Cluster_2
1271,boltonjames,18,0.8245170697999292,364,45,14,39,0.0,11,17,9,0.0014746278309731944,Cluster_2
1272,jacksonramirez,1,0.41770856697297587,0,334,2,0,322.6271537811975,0,0,6,1.1484052182120787e-05,Cluster_1
1273,schaefergabriel,4,0.07308509102615024,54,24,15,5,22.40876288327083,0,32,51,0.00042819034709164845,Cluster_2
1274,zpace,45,0.2736663849214577,914,5,21,86,20.864701925716318,11,44,37,0.003963252078941674,Cluster_1
1275,cpierce,9,0.9800054631968169,227,2,107,24,10.397036618366368,63,0,0,0.00027522192413728636,Cluster_2
1276,pattersonjoy,239,0.5962585752327021,4750,3,2,477,12.662691822491336,0,92,63,0.026616692859135375,Cluster_2
1277,dmelendez,13,0.7097370848010203,216,156,78,15,25.122409127372922,2,10,66,0.001936221357457681,Cluster_2
1278,michael98,9,0.007357829625414536,210,18,23,25,0.0,39,0,14,0.0006743687696021828,Cluster_3
1279,adrienne90,4,0.5182057321825209,78,11,93,19,2.9539536401423283,0,25,18,0.000492479637081712,Cluster_2
1280,rholland,9,0.03752865753180312,221,9,10,26,0.0,11,21,0,0.0006857408085318189,Cluster_1
1281,samuel81,5,0.569230212091448,54,38,2,4,17.782789513430814,62,90,72,0.0010277198005285656,Cluster_1
1282,camposxavier,21,0.9207708496360754,331,21,3,31,0.0,20,0,21,0.0035569040577507175,Cluster_3
1283,macdonaldchristopher,31,0.9684191305004078,593,20,2,58,0.0,17,6,11,0.0025596006583392377,Cluster_1
1284,colemanashley,2,0.5405526753889242,1,375,41,0,198.45539552039173,0,0,2,0.00012296732584078817,Cluster_3
1285,brownscott,1,0.45820480525221596,16,527,184,2,504.64484103367374,50,0,70,0.0001394275419681968,Cluster_2
1286,jared90,0,0.945017094248494,0,1,8,0,inf,106,30,39,0.0,Cluster_3
1287,hamiltonsamantha,15,0.6736098319966951,337,59,51,24,14.06577673236827,0,0,31,0.0008678418133362035,Cluster_3
1288,riverakyle,1,0.06489927953840946,5,8,2,1,15.616493916758195,64,59,37,6.782612536515106e-05,Cluster_2
1289,christopherbaker,0,0.46572557766749756,7,21,26,0,inf,0,17,6,0.0,Cluster_2
1290,cody66,13,0.2402450184643039,267,57,54,23,0.0,13,0,15,0.0010229795365956952,Cluster_1
1291,katherinestewart,310,0.46980432144868156,6209,22,2,614,3.109345017071659,26,132,75,0.02991975977270137,Cluster_2
1292,cunninghamsamuel,7,0.45546557200636173,138,50,14,15,7.343888587541126,12,34,19,0.0008895217681299666,Cluster_3
1293,ehernandez,25,0.582144802814742,525,111,58,47,4.189021107677105,48,13,19,0.003636038437742317,Cluster_3
1294,johnsonrobert,8,0.35677049034925123,120,56,0,11,0.0,0,4,0,0.0007645213381658378,Cluster_2
1295,klivingston,6,0.16427044945592806,189,10,148,27,0.0,17,0,5,0.0013382607348962306,Cluster_2
1296,ddaniel,29,0.5037194345899563,568,10,34,60,0.0,0,12,9,0.004220469685606868,Cluster_3
1297,shelley55,4,0.8302028843457621,14,2,58,0,0.0,2,0,24,0.00034446920756875247,Cluster_1
1298,kelleramy,11,0.6640122280676023,229,7,10,16,0.0,0,46,12,0.0023905329430930706,Cluster_2
1299,robertbrewer,11,0.33836786592521584,177,1131,1,18,119.8592574543823,52,27,0,0.0017714282469608955,Cluster_3
1300,serranodebbie,2,0.9355230227588572,73,7,44,0,0.0,26,0,0,7.718350255226819e-05,Cluster_3
1301,ldavis,32,0.9122075712491822,750,3,17,64,0.0,32,10,15,0.006317754258214357,Cluster_3
1302,wandamullins,5,0.20934839938409877,60,58,21,8,34.926794231225045,17,5,27,0.00014647369587057266,Cluster_3
1303,droth,2,0.039417585120362975,56,27,102,7,31.682587051991042,0,0,0,0.0003058977764271366,Cluster_3
1304,lauren01,16,0.7413087083507622,232,23,62,25,25.763377701945654,31,0,13,0.0006768217754674908,Cluster_3
1305,lvelez,1,0.8276102613491533,42,418,358,5,406.18438845251546,185,0,28,3.970775580824714e-05,Cluster_2
1306,nelsonsamantha,7,0.9678645659513553,95,88,25,9,28.25719108598271,50,0,18,0.0010605340183488597,Cluster_2
1307,amynolan,7,0.8898363940883107,108,12,7,7,0.0,0,0,0,0.001012044249557555,Cluster_2
1308,troy97,37,0.6005347682064148,684,15,15,70,0.0,0,0,0,0.0018680067612780432,Cluster_2
1309,uarnold,15,0.5300523392123808,336,13,37,41,0.0,27,32,30,0.0002304303006393849,Cluster_2
1310,darryl02,7,0.02784105126258629,190,159,92,16,11.19748147032551,63,0,40,0.0008791012769080347,Cluster_1
1311,malloryclayton,25,0.24665644684477783,501,19,2,44,0.0,0,68,41,0.0019294931105325137,Cluster_1
1312,leachgary,59,0.45961475173292643,1136,1,20,107,0.0,11,12,3,0.0038336936993605833,Cluster_3
1313,donnayoung,17,0.6285039000835678,419,30,224,37,0.0,155,12,0,0.0011509456204155486,Cluster_2
1314,byoung,7,0.5572518333184107,102,2,14,11,17.413984405830114,0,0,0,0.0013034531518581359,Cluster_1
1315,crossjacob,1,0.7426359896816905,0,1688,81,0,1684.3509999425146,26,13,0,9.019566822914084e-05,Cluster_1
1316,kellyavery,1,0.27976693088704085,42,5,42,6,9.028730878345716,24,32,19,4.3391428625340047e-05,Cluster_1
1317,marie48,4,0.5649526076524732,24,24,84,5,9.275537423857095,0,20,0,0.0003616087835037206,Cluster_3
1318,richmiguel,2,0.08814224339079213,89,52,5,0,27.09452850220043,0,0,0,0.00026870208052421637,Cluster_1
1319,codyvelasquez,5,0.41366552358320696,80,19,6,3,5.6560909211285715,0,17,0,0.0006183822440939844,Cluster_3
1320,gbaldwin,8,0.750160832954601,190,19,20,19,0.0,91,0,23,0.0007186773934625563,Cluster_3
1321,hray,16,0.693400853429044,390,70,2,38,32.742937370297255,0,0,0,0.0017633289942570489,Cluster_3
1322,williamslori,6,0.990642737172179,59,516,13,8,101.21489523270718,16,23,0,0.00027969871722099775,Cluster_1
1323,smithjames,15,0.277891125987756,271,131,29,26,9.10097398875373,60,0,7,0.0005219134553002405,Cluster_2
1324,andrewdoyle,8,0.49818929917397914,156,474,292,21,50.308911280678736,104,38,11,0.0004755553156197332,Cluster_3
1325,patricia75,0,0.3295304137739967,76,5,36,5,inf,86,0,58,0.0,Cluster_1
1326,shepardcody,1,0.44060311405917474,0,58,51,0,66.35243032743492,113,65,62,0.00010537630360730548,Cluster_2
1327,brittanythompson,5,0.8569501298693881,70,43,115,1,38.59880185072623,56,4,2,0.0002259335276023122,Cluster_1
1328,joseph08,1,0.6842090751884866,43,62,4,7,34.53904910669911,0,51,39,8.371710336060763e-05,Cluster_3
1329,middletongrant,18,0.8824411913475817,331,394,15,33,35.08438406172444,88,44,0,0.0011750007319301537,Cluster_3
1330,stephanierivera,73,0.20351110833188646,1467,22,763,149,22.835842598586385,421,18,41,0.003581050052652534,Cluster_3
1331,pricedavid,45,0.873361117841438,822,15,17,85,0.0,12,0,12,0.004572917056426175,Cluster_1
1332,schwartzerica,5,0.05976227417838442,210,86,107,10,13.576982465374504,124,5,1,0.0007093023982007458,Cluster_2
1333,smithmatthew,69,0.8885992804371524,1312,1,85,125,0.0,108,17,24,0.0032181614083695177,Cluster_2
1334,townsendedward,9,0.3290737794607279,163,21,2,11,10.943925566874022,0,51,47,0.0012647916869900986,Cluster_3
1335,madams,4,0.3145876334140665,78,26,31,3,0.0,27,0,0,0.0002052932009221983,Cluster_1
1336,ssmith,2,0.5120885766986639,135,6,25,11,0.3972186623974907,41,0,9,0.00020864779821801454,Cluster_2
1337,castillojessica,4,0.9406901877232318,13,222,32,6,47.27888385443052,17,0,26,0.0001856687860372239,Cluster_1
1338,fhoffman,4,0.04778136468140537,179,4,6,23,15.403268655365371,0,14,19,0.0006287208083784296,Cluster_3
1339,zacharywebster,9,0.3522309750707453,217,25,3,20,7.358436989740544,0,0,0,0.001448761367094507,Cluster_2
1340,valenciarandy,9,0.8565719886833357,200,56,9,18,10.840757503015332,0,17,17,0.0013754812323573673,Cluster_2
1341,hmontes,7,0.39605447743546673,90,378,17,5,57.21243650162907,33,20,46,0.0007426413059732871,Cluster_1
1342,nmclaughlin,14,0.199156897597067,308,32,118,31,13.735531894757028,0,0,19,0.0006351388429896834,Cluster_3
1343,christophercruz,44,0.4247941813314118,843,178,306,85,0.0,162,50,0,0.006457267881172396,Cluster_2
1344,desiree78,30,0.3855525014916693,663,116,163,70,37.8821624174852,173,6,18,0.007455383576082831,Cluster_3
1345,harriskyle,0,0.9154162014667034,0,41,72,3,inf,107,0,11,0.0,Cluster_2
1346,henry29,0,0.7619343757430971,0,4,4,0,inf,0,46,56,0.0,Cluster_3
1347,pmejia,30,0.5051155557440064,572,2,10,56,0.0,0,0,0,0.00348082919529908,Cluster_3
1348,djohnson,0,0.9883705667215711,0,40,27,6,inf,0,15,0,0.0,Cluster_2
1349,tannerlam,5,0.4652775312759233,137,12,7,11,15.86339629640504,0,15,0,0.0003619672514923378,Cluster_1
1350,vwright,1,0.05823783082027523,46,173,47,10,184.0273539856528,0,12,0,8.472521987761537e-05,Cluster_2
1351,smallsarah,0,0.2622743218149849,60,126,59,4,inf,28,11,36,0.0,Cluster_2
1352,caitlinvelasquez,16,0.4360704802193126,231,23,44,23,0.0,57,0,4,0.001722357232509979,Cluster_3
1353,sarahwilkins,23,0.1569026241461201,513,4,93,45,15.083142138388274,94,62,34,0.003068964869003756,Cluster_3
1354,wgonzalez,3,0.947565126324043,185,83,5,13,28.803147909652786,0,30,50,0.000102899563624406,Cluster_3
1355,angelacooper,0,0.7668488978177731,0,5,81,3,inf,26,14,35,0.0,Cluster_1
1356,ycunningham,3,0.26828720042777265,154,8,7,19,15.179124573658822,21,0,0,0.00018475344886330765,Cluster_1
1357,flittle,13,0.5908045335179158,246,5,4,24,0.0,0,0,30,0.002286637498964871,Cluster_2
1358,shannonkristin,0,0.721449157109572,0,25,44,0,inf,62,19,0,0.0,Cluster_3
1359,mcdowellkatherine,9,0.941278928906798,164,272,124,16,56.859828307729295,83,0,11,0.000707205820502597,Cluster_2
1360,flove,7,0.8816353491754106,192,32,41,25,0.0,1,13,16,0.00019049447231766123,Cluster_1
1361,karendixon,17,0.5151922261382137,298,14,20,38,0.0,0,0,28,0.0033727372211542856,Cluster_3
1362,dwayne76,8,0.7746526197930176,129,2,31,11,0.0,90,0,9,0.0013468214897834885,Cluster_3
1363,deborahbush,1,0.562144753827585,49,89,24,0,92.64516887164085,0,0,0,0.00010840760602864195,Cluster_1
1364,terriross,44,0.5527038900455401,880,8,3,92,21.494123375984397,19,29,13,0.007787069370669687,Cluster_3
1365,elizabeth25,5,0.1147419583381919,129,40,3,11,0.0,0,35,88,0.0004715564398639848,Cluster_1
1366,priscilla62,7,0.12613765801615207,151,17,17,19,8.138310292554753,7,13,9,0.0005993874137990742,Cluster_3
1367,jessicapierce,1,0.5295336150224574,43,149,22,5,118.41969951170421,16,14,23,0.0001904218417722238,Cluster_1
1368,williamsjose,3,0.2688615449790066,38,24,20,0,16.727151868222375,17,6,0,0.0001487054097831376,Cluster_2
1369,kelly14,1,0.02103690246046863,31,29,55,3,26.849915590838986,178,20,0,0.00011478235739331384,Cluster_3
1370,derekcunningham,5,0.7228392039002123,53,79,14,11,54.53359524571526,0,16,22,0.0009566029945512736,Cluster_1
1371,gmoore,96,0.03248659669016496,1984,1469,46,197,0.0,64,0,0,0.005297637400411888,Cluster_2
1372,racheljohnson,0,0.5952768411040545,0,163,16,0,inf,34,27,29,0.0,Cluster_2
1373,roy14,0,0.5391937941273144,56,28,309,0,inf,120,24,0,0.0,Cluster_1
1374,matthewbarber,67,0.9688146905778044,1328,33,22,128,0.0,51,22,0,0.004197229260106548,Cluster_1
1375,peter77,5,0.48421313934764165,110,12,672,8,0.0,327,0,0,0.0004426520162609718,Cluster_2
1376,philiprobinson,2,0.06360143637779736,15,5,34,5,7.507052169021082,60,8,42,0.00026180178745164196,Cluster_1
1377,williamsdanielle,35,0.5516879678064617,649,12,14,59,0.0,105,27,24,0.006649151606272966,Cluster_3
1378,courtney54,2,0.8410961706161014,0,8,5,7,0.0,10,0,0,7.023564491531627e-05,Cluster_2
1379,karroyo,114,0.9968492842814399,2227,107,2,216,4.993948523695682,0,62,56,0.005836216193784853,Cluster_1
1380,leevictor,20,0.4303431736890725,383,4,4,49,9.23550771749381,54,42,45,0.002076015519546845,Cluster_3
1381,rfowler,3,0.3202987424967425,70,364,5,15,122.13031941633984,72,73,34,5.586206972235434e-05,Cluster_3
1382,michael88,187,0.9066532969519989,3790,128,36,379,0.0,0,97,82,0.010109127600082977,Cluster_2
1383,dcarpenter,2,0.19124212907612137,17,34,9,0,53.57819264874357,0,11,31,0.00035935092783251143,Cluster_3
1384,wthompson,22,0.6154289150329266,395,33,26,39,4.4167253248394065,46,0,21,0.0017974994301376173,Cluster_1
1385,serranoamber,11,0.4057144241809477,147,12,137,12,17.204738569354074,61,0,0,0.001333830618047242,Cluster_1
1386,amy37,52,0.041082364955555284,1064,53,17,100,3.8776732830299445,0,21,0,0.0031561755894940254,Cluster_3
1387,ashleylawrence,76,0.34728847430569776,1589,234,454,160,0.0,254,73,1,0.007843471976353046,Cluster_3
1388,adamsbrandi,7,0.2652285225026746,203,9,3,16,12.283467923754621,35,28,0,0.0003028738683595755,Cluster_1
1389,rmcintosh,2,0.6860911539434869,75,2,16,3,0.0,0,58,25,0.0002000136628367756,Cluster_3
1390,pereztyler,14,0.9487904976919181,311,117,8,30,6.537420096358132,7,0,0,0.002024003882543712,Cluster_2
1391,robertkent,2,0.26804718737863775,124,59,81,9,35.60805363786852,11,0,0,0.00024092805485905099,Cluster_1
1392,tanyapatel,151,0.8114659391516817,3036,4,0,313,0.0,0,108,108,0.012501853687061637,Cluster_1
1393,vjenkins,9,0.05535981693840952,212,8,2,18,0.0,0,47,19,0.001342693119609337,Cluster_1
1394,richardjohnson,4,0.5381210100398132,63,7,17,8,19.939183449951265,12,2,0,0.0004908555961388685,Cluster_3
1395,murphywilliam,9,0.07055006370989458,111,8,205,11,0.0,28,0,0,0.0011581367830591986,Cluster_2
1396,josephbennett,0,0.9340329911306393,0,18,28,1,inf,0,0,55,0.0,Cluster_3
1397,rgarcia,1,0.7663512805573902,19,20,2,4,23.328767947416406,5,10,0,0.00019182457989515698,Cluster_2
1398,aryan,44,0.6579499112045923,883,10,3,92,0.0,61,0,0,0.006561410434016357,Cluster_1
1399,manuelsullivan,2,0.8238963816246643,136,8,247,14,12.351767632855791,107,6,20,0.00030489928200250086,Cluster_1
1400,moorecarlos,1,0.6475197955701631,24,21,7,3,19.97756422533912,0,57,40,0.00018871840377133393,Cluster_1
1401,solisvictoria,16,0.9689443971742911,378,44,4,38,6.722059003608969,0,50,71,0.0008004495313123245,Cluster_1
1402,xduncan,43,0.7139579478647715,838,18,184,83,0.0,63,45,45,0.0020388513690914574,Cluster_2
1403,cassidy59,21,0.9246586095822468,404,266,91,35,16.53856313228522,73,8,2,0.003142321018690708,Cluster_3
1404,smithpamela,32,0.517131892010638,573,82,135,56,24.66428173670888,50,1,26,0.0024924792868701424,Cluster_2
1405,sarah37,2,0.11706441298186265,2,1,4,1,0.0,0,23,42,0.00016109165163813086,Cluster_1
1406,alyssa84,0,0.5281777214230171,26,85,2,4,inf,185,0,0,0.0,Cluster_3
1407,beckeranna,70,0.1268728280630933,1400,98,24,140,0.368793633547017,19,36,45,0.006856991634361571,Cluster_2
1408,fernandezjonathan,4,0.592493479176405,127,15,33,11,18.439633119558756,20,0,0,0.0007757190873343193,Cluster_1
1409,jacquelineshea,5,0.48249306052766294,109,2,34,10,2.975426367062218,0,0,0,0.00039848050465682625,Cluster_2
1410,garciaalicia,54,0.6225753978327817,1062,33,184,103,0.0,18,49,32,0.006325419251408097,Cluster_1
1411,brandonlee,17,0.010046981054831594,447,32,1,46,8.876946582703791,0,0,0,0.0018370426993455113,Cluster_1
1412,hfisher,14,0.1948404916553641,275,4,72,26,24.557665531759266,52,14,0,0.0009085985390478065,Cluster_2
1413,pbright,190,0.4913304319121309,3858,2,3,386,4.732472200090985,36,107,88,0.019738223550864048,Cluster_2
1414,bmartinez,2,0.9505035615891348,19,28,72,6,23.57061661816795,47,15,0,0.0002286967218072076,Cluster_1
1415,brendaanderson,29,0.3836090403551584,615,21,9,57,0.0,0,31,0,0.001259953626001466,Cluster_2
1416,bryan60,8,0.42437202605363467,206,15,5,23,33.292729479900515,0,22,30,0.0013695948580483063,Cluster_2
1417,jeffrey48,11,0.7146960890066222,230,28,8,23,15.352196764047976,0,0,0,0.00166180181909556,Cluster_1
1418,krhodes,73,0.603792757286118,1342,4,2,144,1.608963721048068,0,0,24,0.009545670241093467,Cluster_3
1419,erinmejia,15,0.29892615009833323,300,15,21,28,0.0,0,0,8,0.001341038782261886,Cluster_1
1420,wendyhayes,16,0.4108163955674278,381,86,6,41,24.93316538546221,44,29,0,0.001384855314133146,Cluster_2
1421,vblanchard,36,0.21769979885723245,746,17,65,74,0.0,0,0,1,0.00459445629139381,Cluster_2
1422,micheleprice,4,0.9660214591302085,102,1,52,3,0.0,56,0,13,0.00029918556427068204,Cluster_3
1423,angela14,2,0.13063438155735974,0,14,252,0,8.447991988489107,55,0,5,0.0003396423164199641,Cluster_2
1424,laurie63,1,0.37183678456641944,0,4,34,4,27.800091462286872,23,0,0,7.459918872525402e-05,Cluster_2
1425,frank44,0,0.02583897222001119,20,53,43,0,inf,68,0,0,0.0,Cluster_2
1426,charles81,161,0.2217794919335464,3240,58,164,312,0.0,65,110,51,0.02791258025861567,Cluster_2
1427,annaking,1,0.7804711383801549,80,1,7,7,1.871753278835667,87,0,0,6.725858803996115e-05,Cluster_3
1428,samueldixon,5,0.20117523228887946,92,129,2,3,36.190608650319106,96,0,0,0.0007731961851678358,Cluster_1
1429,kylebuchanan,4,0.0800634025289656,100,4,27,10,0.0,25,0,9,0.0003488895712417923,Cluster_1
1430,stephenmaldonado,11,0.4744531798445233,220,548,2,29,60.1463007860048,28,20,0,0.001390448461304954,Cluster_3
1431,kevinlewis,25,0.009969234734518495,450,30,797,48,0.0,451,0,14,0.003766590392375273,Cluster_2
1432,rodriguezbeverly,26,0.08476615442633317,407,3,178,48,20.34274975918821,116,41,9,0.00134651647413153,Cluster_3
1433,vwilliams,3,0.8076258695629751,81,4,515,5,15.792943595289806,279,0,0,0.0002689615248480087,Cluster_2
1434,hernandezdaniel,5,0.7714733448596064,108,61,22,10,28.404556646048654,0,0,0,0.0006252204244201333,Cluster_3
1435,ijohnson,11,0.915138820404896,189,16,45,13,0.0,0,0,52,7.417501910979003e-05,Cluster_3
1436,donna81,5,0.8545154359107495,19,27,10,0,43.918546410045224,0,0,0,0.0005719900198394935,Cluster_1
1437,kimberlywhite,82,0.6831755632398181,1671,603,75,162,17.031897384174812,156,39,39,0.0052836675845450735,Cluster_1
1438,trujilloashley,15,0.05233285730066284,286,9,3,22,5.545881069736629,17,30,22,0.001712377209184567,Cluster_2
1439,annalewis,22,0.7828486179866575,467,36,0,53,0.0,0,9,0,0.004344151516085884,Cluster_3
1440,valerie11,19,0.8455108108405605,473,426,6,36,20.47961622860787,66,0,36,0.00194367409841709,Cluster_1
1441,alvaradojulie,42,0.7990821457719545,732,53,2,80,3.5494999759574815,0,34,14,0.0019039724051822535,Cluster_3
1442,blackwellgail,9,0.5084790353080261,145,1,184,20,0.0,121,10,0,0.001022564296385705,Cluster_2
1443,zarmstrong,1,0.23290183864948166,9,82,305,3,76.15365708461825,156,0,0,4.749768790878661e-05,Cluster_3
1444,gloria01,13,0.8453299756887267,332,4,2,27,0.0,24,7,0,0.0013992982618729955,Cluster_2
1445,alice80,2,0.7271628097401385,0,416,139,0,209.11841321846435,52,0,18,0.00018781861237235074,Cluster_3
1446,zmorgan,3,0.9807611743888516,156,7,83,12,0.0,0,0,0,0.0005165222207092324,Cluster_1
1447,wallacelarry,17,0.15569259775593292,346,6940,1,37,405.5298833035618,0,32,84,0.003398211327419072,Cluster_3
1448,barkerjasmine,47,0.22566458305205506,935,464,11,93,2.3254167639332817,0,36,0,0.005015978038610113,Cluster_2
1449,annamoses,7,0.2117981498815027,130,7,8,7,0.582317007502008,3,26,30,0.0001567616167591285,Cluster_1
1450,caldwellamy,11,0.7925397676213367,198,34,61,25,23.796440414514212,0,24,0,0.0011567667722627416,Cluster_1
1451,bonnie80,94,0.18690729645011817,1932,128,3,201,42.409611970083695,0,20,8,0.008268007176086438,Cluster_1
1452,choidaniel,10,0.0666598298233061,146,135,17,13,27.06754399289254,15,35,30,0.001143887099285856,Cluster_1
1453,vrodriguez,365,0.9985608065856286,7317,73,7,732,0.0,0,173,75,0.018337259632258407,Cluster_3
1454,justinevans,17,0.024817211445149145,320,315,40,24,11.6212727280552,29,36,59,0.0016648866094422401,Cluster_2
1455,connieburke,0,0.8352440601588657,0,26,14,0,inf,4,0,10,0.0,Cluster_3
1456,bakerjessica,22,0.3653668415506528,569,17,8,59,10.438537201307735,129,20,4,0.0008232556293021038,Cluster_2
1457,sanchezrose,13,0.8416154597578153,280,17,14,29,21.054207016753796,13,16,20,0.0020972522530678783,Cluster_1
1458,huberkristen,51,0.554620491211145,1050,155,425,102,1.0921958004625933,193,49,14,0.009055469150726107,Cluster_3
1459,sharon75,20,0.9016312294863601,456,63,10,44,0.0,10,0,31,0.0007492136370540662,Cluster_1
1460,tcampos,6,0.9261929864146267,48,55,4,2,44.21514674498744,52,0,25,0.0006043686618546751,Cluster_2
1461,ronaldnorton,1,0.009098181280775997,107,138,48,9,139.17341206739275,21,20,21,3.384231512388718e-05,Cluster_3
1462,fporter,5,0.07541217599278827,0,0,16,2,0.0,42,13,23,0.001265657875398734,Cluster_3
1463,qhester,2,0.2503587295708555,1,57,2,0,58.002673140658416,20,0,0,0.00027812774942093593,Cluster_1
1464,ericrobinson,3,0.6693154163635017,37,49,570,3,0.0,270,12,43,4.253343824060475e-05,Cluster_1
1465,roachdylan,17,0.888272196511506,369,667,11,38,0.0,11,0,0,0.0031048342009990537,Cluster_2
1466,nunezjoshua,90,0.45994195129396276,1810,2,11,178,15.409957382973694,85,142,110,0.00749861788798125,Cluster_3
1467,taylorburton,13,0.6069731162742654,251,546,25,22,60.214019420492626,24,45,45,0.0031906570633635036,Cluster_3
1468,zfleming,1,0.18849985279556114,19,37,269,0,45.280258838893815,85,19,36,0.00019848687817234801,Cluster_3
1469,james41,14,0.8049668338816853,231,79,1,20,0.0,0,9,0,0.0002646281236066266,Cluster_2
1470,ecampbell,44,0.9673281113534697,805,676,30,80,14.186239258789946,0,3,0,0.0027183833532769546,Cluster_3
1471,bmcgee,2,0.26859893291459747,76,90,459,8,39.436628528922576,236,0,56,0.00037790980652586877,Cluster_2
1472,williamsbrian,6,0.4948259516005463,154,68,24,4,0.5875531154855445,77,0,0,0.000618245064194253,Cluster_2
1473,robert82,7,0.0861161105063738,219,51,3,25,35.52710290189987,0,0,0,0.0006613345719772389,Cluster_3
1474,allisonsmith,2,0.5591366564629684,0,13,7,0,0.0,10,0,1,0.0003372583299012066,Cluster_2
1475,john23,19,0.5027834418466806,414,31,27,51,7.9536680094964165,62,0,1,0.0009384407623734774,Cluster_3
1476,hthompson,6,0.1444364841550776,105,9,147,4,25.380939673251497,128,10,0,0.0004421205066968967,Cluster_3
1477,david50,13,0.44206621311807504,319,30,12,27,9.936522814073063,69,0,15,0.0008472318479859219,Cluster_1
1478,lucassamantha,1,0.33410465208656326,71,0,69,6,24.822367449907475,0,16,32,5.061895191219548e-05,Cluster_2
1479,parkeramy,3,0.5218308753051893,70,71,2,9,34.94096111524525,26,15,8,0.0003122327980527471,Cluster_3
1480,howeaaron,21,0.5856543354287992,403,26,2,30,9.825088647935814,0,17,3,0.00015953116750216971,Cluster_2
1481,michealbriggs,4,0.008495578607209509,128,18,9,8,11.836697376642942,0,81,48,0.00040518402554840427,Cluster_1
1482,george44,98,0.7610059829495553,1992,49,173,202,12.768865333003005,127,73,31,0.01153453415261885,Cluster_1
1483,richardsonrobin,4,0.7130142918617408,45,2,22,0,0.0,18,0,0,0.0006188329431971157,Cluster_2
1484,sanfordnathan,10,0.3662863862065222,133,1067,31,20,80.66252296254427,51,18,18,0.001011066204610075,Cluster_1
1485,omeyers,29,0.05293593556881826,565,27,30,54,20.011902712024803,0,12,26,0.000941514632846653,Cluster_2
1486,rsawyer,0,0.7549325397850504,75,25,106,3,inf,126,0,0,0.0,Cluster_2
1487,angelasanders,0,0.9551751604781324,57,5,8,8,inf,38,0,0,0.0,Cluster_3
1488,wbarnes,0,0.2401515960220142,0,34,56,8,inf,72,13,0,0.0,Cluster_2
1489,adam46,49,0.3235246137370379,921,402,5,94,0.0,0,45,49,0.008012556139142257,Cluster_1
1490,vpatel,3,0.18381288948181496,123,213,393,18,72.71614199846776,255,0,0,0.0006188362474843264,Cluster_3
1491,cartermichael,342,0.5769361233448397,6783,154,6,686,0.0,0,200,137,0.041671120668385096,Cluster_2
1492,chloe21,3,0.15484139464745494,85,88,5,3,0.0,0,10,0,0.0006182244067101816,Cluster_3
1493,levihall,9,0.35619394346137945,149,17,45,19,1.4742583285750355,53,40,23,0.0004072966204040234,Cluster_1
1494,creed,74,0.697013013934263,1560,2,22,148,0.0,40,69,24,0.006727107847223863,Cluster_3
1495,prattdaniel,149,0.5601159830093484,2941,23,32,296,7.060553539402792,0,69,13,0.00472422525104677,Cluster_3
1496,georgeking,162,0.38646256432793524,3297,21,28,329,0.0,116,130,113,0.014916669285964586,Cluster_1
1497,floresashley,45,0.4202496018075419,909,218,3,97,0.0,92,0,20,0.006585046523582025,Cluster_2
1498,crystalreed,34,0.5621108826232295,692,57,225,75,0.0,142,88,68,0.003641613905975395,Cluster_2
1499,robertstimothy,17,0.005864727887161303,241,603,76,26,18.412825718686964,59,0,22,0.0028462635707578957,Cluster_3
1500,melissa62,23,0.07850986845360985,349,285,154,36,0.0,93,10,18,0.0028320236683520884,Cluster_3
1501,jessica77,3,0.8812580677630116,48,14,9,7,0.0,0,0,23,0.00027072454429128356,Cluster_3
1502,scott66,2,0.07787898909129076,52,1,37,5,0.0,24,0,0,0.0003802648691041613,Cluster_1
1503,gomezjoshua,7,0.7068035962105051,83,401,27,7,34.34067446222125,18,91,89,0.0007708326609914582,Cluster_2
1504,lancefisher,5,0.9200381641090526,45,382,109,11,73.1251450541757,25,0,32,0.0003902945627833358,Cluster_3
1505,ajohnson,3,0.2706836043017311,88,2,114,16,5.4748909400397885,41,27,25,0.00012672694952110846,Cluster_1
1506,schwartzjames,21,0.37049143705951426,448,501,26,44,7.333743769359302,0,3,0,0.00048583953682435185,Cluster_1
1507,browningjohn,30,0.5689214058447163,593,65,2,60,10.67483925503836,0,43,0,0.002128177408177702,Cluster_3
1508,brendagreene,8,0.8817089696385847,199,44,289,20,0.0,190,0,5,0.0021016811937296337,Cluster_2
1509,kelseyphillips,67,0.9419055872604202,1281,605,46,120,0.0,109,41,66,0.012220983632891936,Cluster_2
1510,andrewskristopher,1,0.7395632481112681,2,372,8,0,369.7356540475046,0,19,0,0.0001215431803162633,Cluster_2
1511,qjenkins,5,0.08661976085469403,182,106,36,26,34.94082183777277,27,0,25,0.00110198545568766,Cluster_2
1512,beckerwendy,2,0.6691541555348508,43,77,2,0,55.84799082978533,55,83,38,0.00010886214579011749,Cluster_3
1513,qnguyen,0,0.41030372187266206,6,100,97,11,inf,22,20,2,0.0,Cluster_3
1514,david80,6,0.4707009994910616,235,16,2,29,0.0,34,0,0,0.00031397647949915055,Cluster_2
1515,hollyharrison,6,0.04914839034517704,50,29,14,7,2.283306959767243,5,0,0,0.0003113342342783639,Cluster_3
1516,autumnreynolds,71,0.19106213934635818,1459,6,28,148,0.0,73,38,38,0.013687560227052574,Cluster_2
1517,warneraustin,19,0.7905136075336477,463,18,95,41,0.0,0,0,19,0.0019386196026028462,Cluster_2
1518,steven38,1,0.4539588330478598,3,17,23,0,21.571441726550496,0,53,37,0.0001759022090418698,Cluster_2
1519,lhopkins,119,0.30166224163114885,2422,10,52,249,0.0,39,72,30,0.014479585825589506,Cluster_2
1520,kbrown,46,0.38401907396495816,870,42,19,83,25.560627478606673,14,20,0,0.0066967026567940026,Cluster_1
1521,lnichols,17,0.8543995133256802,305,18,19,35,0.0,6,39,24,0.0019523493298164948,Cluster_1
1522,debbie61,5,0.7489990174049569,119,81,22,5,25.927064116493927,39,0,0,0.00046110604974383495,Cluster_3
1523,wilkinskristen,1,0.2723153971810828,59,1,15,0,0.0,0,0,5,0.00022433711831878185,Cluster_2
1524,worozco,4,0.11750184021237331,136,27,1,23,0.0,0,0,0,0.0002561439793770497,Cluster_2
1525,samanthadelgado,37,0.2519982216440717,818,41,6,81,11.890349413148725,0,22,5,0.006667251894998123,Cluster_2
1526,youngmolly,124,0.9207564510547337,2476,18,28,244,0.0,0,77,50,0.011036532452477307,Cluster_1
1527,christiemercer,74,0.5815888378497553,1539,24,13,160,0.0,0,0,8,0.006655321153553574,Cluster_1
1528,kristendouglas,3,0.5334802087447829,42,1,15,10,0.0,70,0,30,0.00015565801524346128,Cluster_2
1529,nancy04,1,0.5963935996924615,65,62,12,11,97.70059583226883,44,0,0,0.00012770136837140055,Cluster_3
1530,llong,9,0.36602826574651526,190,106,5,16,0.0,29,0,13,0.0001758622288124043,Cluster_1
1531,jmaldonado,0,0.8071070203195128,22,80,9,0,inf,15,21,57,0.0,Cluster_3
1532,phillipflores,11,0.5232862493002498,241,214,12,25,15.416273448923967,0,34,34,0.00048762378875304293,Cluster_2
1533,delgadojessica,5,0.11674790276879554,19,47,20,5,13.828341234485222,0,0,29,0.0012845190481228113,Cluster_1
1534,tylersheppard,3,0.12906512482906296,3,78,36,0,13.705261060681297,0,0,0,0.000588809271139252,Cluster_3
1535,jennifer50,0,0.5368591465026183,5,43,15,1,inf,0,0,0,0.0,Cluster_2
1536,jamie31,15,0.9365702180708392,215,114,4,22,15.479040179878705,0,39,19,0.00028322564076963707,Cluster_3
1537,edwin27,3,0.30835212167619874,101,1,2,16,0.0,0,47,26,0.00015548755162866906,Cluster_2
1538,stephanie45,1,0.8695411688592183,63,6,988,10,27.786427132563084,502,5,29,3.8718580379544965e-05,Cluster_1
1539,josepharmstrong,0,0.7640955865788793,16,576,3,0,inf,0,0,0,0.0,Cluster_3
1540,nguyenwilliam,7,0.24781244290690685,83,0,9,7,12.129852523174788,0,0,0,0.0012101789252695191,Cluster_3
1541,xking,105,0.036340748316242455,2169,25,43,212,1.635622910024906,79,55,59,0.012984594492171367,Cluster_1
1542,greerjohn,89,0.10184726514238274,1881,273,34,190,0.0,0,106,68,0.00702178365771414,Cluster_2
1543,ramireztanner,3,0.7284939338474402,67,27,43,11,17.485822653089254,2,40,23,0.00031623766799302106,Cluster_1
1544,johnwilliams,2,0.1996697380406467,65,15,10,7,0.0,0,6,9,0.00014099904337224188,Cluster_2
1545,alyssasanchez,14,0.3712709205053938,290,41,28,27,0.0,25,16,0,0.0020115316311532503,Cluster_3
1546,austinevans,1,0.5016991660064248,46,17,22,4,0.0,49,0,0,6.817983390611731e-05,Cluster_3
1547,robertswendy,11,0.7254681684501628,214,35,12,22,13.053587899302032,0,0,0,0.0006801261766290963,Cluster_3
1548,kimberly85,23,0.11323122325912538,458,9,29,42,0.0,0,15,14,0.0028995380464363124,Cluster_3
1549,msuarez,46,0.4063664052774615,965,243,97,90,7.65109961548006,0,27,39,0.003295785628747892,Cluster_2
1550,walkermatthew,6,0.4850729091426954,237,429,19,13,89.59314963819682,12,33,38,0.0003553719987017881,Cluster_3
1551,stephanie22,5,0.5408270639715397,29,26,19,9,0.0,0,31,47,6.768066115298426e-05,Cluster_2
1552,stephanie90,1,0.8183606413952167,14,2,99,3,26.321034504568807,35,16,45,5.217118268390899e-05,Cluster_1
1553,kristin89,2,0.1716781950432169,0,12,84,1,0.0,23,0,3,0.00021397670815593347,Cluster_1
1554,rstout,5,0.8078314518266223,179,23,216,24,16.608661534620033,59,0,0,0.0008893507496185435,Cluster_1
1555,mlane,12,0.6928784276966522,210,82,1,14,0.0,57,0,36,0.0008347630050361551,Cluster_3
1556,april52,29,0.5558708141989593,507,5,78,42,20.79502248671392,52,21,0,0.002524364072490044,Cluster_1
1557,kaitlynmelendez,2,0.6995278704025719,71,8,49,9,21.519807651585797,0,0,0,0.0001357219025319809,Cluster_2
1558,lewiskayla,69,0.4120177389516564,1467,83,5,148,10.570057009999232,0,34,11,0.007070346136333778,Cluster_2
1559,moralesrose,4,0.13839758596812457,113,179,29,2,36.88431726772377,0,44,15,0.0007549205669560835,Cluster_3
1560,jacksonjustin,7,0.6657652402653673,150,10,97,16,0.0,118,23,15,0.0010649163257431741,Cluster_2
1561,timothy53,2,0.5246723066856223,60,3,5,3,0.0,38,0,0,0.00028023762322241396,Cluster_2
1562,rickeyvillanueva,0,0.6393748005427755,70,12227,39,2,inf,13,0,9,0.0,Cluster_1
1563,sergiofigueroa,27,0.33799878102849,496,135,74,47,7.599237431382308,122,37,7,0.004804070448241409,Cluster_1
1564,emily59,22,0.9068665773398359,434,20,4,31,0.0,74,20,42,0.0009739211005198767,Cluster_3
1565,elizabeth18,4,0.5873698685755769,57,158,16,2,17.005447211601176,0,0,0,0.0005070962195534036,Cluster_3
1566,lindsayhughes,8,0.08540248429087383,101,26,31,6,28.313028017045596,0,0,0,0.0005092243023998128,Cluster_2
1567,iwilkerson,16,0.44980399070442867,303,157,6,33,19.570755042557714,0,10,0,0.0007690531349879105,Cluster_3
1568,brian88,0,0.7563560547436343,55,44,5,4,inf,0,0,5,0.0,Cluster_3
1569,hallkenneth,3,0.7941345617322724,88,39,16,11,0.0,94,25,38,0.0002632705497468659,Cluster_1
1570,kathleen66,24,0.49459705276375876,512,26,66,38,0.0,0,49,36,0.0011347768402997598,Cluster_3
1571,vferrell,1,0.8947475708313011,27,2,52,0,0.0,69,0,0,0.00013415390986179786,Cluster_2
1572,elizabethjohnson,11,0.26766843719429756,246,1084,5,27,95.42876474531454,37,0,17,0.001726287565697431,Cluster_2
1573,susan55,0,0.4105986972382666,0,6,53,0,inf,11,40,45,0.0,Cluster_3
1574,mauriceanderson,14,0.8985969105689701,264,2,5,30,0.0,93,11,13,0.001886846287514273,Cluster_2
1575,steven48,7,0.8962567164715789,149,22,1,5,0.0,0,0,9,0.0006598253175146479,Cluster_3
1576,rwilliams,0,0.6857127688246809,13,5,11,4,inf,1,29,33,0.0,Cluster_3
1577,jbowman,42,0.8589805471222202,856,30,108,82,15.696042880287619,29,31,0,0.0022059449096668345,Cluster_2
1578,michaelburns,2,0.08877326695623267,33,114,53,0,54.02518570401723,74,67,31,0.00030242411676455547,Cluster_1
1579,dbender,2,0.8649949762077763,21,198,20,7,96.07302659663605,27,0,9,0.00010422803652431125,Cluster_3
1580,tsmith,9,0.32061990655022676,337,143,10,39,0.0,0,37,14,0.0010483819877391838,Cluster_2
1581,wmorris,41,0.17833151242821632,865,19,11,91,0.0,67,0,0,0.0025439418556279453,Cluster_3
1582,dwilliams,1,0.23936983634204634,40,36,23,14,40.868814284802596,35,42,34,0.00011513960949069421,Cluster_1
1583,markward,8,0.4179685080138871,148,69,4,21,30.727270865481803,0,32,29,0.0007234267074641746,Cluster_1
1584,brianadams,14,0.2511920046044672,257,1,11,21,0.0,0,55,44,0.0006523582006345229,Cluster_1
1585,joan07,20,0.32056758601649904,393,92,14,40,0.8032974387307492,0,43,5,0.0013878311229646254,Cluster_1
1586,robinsontasha,9,0.1349784860716421,194,2,2,17,0.0,0,1,0,0.0007113107457430423,Cluster_1
1587,roachanna,4,0.2961767655589985,0,1303,5,10,330.2565035908101,10,0,20,0.0003857789080405533,Cluster_3
1588,shelbyphillips,2,0.5722838145420012,0,15,37,5,23.175589006179266,1,0,0,0.000399122869304751,Cluster_2
1589,justin25,8,0.44185370809106395,128,23,20,11,15.467960268597897,0,0,0,0.0003103238833173775,Cluster_3
1590,nathanielcisneros,1,0.34671876123591117,30,8,12,7,0.0,0,0,0,0.00022471001755777658,Cluster_3
1591,shannonfleming,0,0.746452128857114,0,10,5,0,inf,19,12,35,0.0,Cluster_3
1592,uholt,14,0.8935099713933179,353,1984,213,36,128.16803514928196,10,5,8,0.0018952154904911033,Cluster_1
1593,baldwindavid,28,0.756789222902397,485,179,5,43,26.613857455913806,4,7,12,0.0006961821522498098,Cluster_2
1594,rowlandamanda,0,0.3320007021176792,0,2,29,0,inf,0,0,17,0.0,Cluster_2
1595,crios,1,0.7444421678375537,96,496,9,13,465.6097332351783,7,0,0,0.00010037605660178067,Cluster_1
1596,glopez,18,0.1519801824740512,366,283,21,41,11.326168110067556,10,14,33,0.0013164718003480034,Cluster_1
1597,hgreen,161,0.13031798809129091,3264,19,39,328,9.287463806337874,39,91,24,0.009323900343257528,Cluster_2
1598,wmartin,7,0.34562703703615894,242,57,2,23,13.022978405713133,44,0,0,0.0007485728270949984,Cluster_2
1599,robert83,2,0.807702369044057,5,32,19,0,5.764079726960393,61,0,0,8.034168962998151e-05,Cluster_1
1600,vwilson,5,0.24634824724230187,95,1153,119,3,218.89453220257707,0,48,39,0.0005959571883023935,Cluster_3
1601,noahstevens,58,0.06325340889867959,1146,7,282,109,0.0,138,63,50,0.013303451102701598,Cluster_1
1602,christopher57,2,0.1317095352063551,0,43,16,0,13.605007593293875,108,0,0,0.00020520375565570833,Cluster_2
1603,erikamercer,2,0.8587449685295802,24,15,21,7,0.0,16,0,0,0.0004700794090247142,Cluster_3
1604,rachelsingh,3,0.6337832847472876,104,2,553,15,20.068386390212964,234,45,58,5.9626842412419215e-05,Cluster_2
1605,mcampos,1,0.25320116336997667,47,1711,110,0,1692.9772521853677,51,0,0,0.0001029481482654913,Cluster_3
1606,ericosborne,8,0.5552958253281813,190,3,7,15,2.820689247244022,0,0,7,0.000677262540478751,Cluster_2
1607,zjohnson,84,0.5275796224253504,1661,49,7,162,1.669411399859988,0,74,27,0.011731804584828993,Cluster_3
1608,pricelindsey,11,0.6554359784406613,187,1,84,6,19.004258048607316,85,35,48,0.000792320181158969,Cluster_1
1609,stephanieruiz,5,0.23318755442161632,163,16,4,19,24.987365779167416,31,30,33,0.0004432922340293584,Cluster_1
1610,kenneth77,4,0.8644029871943977,55,70,102,4,31.41939886562657,0,0,0,0.0003408899917291198,Cluster_2
1611,molsen,0,0.30936856208001284,14,7,33,0,inf,11,19,4,0.0,Cluster_2
1612,beckpaul,27,0.6941316539762369,548,95,43,61,0.0,0,58,0,0.0011862097050608935,Cluster_2
1613,rickwilliams,6,0.01612464637221489,193,20,13,19,0.0,0,1,23,0.00043211517715156496,Cluster_3
1614,christopherhodges,5,0.37265712989414723,148,267,7,12,36.48618360470102,0,0,51,0.0005889314031431285,Cluster_2
1615,lcampos,888,0.3517098179588083,17695,384,180,1772,15.470852424990738,26,480,233,0.06401553926087551,Cluster_2
1616,jessica44,11,0.5434844285830145,160,11,13,21,2.4665985650127173,3,66,3,0.0034795754448404635,Cluster_2
1617,tlopez,2,0.0727362617771965,68,38,10,8,36.37314481471125,0,64,42,0.00010699470781612769,Cluster_2
1618,erikathompson,3,0.7901313737261083,56,46,17,9,35.389388019734994,0,0,0,0.00024302383156061313,Cluster_1
1619,romerodavid,41,0.21778080176756853,797,100,26,78,0.0,0,12,0,0.001412800526097309,Cluster_3
1620,morrisbryce,8,0.6770378148820102,210,33,4,20,4.766486551143743,39,0,0,0.0005235925482011245,Cluster_2
1621,bradyhardin,0,0.8032121232440932,9,46,8,1,inf,21,3,9,0.0,Cluster_3
1622,humphreyjeff,29,0.5618769562415131,582,21,7,54,0.0,53,0,22,0.0021862224691332035,Cluster_3
1623,limatthew,2,0.7408832067219855,78,40,71,4,9.30314290950577,24,0,71,0.0002488290110914793,Cluster_1
1624,ballardsusan,122,0.6618603122150055,2421,342,5,248,26.498388756745726,82,82,81,0.023719561020222404,Cluster_1
1625,vpatterson,37,0.3555297971520076,818,105,1,91,3.8772723721478553,17,30,0,0.006752332363653161,Cluster_1
1626,sterrell,3,0.8088585390335653,20,117,1,9,39.26289577119536,0,0,0,0.0007652311193698949,Cluster_2
1627,david22,50,0.294701369885528,1032,121,2,96,0.0,5,72,58,0.011167529178222654,Cluster_2
1628,sotomarc,8,0.5712129177515172,231,25,154,16,16.62924860827009,14,0,0,0.0020493450370517624,Cluster_1
1629,benjamin26,26,0.7453977391415395,451,58,20,39,0.0,0,0,19,0.0011293665792851426,Cluster_2
1630,cmarks,15,0.3789559098125076,282,4,42,28,9.36477724356031,42,0,17,0.0018419750345587116,Cluster_1
1631,seanbridges,2,0.30276760761742505,97,325,44,0,172.14458720110323,52,0,30,0.00016707718189039073,Cluster_3
1632,bridget50,2,0.4593460101728227,97,0,21,6,0.0,0,0,20,0.00011271929889806205,Cluster_3
1633,bradleywilliams,34,0.8179634943491536,671,28,17,74,7.176571035428301,145,0,7,0.0017198454038104647,Cluster_3
1634,oromero,4,0.9299217631456648,43,258,96,9,68.21339118088974,39,0,0,0.0004671852086824317,Cluster_3
1635,wilsonnatalie,4,0.5450834128598901,127,2,25,10,0.0,0,5,0,0.000365806886105453,Cluster_1
1636,nkelley,1,0.6614662053236519,79,68,163,5,68.25887960290466,142,7,9,0.00012116202344875657,Cluster_2
1637,morganalex,13,0.9032736222389142,201,9,50,22,1.927944156178118,55,73,33,0.0018047735167489851,Cluster_2
1638,brian95,163,0.0985468514129424,3199,17,7,324,2.7025279319685707,15,96,49,0.008790960412194892,Cluster_1
1639,gregory66,1,0.23207857786616504,31,181,9,0,182.20484062687413,0,0,28,4.607681061093311e-05,Cluster_2
1640,taylor58,7,0.7089000062515824,171,47,6,15,0.0,22,0,34,0.0010177040933524969,Cluster_1
1641,kathleenstewart,61,0.8237444619122997,1205,0,124,117,0.0,142,27,0,0.006068843170629161,Cluster_1
1642,chensally,6,0.8570290283305779,153,5,10,8,6.132305357270774,15,16,4,0.0011067596976019707,Cluster_1
1643,brianpugh,14,0.4151071768549326,244,191,6,23,15.588631713642974,0,0,0,0.0007323262172423765,Cluster_1
1644,knguyen,1,0.08933990229186684,0,74,32,0,93.07500518790278,0,2,9,0.00014363231085540013,Cluster_2
1645,hendersonlinda,14,0.4377814772996199,258,770,17,19,67.40173178998909,27,63,0,0.0014869628206695873,Cluster_2
1646,maria56,5,0.23073459020705378,103,684,31,13,119.39180929893729,0,0,0,0.0004000571774670974,Cluster_1
1647,clayton85,32,0.29119645499662417,626,17,341,65,0.0,165,0,0,0.0025539016566049335,Cluster_3
1648,longalejandra,43,0.7722675568375058,802,2998,79,83,63.49419716361439,0,47,47,0.006620414807785933,Cluster_1
1649,david78,359,0.07552708602588687,7089,34,20,705,0.00773778834768428,0,188,114,0.02181682806375866,Cluster_1
1650,smallrhonda,17,0.8275812174807021,314,5,2,21,0.23448965028482754,0,0,16,0.00379303171829262,Cluster_2
1651,pvang,12,0.42766908582416907,284,10,9,30,13.063766718130308,0,18,15,0.0008649592407468302,Cluster_1
1652,robertphillips,9,0.5960639311005951,242,0,58,20,3.546567262822875,67,0,31,0.0013228374138572574,Cluster_3
1653,kristina59,4,0.089652231235679,139,597,3,9,173.860900104171,30,15,46,0.000746198019557694,Cluster_2
1654,joshuarojas,12,0.33735907835727963,199,584,498,13,53.48672941991387,188,63,18,0.001223118466971412,Cluster_2
1655,kavila,4,0.08970091901484578,22,5,20,0,0.0,0,0,22,0.0001921047774922909,Cluster_2
1656,garciasandra,9,0.9615437228811096,204,21,21,28,0.0,29,36,34,0.0002695775756342781,Cluster_1
1657,williamsian,53,0.8072616493262504,1091,39,7,106,12.811630471238944,56,0,62,0.0029777555937587357,Cluster_1
1658,kimberlykeith,1,0.4596327543564602,40,5,42,0,0.0,72,0,0,0.0001035039798816163,Cluster_3
1659,klewis,40,0.2236025483236711,699,1,3,73,0.0,0,80,45,0.002278267154910982,Cluster_2
1660,melissamcgrath,53,0.9334551052498522,1016,22,516,102,0.6290384821272503,307,35,0,0.012874691961860148,Cluster_3
1661,luisthornton,6,0.34459659572697177,118,18,144,1,22.018442370423315,0,22,0,0.0003710178475674837,Cluster_1
1662,dennis02,0,0.16098443168737475,24,16,87,5,inf,33,34,30,0.0,Cluster_2
1663,tracy53,2,0.5631643884539549,78,49,2,18,20.15788505956457,25,0,5,0.00019743977138160813,Cluster_1
1664,waltonwesley,51,0.9437741203448161,1027,434,27,89,29.726377661286307,0,50,43,0.010412845200018879,Cluster_2
1665,evanstimothy,7,0.003830290500322575,156,19,123,9,4.1596439096636715,166,23,26,0.00040451588184048175,Cluster_3
1666,fwalker,1,0.23812484325399874,24,45,48,0,14.371700355135388,90,0,0,7.697552117359842e-05,Cluster_2
1667,kkeller,3,0.9384476404104076,94,122,4,9,40.505135937099276,34,46,21,0.0004337556845539673,Cluster_2
1668,matthewcantu,26,0.17108596685716204,535,89,7,58,0.0,0,52,6,0.0015506643684200206,Cluster_2
1669,vgarrett,16,0.11324345163981986,323,10,10,32,18.98961760955482,1,0,0,0.001489715216203663,Cluster_3
1670,jessica75,5,0.5701872157998045,86,39,8,15,7.286494792910265,43,8,3,0.0004090099724357287,Cluster_2
1671,angel20,4,0.8618438232948299,84,88,198,12,0.0,42,0,4,0.00019045104721270267,Cluster_3
1672,uhoward,4,0.47710981769392613,104,4,1,18,0.0,0,44,44,0.0005110682294149289,Cluster_3
1673,piercelawrence,1,0.9945642566845248,33,321,53,9,320.580400851711,72,0,15,8.125450366460569e-05,Cluster_3
1674,hillleroy,83,0.6791716995379928,1679,435,2,165,0.0,0,149,128,0.004165845435352537,Cluster_2
1675,christopherhall,4,0.07407490721044774,147,9,4,15,0.0,18,0,0,0.0005400169611695724,Cluster_2
1676,karenromero,45,0.9928321316819754,913,46,0,86,5.642828737079057,0,44,20,0.0015069957869748953,Cluster_2
1677,hailey56,72,0.40789423678019043,1407,105,8,139,0.0,0,77,24,0.0014181032613193268,Cluster_1
1678,aprilbarber,33,0.28740253384548253,704,12,193,70,20.243379501742957,71,10,37,0.0059245268221944595,Cluster_2
1679,tranoscar,3,0.5578791835778856,0,78,29,0,49.82013099501384,40,0,0,0.00017833369175961997,Cluster_1
1680,fernandezhannah,13,0.3043075918208643,205,44,3,27,0.0,0,0,28,0.0026269645792987213,Cluster_2
1681,brittany73,7,0.08645750712015232,156,2,92,13,0.0,52,0,36,0.0009124434998453848,Cluster_3
1682,thompsonrachel,1,0.0014283430791767193,45,75,127,0,94.89386302642943,29,8,15,0.00016069953411300682,Cluster_1
1683,heather82,12,0.4495833529202623,177,4,23,13,0.30718264823155195,0,1,7,0.0007242081571884605,Cluster_3
1684,qreynolds,1,0.8368634222265923,0,179,425,3,151.1104284380196,275,0,0,0.0001291790677042286,Cluster_3
1685,barrymarc,43,0.5723151856300766,829,9,68,75,0.0,0,7,0,0.0026374373549566663,Cluster_1
1686,wattsjerome,3,0.9992072989434408,35,24,55,2,0.0,65,18,0,0.0004851088540097744,Cluster_3
1687,wrightaudrey,9,0.28684664564719997,227,391,6,29,65.60840237296215,2,0,0,0.00045703127140189016,Cluster_2
1688,ishannon,11,0.28045506476005533,255,80,51,26,19.39136915921905,0,0,45,0.0010886297462446035,Cluster_3
1689,thompsonsamuel,5,0.1597494602339442,99,4,27,9,0.0,0,29,0,0.0001657381809299708,Cluster_2
1690,kristopher42,17,0.16406358826533518,312,5,43,31,3.137077897659634,0,15,14,0.0019737580769326416,Cluster_3
1691,andersongeorge,3,0.2851865960100478,0,11,7,0,0.0,0,0,17,0.00014121654625383708,Cluster_3
1692,mbradley,27,0.7928400452735271,611,67,24,56,0.0,4,12,0,0.001722395842038004,Cluster_1
1693,brownbobby,0,0.9057567906364479,29,63,5,1,inf,32,13,18,0.0,Cluster_2
1694,brucemcmillan,8,0.9750871697076813,124,7,0,13,1.9452930515933453,0,33,0,0.0002555004396729251,Cluster_2
1695,smithlydia,135,0.23228965409645264,2735,4,89,278,18.631345725456928,32,44,59,0.015576334397668907,Cluster_1
1696,udavis,1,0.8812975456140917,16,54,2,2,58.64026176816057,0,0,28,0.000215474976590315,Cluster_1
1697,kpark,2,0.32825508927733704,25,23,23,9,37.785636860590486,35,0,0,0.00015853454542842839,Cluster_1
1698,parkertoni,15,0.11284054451688441,321,1608,33,40,67.2232493480156,48,0,0,0.002878940713229463,Cluster_2
1699,tjohnson,9,0.8700249255201656,142,35,32,18,0.12453720850875971,0,16,29,0.0009844610225609503,Cluster_2
1700,buckleydenise,12,0.6361056346436186,222,867,13,28,105.14563292432778,0,23,0,0.0014231878975433196,Cluster_2
1701,jordanjudy,15,0.16473089608106173,306,4,30,25,19.39013537787955,76,39,0,0.0011432958244639991,Cluster_2
1702,mejiajustin,19,0.42983125751300255,355,1,40,29,26.560076754751194,0,6,2,0.002170122987240744,Cluster_1
1703,carlsonjacqueline,39,0.28725769487706765,813,4,60,83,0.0,33,0,37,0.00561443677647164,Cluster_2
1704,ywalker,13,0.736794568710197,353,281,270,28,10.873256307116948,126,26,31,0.0024244087877329976,Cluster_1
1705,josephdeborah,5,0.45341623062426806,62,781,28,4,135.65671080624142,0,7,0,0.0009284586856985362,Cluster_3
1706,mbryant,20,0.989279945106385,316,8,22,35,0.0,90,11,0,0.004972571052804207,Cluster_3
1707,buckcarrie,127,0.05474498225959512,2439,14,5,250,16.251447464642823,4,24,15,0.023329907296880552,Cluster_1
1708,wnelson,6,0.3550152661362467,112,4,38,9,10.930887675083707,94,0,6,0.00024283616781706164,Cluster_2
1709,frymelanie,1,0.4819001671099774,0,1,54,0,0.0,27,0,0,0.00020378320592082626,Cluster_3
1710,suzanne54,38,0.5031335547483198,770,120,15,78,13.32170783387572,30,33,64,0.005119087591283629,Cluster_2
1711,littlejames,6,0.3159358223856368,126,49,45,7,11.015701847707883,0,0,0,0.0006853298851179765,Cluster_3
1712,ebautista,0,0.729240249097568,0,33,12,0,inf,0,0,0,0.0,Cluster_1
1713,pcohen,26,0.8747470734889747,429,2,54,42,19.130658175086477,47,0,0,0.0011674495319829205,Cluster_3
1714,roberthartman,3,0.938719301977863,74,633,78,7,189.68251799030315,60,32,30,0.0004010192653185908,Cluster_2
1715,costadavid,6,0.8050933767995262,126,13,77,13,7.639586416062468,68,0,9,0.0013148135156609466,Cluster_3
1716,dannywatson,12,0.8505801973065994,218,86,23,17,0.0,30,8,0,0.002061375823079483,Cluster_3
1717,barbaraford,9,0.5505453006199955,97,2,4,6,2.882636984034147,0,0,0,0.0014125121659521425,Cluster_2
1718,thompsonbernard,21,0.8258882264268146,443,23,8,40,13.181323689269801,0,0,0,0.0012571178016800419,Cluster_3
1719,vegaivan,3,0.3035039091479522,123,55,49,4,0.0,66,0,2,0.0004949391484741472,Cluster_3
1720,lawrenceortiz,15,0.3984787621092144,313,59,790,33,0.0,297,0,0,0.002487449511886663,Cluster_3
1721,josephfreeman,5,0.3169130138185443,57,43,12,10,8.790527544396044,20,11,12,0.0006503429967004213,Cluster_1
1722,linda19,22,0.46738733544792543,442,80,39,48,8.314661963831428,13,0,12,0.0011776997376006597,Cluster_2
1723,bradshawcrystal,18,0.28557961623863637,291,4,8,27,0.0,46,0,31,0.0004793843492089733,Cluster_3
1724,gthompson,1,0.9616114422544468,72,47,4,3,23.55423695190656,22,0,0,6.867032398736919e-05,Cluster_3
1725,bingram,37,0.31284462800566815,744,40,7,78,0.0009370426959156575,0,19,0,0.001960002160872741,Cluster_3
1726,xthomas,3,0.09804453811093983,0,50,0,3,0.0,0,0,0,0.00039711644173040517,Cluster_2
1727,aguilardanielle,24,0.5268171660504134,464,37,152,47,0.0,49,51,12,0.0012661904093354233,Cluster_3
1728,amyrobertson,12,0.057099078445176366,263,3,0,35,0.0,29,10,0,0.0002847874368017771,Cluster_2
1729,mmorse,116,0.11054316630858052,2303,3,13,230,0.0,0,74,80,0.005340925981610049,Cluster_1
1730,manuel82,5,0.2193893891962463,86,0,3,7,0.0,9,0,3,0.0007602387597622418,Cluster_2
1731,michelle05,4,0.4643502498821417,18,144,5,0,5.846383236875994,0,8,54,0.0003538865088329261,Cluster_2
1732,norma38,7,0.4332509323090279,168,146,158,8,13.530276445352612,88,0,0,0.00100104589481022,Cluster_3
1733,olsonmichael,4,0.7996918620027912,47,151,27,8,56.36640250074638,30,0,0,0.0007720418721104107,Cluster_1
1734,prestoncandace,24,0.7394746538841134,372,57,4,36,27.604216079776094,0,12,0,0.0032893616363478184,Cluster_3
1735,dianablake,0,0.4263182939907013,0,0,8,2,,0,17,35,0.0,Cluster_1
1736,charris,1,0.3337042075756299,69,5,6,16,38.83300816795328,10,0,0,0.0001179467378104274,Cluster_3
1737,jerrypowell,1,0.3164687840614986,0,45,18,0,21.061241466637917,13,0,13,8.533866709574979e-06,Cluster_1
1738,sarapitts,30,0.773995087294009,686,42,26,56,0.0,6,70,33,0.004344072825008471,Cluster_1
1739,allen23,96,0.05207240622126974,1941,22,344,196,0.0,110,62,13,0.010035529738362229,Cluster_1
1740,wendy69,6,0.012821649510605826,136,64,1,14,8.955469981992671,0,49,64,0.0006582030579827572,Cluster_1
1741,mejiajoshua,5,0.795544391926648,93,33,19,5,7.990666597924518,0,0,0,0.00031445816244804405,Cluster_3
1742,jasonkane,8,0.4771463759890493,156,41,12,17,53.27682843095117,33,0,0,0.0007882060967186589,Cluster_2
1743,swhite,42,0.13088113855357597,826,10,83,86,0.0,35,50,28,0.00520323651066477,Cluster_3
1744,gwhite,1,0.23556593459450126,4,193,34,0,178.72937727571403,14,19,0,0.0001007189446013244,Cluster_3
1745,debra98,10,0.9325039530973825,226,15,48,21,34.37651860178186,0,2,56,0.0011951211737689954,Cluster_3
1746,hammondelizabeth,31,0.859502975624898,573,3,33,64,0.0,14,0,26,0.0032148907699603695,Cluster_3
1747,michelle15,15,0.7097850502239725,246,8,4,20,8.40494634004765,33,42,10,0.0038304043404886103,Cluster_1
1748,ylarson,9,0.48222523033732656,123,17,123,12,22.58203628625306,0,79,35,0.0005640840950025417,Cluster_1
1749,sandersholly,33,0.5203236261913857,762,198,66,63,15.729980334640594,6,0,0,0.004292774344280621,Cluster_1
1750,johnreid,0,0.9752445352839586,26,30,79,0,inf,0,42,28,0.0,Cluster_1
1751,seangarrett,20,0.9657704438842871,415,23,133,42,19.92221539387968,45,0,0,0.0012926982555033386,Cluster_2
1752,thomas12,2,0.21526904578583428,0,3,37,6,0.0,0,0,2,0.00019402773871791905,Cluster_2
1753,michaelnorman,0,0.8111045663053181,31,136,185,0,inf,111,8,0,0.0,Cluster_1
1754,burnspeter,15,0.1972426661670168,294,10,35,29,11.379418435969939,25,0,0,0.0005934040031764765,Cluster_1
1755,maryjohnson,58,0.2135374778839514,1170,27,14,115,0.0,71,27,58,0.008346291735539295,Cluster_3
1756,michaelcarlson,6,0.6760930341645768,71,475,19,11,107.49834313356052,6,0,1,0.0002210146196406904,Cluster_2
1757,morrispatty,30,0.4050010985875484,608,82,19,54,8.801180837288957,26,29,0,0.007605711875684598,Cluster_2
1758,john42,82,0.9315444071065202,1618,1,9,163,3.0728301775742235,0,108,64,0.004806323409996654,Cluster_3
1759,yvette04,53,0.08900973489600883,1021,1,232,98,0.0,60,7,2,0.003212915281536515,Cluster_3
1760,brendan22,86,0.511525640809493,1756,29,31,176,0.0,57,37,76,0.00681379383844137,Cluster_2
1761,grosschristine,22,0.9185215304431212,363,3,23,36,0.0,73,7,0,0.004264301455850519,Cluster_3
1762,mholland,8,0.9041136604795051,188,106,35,17,29.398597005911977,52,33,0,0.0013308889855376585,Cluster_2
1763,wilsonelizabeth,0,0.15652921341574122,34,35,1754,5,inf,883,12,7,0.0,Cluster_1
1764,nancy45,5,0.36663770009645646,56,44,3,5,24.567296015547125,0,30,22,0.00022137092244962648,Cluster_1
1765,leejames,2,0.6191214000466962,0,9,5,0,0.0,59,0,14,0.0001761903243340263,Cluster_2
1766,collinskyle,191,0.15939488477140218,3808,760,2,379,0.0,29,108,83,0.03866194776169614,Cluster_1
1767,craigsosa,5,0.9680221720457387,114,5522,14,11,1109.4718588338162,108,0,48,0.0003123288331771779,Cluster_3
1768,tcortez,8,0.9147493287276603,152,20,29,16,7.8863447569282314,0,24,0,0.0007171291813430147,Cluster_1
1769,wilsonlisa,16,0.16695017903446918,341,62,9,29,0.0,47,0,0,0.0009870903976442183,Cluster_1
1770,johnsonphillip,7,0.12115546126098542,228,39,8,21,18.069630340805425,31,0,0,0.0007741113756889225,Cluster_1
1771,tammybuckley,93,0.0854084828082653,1834,20,24,178,0.0,0,68,57,0.0023967684829473905,Cluster_3
1772,xherrera,2,0.9094436640366311,0,7,9,0,0.0,72,0,0,0.000456874138480502,Cluster_1
1773,jclark,9,0.1936238097954608,221,4,31,19,3.5180797079825235,35,37,44,0.0017780264914885404,Cluster_2
1774,catherine36,2,0.4162849285443547,124,4,106,16,0.0,6,0,0,0.0001761441805445413,Cluster_3
1775,gillbrian,1,0.448851365652003,39,68,55,7,31.461793920680364,21,44,69,1.8588528529255845e-05,Cluster_3
1776,benjamin84,2,0.5990110442135675,0,12,75,0,21.160547575209417,0,0,0,0.00016676923890293692,Cluster_1
1777,blopez,6,0.07173534374742496,113,0,102,11,0.0,27,0,25,0.00019255136959904726,Cluster_1
1778,vbass,3,0.22675861740051595,4,73,30,3,22.98305318276754,50,0,22,0.00019487081148571793,Cluster_3
1779,xmcknight,2,0.931490386918926,72,30,15,6,18.060691941352456,56,18,23,5.175198471690549e-05,Cluster_2
1780,amy15,0,0.9084101072685695,0,373,6,0,inf,14,20,0,0.0,Cluster_3
1781,peggy27,6,0.7812906474056922,104,64,11,4,34.04688518394297,0,0,13,0.0003569816960152129,Cluster_3
1782,elizabethross,0,0.019401245618215435,0,2,9,4,inf,23,0,3,0.0,Cluster_3
1783,tmoore,23,0.3270067684961021,466,0,60,51,8.549108093938806,66,2,0,0.0009410589069151525,Cluster_3
1784,wmiller,8,0.6279587353429078,141,9,33,13,0.006919336975178547,0,19,50,0.0006558743220200613,Cluster_1
1785,lozanowilliam,0,0.2751902117734757,8,10,57,4,inf,34,13,0,0.0,Cluster_1
1786,greenchristina,4,0.9095866950537773,81,180,3,0,72.86990594095046,0,49,66,0.0005846616031790992,Cluster_3
1787,jordangrace,2,0.6338894618324419,0,32,172,6,18.750836589443875,133,0,0,0.00030575184215881956,Cluster_2
1788,shaun03,11,0.0719067173164456,251,254,10,24,38.72791624256908,24,0,24,0.0023938284541079836,Cluster_2
1789,christina95,55,0.909005588835703,1097,3,3,110,29.1611241521894,25,63,16,0.004306828273282859,Cluster_1
1790,zgomez,0,0.9577666581762225,0,188,10,0,inf,0,5,8,0.0,Cluster_2
1791,michael58,8,0.07771241839172549,272,121,833,34,7.4192119277757875,416,12,10,0.0012797138592414699,Cluster_1
1792,javier84,5,0.5323602348613149,123,0,11,6,20.728647114903346,52,25,6,0.0002933601500647216,Cluster_2
1793,william08,20,0.30336428221417044,392,358,12,46,22.875423200943857,2,47,6,0.0018906791256650612,Cluster_3
1794,richardsonnicole,10,0.39283907648140237,270,39,15,28,26.24459995467827,16,4,0,0.0003544124321660037,Cluster_3
1795,harrispatrick,2,0.1796512179553419,132,67,16,16,44.872691671259,0,36,0,7.550911638126507e-05,Cluster_1
1796,jane66,4,0.5780721020124125,72,6,6,5,7.013361520723761,0,18,28,0.0003778464067092282,Cluster_2
1797,rmontoya,2,0.9579793532488906,57,328,24,0,172.6794416069271,0,0,0,0.00018335474240251267,Cluster_2
1798,oavila,37,0.503072600271609,690,3,100,73,5.1858402018597065,24,11,0,0.004618790542165957,Cluster_1
1799,lewisadam,7,0.08291458139448116,132,148,32,14,27.029518045587345,19,22,0,5.37182918782973e-05,Cluster_3
1800,lsmith,127,0.6200013334774084,2530,145,3,259,0.0,39,42,30,0.005991084620625655,Cluster_2
1801,pperry,6,0.34022299445125703,129,5,11,11,0.0,0,29,0,0.0007985967842892037,Cluster_2
1802,kcooke,2,0.8559251895912978,56,1176,8,3,623.2634985874533,22,5,33,0.00016229684502803922,Cluster_1
1803,george19,0,0.4346781483164702,27,50,21,9,inf,83,11,24,0.0,Cluster_2
1804,vpeterson,0,0.1928396089422456,11,107,147,10,inf,41,43,30,0.0,Cluster_3
1805,amandahines,0,0.19110562269114495,0,2,16,0,inf,0,10,13,0.0,Cluster_1
1806,johnstonvanessa,11,0.7687641807211604,173,1498,17,13,157.3069872507772,22,7,0,0.0009075544650492643,Cluster_3
1807,davidgreen,15,0.2655875983073599,272,3,289,31,0.0,84,5,0,0.000965540556361283,Cluster_1
1808,hernandezjeffery,0,0.767233394159223,0,209,74,0,inf,0,0,17,0.0,Cluster_2
1809,mhuerta,28,0.20588731076659939,612,5,47,64,0.0,69,23,36,0.004274373795221811,Cluster_3
1810,williamhanna,3,0.3216863687013094,1,10,378,0,0.0,282,42,42,0.0004456700801015042,Cluster_2
1811,henry76,9,0.4654869724396994,162,136,41,24,0.0,0,0,0,0.0014448949760045538,Cluster_3
1812,dbranch,82,0.9431958496934507,1687,210,1,165,0.0,0,20,2,0.009647652980075125,Cluster_3
1813,amanda15,28,0.9317314247538246,545,3,70,56,27.811890449305633,13,52,7,0.002239574417379475,Cluster_2
1814,kelly65,4,0.2068718754222878,103,235,1,7,57.82641574681463,0,0,19,0.0003556080767586682,Cluster_1
1815,zwalker,1,0.3582190412430728,13,217,39,0,209.73472921726565,116,6,0,6.145741366627244e-05,Cluster_3
1816,bakerbrooke,0,0.14939938845377232,12,6,1,0,inf,0,0,0,0.0,Cluster_1
1817,saragarrison,2,0.5099850793134971,28,588,9,6,291.1374720505732,0,0,0,0.00017789058805134443,Cluster_2
1818,leonardbrittany,5,0.4605825506946666,133,2,11,17,0.0,86,8,0,8.256042577692664e-05,Cluster_3
1819,michelle73,1,0.9007601624507324,0,10,6,2,2.611656574272704,31,33,53,5.3112531924890774e-05,Cluster_1
1820,jerry76,6,0.9300053777910726,101,78,11,9,54.2898877968735,54,1,20,0.0009120340825625486,Cluster_2
1821,robertstimothy,8,0.3835673910072921,174,7,94,18,14.1510715741273,1,0,0,0.000891799161675965,Cluster_2
1822,sethtaylor,5,0.49173794301898943,126,53,6,17,6.404036792909387,0,5,0,0.00022100756601949048,Cluster_3
1823,hensleylori,2,0.8962362491461331,114,51,45,16,39.46247210812713,0,0,36,0.0001473453248365884,Cluster_3
1824,tstone,9,0.8067078077450615,160,23,4,2,0.0,42,0,12,0.0015836270236442122,Cluster_3
1825,susan70,14,0.0036563113446492768,353,148,15,33,0.0,68,4,55,0.00042397981825666436,Cluster_1
1826,jaimewade,1,0.3200595641835825,0,21,32,0,55.082592590656844,0,16,6,0.00017358452847224417,Cluster_3
1827,kaylatorres,61,0.4217742419361259,1286,50,4,131,0.0,0,65,22,0.005707282717623072,Cluster_1
1828,mary15,6,0.22971628368323171,160,260,2,15,36.25090861978632,0,55,5,0.00025882497936303625,Cluster_3
1829,elogan,7,0.19957161589593875,94,137,42,12,25.692094218698777,0,23,14,0.00044724316116012116,Cluster_3
1830,williamsdavid,21,0.03778450659567967,435,136,108,38,0.0,20,38,46,0.0034479160209941293,Cluster_2
1831,xpeck,10,0.6433697250697605,197,4,17,21,13.412099072628195,47,0,2,0.002722681470568753,Cluster_2
1832,fsaunders,30,0.26251029048316565,631,85,10,67,0.0,0,63,28,0.0019804068596656873,Cluster_3
1833,vsolomon,11,0.05234717843131309,208,6,25,13,13.823661096791678,17,43,57,0.002105390013732473,Cluster_3
1834,michellepugh,2,0.23097931052806364,24,3,21,14,13.219683595010366,0,0,13,0.00040377508384731824,Cluster_3
1835,jessicagonzalez,12,0.8019139528361265,308,29,28,36,0.0,6,26,12,0.0013995101224516418,Cluster_3
1836,adavenport,1,0.8514891816465466,15,6,0,1,40.2131734518197,0,17,0,9.253997145337682e-05,Cluster_1
1837,heatherduncan,8,0.48306624519330266,201,137,4,15,3.8182839313311714,0,48,22,0.0004106179008002708,Cluster_2
1838,sharon03,7,0.41607067040868617,128,143,5,11,47.405980839546174,42,0,11,0.0005950210624206084,Cluster_1
1839,rhondaryan,5,0.9778536935017818,183,1,25,18,23.698664852560814,54,0,0,0.0003060533023330814,Cluster_3
1840,matthewclark,6,0.2005646595880699,86,7,26,10,36.58431081987546,0,0,0,0.0007394961516887831,Cluster_1
1841,hannah48,0,0.21535928285460848,0,2,52,7,inf,15,26,3,0.0,Cluster_3
1842,elliottkaren,3,0.29186717703639975,136,14,29,11,0.0,16,0,0,0.0004175312160861089,Cluster_2
1843,cookkeith,8,0.1727573182810873,137,75,2,16,50.91093170659094,0,0,34,0.0011668505139103356,Cluster_2
1844,omoore,9,0.3793655982041866,260,21,176,19,0.0,18,31,0,0.0009663675605295453,Cluster_3
1845,robertshah,1,0.9108342269897538,64,11,135,4,0.0,131,8,10,7.867607871643985e-05,Cluster_3
1846,laurie22,49,0.6153478406285743,972,343,3,99,3.204265081903744,0,25,8,0.0072837231355693055,Cluster_2
1847,kristenwebb,2,0.41194654861226365,0,0,33,3,0.0,79,0,0,0.00033823821095668163,Cluster_1
1848,kristinabautista,31,0.9344107945712148,619,306,8,58,20.393944244402398,0,0,38,0.00959469297654072,Cluster_1
1849,lauragallegos,14,0.04846423247582232,285,12,24,26,0.0,44,0,2,0.003187732523276637,Cluster_1
1850,eileenwalker,2,0.21027617790186137,98,28,97,17,8.250316601902558,32,11,0,0.00031635461647453643,Cluster_2
1851,ihall,105,0.565888605101759,2179,12,490,223,19.46986294758496,236,34,42,0.02103335763009072,Cluster_1
1852,warrenkevin,1,0.6155526231931792,0,532,61,1,544.4738642035238,123,27,36,0.0002826294570159082,Cluster_1
1853,ashley63,29,0.03955750656261314,620,3,31,50,0.415139727255242,0,0,0,0.006217906014102968,Cluster_3
1854,lisa51,33,0.4030387579071322,698,33,12,82,4.417470574939641,35,0,0,0.0025461965845252504,Cluster_3
1855,simmonsjoseph,2,0.6491539648308727,93,85,26,9,42.74510861263083,40,22,23,0.00021617767274406137,Cluster_2
1856,jameslee,59,0.6980705464034016,1204,1,154,118,0.0,244,18,9,0.00624967383093132,Cluster_3
1857,alicia29,5,0.6381399025162693,2,6,18,0,1.1494667830442546,0,0,0,0.0002201994657653254,Cluster_1
1858,campbelljamie,11,0.32056322436092455,212,25,5,23,12.089559782586146,0,0,26,0.0003616593368764243,Cluster_3
1859,andrew32,10,0.09352012359790951,142,6,1,16,0.0,41,0,0,0.0012713179433578748,Cluster_3
1860,jmoore,6,0.4271124464193341,109,7,43,15,9.562019271272144,11,13,18,0.0006636049346522687,Cluster_3
1861,wongjason,24,0.12875443736805547,529,17,29,48,0.0,0,26,44,0.0007270863114187592,Cluster_2
1862,jenniferduncan,24,0.9476236585206671,495,106,7,47,0.0,51,18,2,0.0011333221514023487,Cluster_1
1863,treynolds,0,0.47517086602262826,57,17,93,15,inf,33,0,0,0.0,Cluster_3
1864,christopher78,52,0.31725917435686757,1057,230,10,106,0.0,0,19,1,0.009301074660975003,Cluster_1
1865,nathangonzalez,0,0.7663040711189001,0,5,16,0,inf,44,47,32,0.0,Cluster_1
1866,tpatrick,34,0.49794859258226387,553,3,19,50,14.609011156324852,28,0,25,0.0044636584794590884,Cluster_1
1867,sotojose,40,0.31003402401245006,807,1061,11,83,4.986537626313087,0,76,32,0.005936918676875877,Cluster_1
1868,smithcatherine,1,0.8119677423908017,9,10,28,6,18.7499659281691,0,3,44,9.660789786236853e-05,Cluster_1
1869,joshua92,3,0.867152151001122,11,3,112,5,0.0,10,0,0,0.00012314460927786972,Cluster_1
1870,youngjeffrey,1,0.673008166288677,0,1,3,0,0.0,37,29,21,0.00017096597388806153,Cluster_3
1871,jeffreystewart,5,0.046964422407667294,63,229,41,8,16.08521068554986,2,0,0,0.00047274442938836805,Cluster_3
1872,dobrien,4,0.5663228801665321,70,17,26,15,23.688373876404885,0,43,59,0.0009602924024775244,Cluster_1
1873,bensonbeth,23,0.7632949119972816,493,20,25,54,0.0,0,67,3,0.003171135086508685,Cluster_3
1874,ronaldvasquez,52,0.13650301208358218,1049,24,74,100,0.0,56,58,45,0.0022997619118051657,Cluster_1
1875,sarah26,59,0.22867075138460335,1260,205,21,113,0.0,0,0,0,0.011495255472932547,Cluster_2
1876,valeriehuang,3,0.8824951050681364,8,23,41,2,23.18354560806516,0,24,52,0.00029387956533305796,Cluster_3
1877,luis38,5,0.020121721853074037,144,2251,58,18,443.51296347372096,0,51,9,0.0005102294488197308,Cluster_1
1878,powerscarl,0,0.752727137825976,2,42,9,0,inf,0,46,37,0.0,Cluster_1
1879,anthony01,2,0.4737732925144229,74,223,31,7,109.48531474139935,5,0,0,0.0001302994853556709,Cluster_1
1880,michaelfrye,31,0.44677215883960686,598,141,13,58,10.599793795489862,0,45,31,0.0004628342851181017,Cluster_2
1881,zamoramelissa,83,0.0070965324948871755,1713,31,16,171,0.6335892555698031,0,95,47,0.010444552388224341,Cluster_2
1882,barbaratate,1,0.8193982309664928,34,11,12,0,10.134536220777672,0,1,0,8.721881088734534e-05,Cluster_3
1883,jason87,3,0.35982490063656647,26,60,40,9,9.63196049490444,0,0,0,0.00013346254794649877,Cluster_3
1884,bauerrebecca,7,0.5407656313005429,139,82,22,14,0.0,70,28,27,0.0007614734706681229,Cluster_1
1885,charper,11,0.6773006863356594,208,11,36,16,0.0,69,37,0,0.0023909520566765693,Cluster_1
1886,kmorse,2,0.7026295764379158,64,44,19,10,36.36959477361291,38,0,0,0.00021783828307946155,Cluster_3
1887,stephen94,13,0.9559800588260723,201,306,1,13,17.422072271935587,24,0,0,0.0015991804444314094,Cluster_1
1888,morrissharon,3,0.5313399532366091,58,1374,21,12,444.7198044455504,55,30,0,0.0003053751783033487,Cluster_2
1889,terryandrew,7,0.3997195509744276,159,154,22,20,0.0,0,0,12,0.0011911737675878188,Cluster_1
1890,lisacollier,16,0.9537036264917079,321,946,28,39,24.732057198192955,15,19,22,0.003174172757406288,Cluster_1
1891,flynncharles,7,0.6421102350255211,207,10,8,19,0.0,0,50,46,0.0005531207223193953,Cluster_1
1892,rollinsdevin,3,0.2981503562765556,98,117,3,7,56.76105708090515,0,0,0,0.00029150522971147245,Cluster_3
1893,courtneybyrd,6,0.12646424540357115,119,368,51,12,50.19192946088697,43,30,23,0.00035890356978388814,Cluster_2
1894,joanne17,6,0.8425545014651813,130,6,13,12,9.009710504828952,53,0,0,0.00022923290098646868,Cluster_2
1895,lsanchez,4,0.36218160279415157,94,13,25,6,0.0,2,0,23,0.00020146384849577302,Cluster_2
1896,pking,5,0.6604697213644312,120,756,13,9,163.97733392057697,88,17,20,0.0006372473697859906,Cluster_2
1897,jonathanscott,81,0.47081641936589813,1528,5,19,150,0.0,20,17,0,0.004459450283217748,Cluster_2
1898,jbrooks,17,0.19892977979503834,324,2,10,26,0.0,0,0,26,0.0018499646282565385,Cluster_2
1899,rodney82,4,0.6016866086204651,5,518,4,3,124.12093864201113,0,0,12,0.00017285007294262647,Cluster_1
1900,mtucker,21,0.06068306895068232,483,285,40,48,50.251436937036715,70,47,0,0.0027870606760514683,Cluster_1
1901,collinsraymond,4,0.4133424598711922,76,72,8,6,53.79768631101709,10,0,0,0.00037684229460537705,Cluster_3
1902,michelle03,42,0.546614939663671,830,30,25,77,10.444951769873006,46,38,0,0.002910243182421535,Cluster_3
1903,joseallen,12,0.43604697411857907,284,15,37,22,0.0,0,0,41,0.0008259332175450932,Cluster_1
1904,melissa66,6,0.7486721752509908,141,55,8,23,15.244702708568335,16,0,0,0.0004158511602542466,Cluster_2
1905,lawrenceallen,14,0.8279249545453125,223,568,3,19,46.90847534609436,0,26,62,0.001837532068812958,Cluster_3
1906,zmeadows,0,0.771243074033178,0,50,764,3,inf,312,9,0,0.0,Cluster_1
1907,brian45,1,0.03881294781180211,3,1636,9,1,1644.8188803984524,1,0,0,8.57186631970706e-05,Cluster_2
1908,richard26,1,0.1941287704459722,0,6,51,0,10.164537243071269,80,9,27,0.00022609775091126107,Cluster_1
1909,brian86,9,0.5366075092637743,145,31,368,23,0.0,297,0,23,0.0005378314853931959,Cluster_2
1910,simonjasmine,99,0.9348220404438012,1970,16,65,200,0.0,44,81,62,0.004542359065459279,Cluster_2
1911,max02,209,0.8349567750521169,4174,4,12,413,0.0,0,143,102,0.01858539166498747,Cluster_2
1912,james09,19,0.8425345083518017,305,25,18,30,17.306166455156145,0,32,0,0.0009123826661263352,Cluster_1
1913,clarkbrenda,15,0.3032081937596749,357,70,5,29,4.037422176759375,50,0,20,0.0016992990590326857,Cluster_1
1914,jmorris,0,0.42944789707870257,0,85,75,9,inf,0,1,6,0.0,Cluster_2
1915,megandawson,3,0.4707059473159374,61,1647,46,1,543.3396894459117,54,48,19,0.0005788638774459835,Cluster_1
1916,wagnerruth,2,0.15737158334991042,60,76,9,3,16.808049899787505,19,39,25,0.00021783734645562203,Cluster_1
1917,goodmanheather,2,0.031068130244456316,0,262,4,0,126.22740570256354,11,60,62,0.00015199640583051153,Cluster_2
1918,douglascarrie,5,0.9469028994605169,122,37,2,12,0.0,0,0,9,0.000759285430807694,Cluster_1
1919,michaelschwartz,3,0.24071258566350673,41,678,88,10,204.27421652792896,26,0,0,4.055801426873476e-05,Cluster_2
1920,upineda,0,0.2399489037236313,0,2482,24,8,inf,0,4,24,0.0,Cluster_3
1921,stacy05,22,0.08337905376875954,468,86,27,44,0.0,0,23,34,0.003076613911542872,Cluster_2
1922,dpeterson,1,0.9285077519437785,94,5,5,11,0.0,48,0,0,6.775070257728126e-05,Cluster_2
1923,hillphillip,10,0.579737114939772,236,12,2,24,33.55919368761811,62,0,2,0.0010640374798550267,Cluster_2
1924,ocook,165,0.6670368571253539,3346,55,85,329,16.633034041418163,53,120,74,0.014410793845827021,Cluster_1
1925,kmiller,1,0.9115768872630525,0,75,21,12,67.56981548996323,0,0,0,0.00020903816314795225,Cluster_2
1926,cherylhaas,0,0.3456201689007895,0,116,78,6,inf,118,0,0,0.0,Cluster_3
1927,elizabeth98,4,0.6215073111380841,154,75,11,16,14.034233634785945,0,0,0,0.000111305540091003,Cluster_3
1928,hallscott,38,0.03879945472888746,862,33,14,94,0.0,0,26,11,0.0032714884434503124,Cluster_2
1929,nataliehenry,139,0.18677252823112933,2857,10,58,291,9.565766935743254,63,159,82,0.005235861879388521,Cluster_3
1930,collinscaitlin,1,0.8312458050899425,3,68,60,0,61.51396229359594,52,0,16,0.00010408112957727817,Cluster_3
1931,samuel45,15,0.7667683563383357,242,933,66,25,63.709960179988066,5,0,0,0.0015420896963823638,Cluster_2
1932,pamelaclark,3,0.3506426914571469,6,207,12,8,89.42726469799342,11,73,66,0.00030177863878454484,Cluster_1
1933,asilva,6,0.3768106277742125,35,86,50,0,32.55759540924087,47,0,15,0.0011409318457153562,Cluster_2
1934,milleraustin,390,0.5335544335535795,7794,211,106,787,0.0,63,208,158,0.014553932769861298,Cluster_1
1935,corey91,0,0.0002410046851345493,80,16,17,6,inf,31,56,76,0.0,Cluster_3
1936,zfitzpatrick,10,0.24124433603802786,192,13,9,26,0.0,0,0,43,0.0005960939253354264,Cluster_3
1937,jasonpatel,14,0.20823180860821444,295,8,150,29,9.57971179774267,101,0,0,0.0014241384725288654,Cluster_1
1938,hendersondawn,37,0.25048294674976346,808,26,7,82,3.672608818724815,4,3,10,0.0036985325113554654,Cluster_3
1939,hsanders,8,0.8059058425334413,139,15,51,13,9.454587247268615,1,0,0,0.0006716451324418131,Cluster_1
1940,wongpeter,11,0.27967385654644317,321,291,18,29,20.5056503616608,0,52,113,0.0007782195377825196,Cluster_2
1941,jacksonteresa,4,0.19152132205014816,179,14,1,16,45.1814254730498,0,0,15,0.0004698894007248749,Cluster_3
1942,zfaulkner,11,0.5042634607930315,213,7,109,28,0.0,0,0,35,0.0010840982827874037,Cluster_3
1943,tammymartinez,4,0.8656450363727319,51,1092,0,0,292.4310342193692,0,0,10,0.0007037948078635339,Cluster_3
1944,hbates,18,0.24134970383749987,394,14,1,33,0.0,3,36,0,0.0011442446577093841,Cluster_2
1945,moralesjoshua,4,0.0785362427927987,62,43,44,2,20.836883492586423,0,5,0,0.0007729801042929637,Cluster_2
1946,mclaughlingloria,13,0.3564047358496647,202,74,44,14,17.20810723734335,0,0,0,0.002141826068724134,Cluster_3
1947,wtorres,7,0.7476518245649778,204,4,7,27,1.6709460026742764,122,15,0,0.00038245246762605645,Cluster_2
1948,robinsongregory,40,0.5506905446947946,860,306,25,92,0.0,0,44,35,0.004002574464131267,Cluster_3
1949,qdougherty,6,0.8167933695743474,127,104,0,15,20.156031148239308,0,2,13,0.0003657755286850835,Cluster_3
1950,lmitchell,0,0.959592147609234,0,547,58,0,inf,0,0,0,0.0,Cluster_2
1951,scott37,49,0.792662476751617,918,9,29,98,35.982403195513406,8,54,26,0.0025492720376388786,Cluster_3
1952,tiffanythomas,1,0.6038030788437534,25,39,18,0,21.55319429399408,0,0,0,4.705499392215569e-05,Cluster_2
1953,michael63,2,0.4933415880523805,15,35,20,12,6.3817300737199645,0,49,63,0.0002966890827455228,Cluster_2
1954,smithronald,3,0.04006908634826667,42,53,42,0,23.361377808053394,0,0,14,0.0004760687762641203,Cluster_2
1955,fullerscott,58,0.9843219788140413,1211,2,19,119,0.0,62,5,0,0.003830396906761905,Cluster_2
1956,bryan76,0,0.3834811225750425,36,40,1,1,inf,4,0,5,0.0,Cluster_1
1957,qphillips,817,0.1522282139168668,16408,2,541,1635,21.40948468769137,220,401,198,0.0937046642067304,Cluster_2
1958,sphillips,36,0.6667088553964567,670,63,121,76,0.0,102,18,27,0.006840356954014664,Cluster_2
1959,meagandavis,10,0.28428828909545933,182,0,2,22,0.0,0,0,0,0.0021061685125638055,Cluster_3
1960,stewartrichard,6,0.5857782709310476,157,1,11,21,0.0,0,5,0,0.0013118017932146194,Cluster_1
1961,johnyoung,11,0.5867679078445912,242,144,14,18,0.0,6,22,46,0.0008118686372801187,Cluster_1
1962,melodylewis,16,0.44572982090286917,396,12,101,40,48.8424898414494,145,0,6,0.0017950271264610886,Cluster_1
1963,jessicamurphy,19,0.8361186155450426,401,5,0,42,12.226520573791966,0,0,0,0.002524209677821529,Cluster_1
1964,cathy27,17,0.26496706155544303,432,326,9,44,38.207769089397374,0,25,0,0.0027432583873315823,Cluster_3
1965,sarahcollins,8,0.44863259161773417,187,59,1,12,5.764407004271373,38,0,9,0.0009159550943147162,Cluster_2
1966,xcampbell,5,0.5376921285909715,153,159,13,20,46.9742764966382,0,0,7,0.0007253559997000323,Cluster_2
1967,raymondgonzalez,5,0.6636247207672996,83,24,9,8,0.0,35,35,21,0.0004603035705702238,Cluster_3
1968,xparsons,5,0.7839718505055895,100,4118,22,5,844.3659682353921,0,56,3,0.0005830473304568923,Cluster_1
1969,harrismonica,40,0.39480728287825606,845,11,8,75,0.0,11,33,0,0.004360268495763911,Cluster_2
1970,fwalker,17,0.646046944096596,420,765,6,45,34.37368361348174,90,3,0,0.0014303644944807206,Cluster_1
1971,thompsonmallory,0,0.15061095306851913,36,29,50,15,inf,0,0,0,0.0,Cluster_3
1972,ashley43,19,0.9326481005424786,375,1,39,32,6.38156675059167,70,36,20,0.001437812116960507,Cluster_3
1973,washingtonandrew,9,0.38305880642100354,248,78,45,25,10.359067634537642,56,38,18,0.0007026566841040349,Cluster_1
1974,kristenbowen,7,0.7295214219764384,30,58,15,8,0.0,0,0,0,0.0008929182180813285,Cluster_3
1975,deanpenny,4,0.020341081882177647,8,4,8,0,2.9962733764328364,31,29,64,0.0005008033764792006,Cluster_2
1976,danielle05,39,0.205187142904807,814,6,16,79,19.36507322351072,11,1,21,0.0010209237420744789,Cluster_3
1977,cynthiaroberts,30,0.487082544323578,600,31,42,55,0.0,25,0,29,0.005374852613848028,Cluster_3
1978,josefranklin,2,0.8782524677323466,70,62,0,11,57.29874090680592,16,0,11,7.304247492203571e-05,Cluster_1
1979,gregory17,13,0.5272551499506771,263,0,36,32,0.0,0,36,23,0.00030155996335009573,Cluster_1
1980,emily25,1,0.929870482293879,48,220,31,5,220.13095783436748,19,9,15,0.00013965565041130617,Cluster_1
1981,zsmith,0,0.48379689658279634,0,13,22,0,inf,23,8,10,0.0,Cluster_1
1982,megan44,2,0.49044909673594994,68,3,16,4,0.0,45,11,26,0.00037989267876440113,Cluster_2
1983,clintonrivers,26,0.11974678850053189,569,180,0,53,28.002786590618403,0,27,0,0.006248325082689645,Cluster_3
1984,stephen18,30,0.8026562441522198,661,31,10,61,40.526380577769515,69,11,24,0.005438158815946036,Cluster_1
1985,antoniopatterson,15,0.2469654124670625,400,295,294,39,23.087548045149674,89,26,19,0.0014194706127303067,Cluster_3
1986,christopherjones,21,0.8996124893723151,432,72,20,46,0.0,48,0,0,0.0023891691178761355,Cluster_2
1987,kelly18,16,0.9108242203303961,333,33,12,35,0.0,9,27,18,0.003227632404002401,Cluster_1
1988,thomastroy,2,0.9433101118741497,0,25,20,0,38.5920540669465,0,26,0,0.00019890153283473955,Cluster_1
1989,davidtaylor,14,0.52023048910309,253,78,34,25,31.10531255822155,43,27,2,0.0005954979480204265,Cluster_3
1990,nwhite,24,0.6770937847836443,470,15,53,46,29.61118245737351,0,34,16,0.0036523084215001854,Cluster_1
1991,taylorshelia,22,0.7785158800616635,492,7,14,42,0.0,60,24,0,0.0015612409958397843,Cluster_2
1992,orush,43,0.1310146186504656,829,99,37,83,23.058464411937447,0,56,32,0.003904512890443245,Cluster_1
1993,jessica69,21,0.6009571949974972,459,25,248,42,0.21368836795478618,49,0,1,0.0013151742487877065,Cluster_3
1994,bridget73,12,0.03429790130331167,239,35,90,17,0.0,121,31,37,0.0017709991920732886,Cluster_3
1995,icarpenter,36,0.4975660833887259,711,235,672,72,29.01131348002484,345,77,34,0.0008273795832458059,Cluster_1
1996,jennifer87,7,0.1548426816202274,152,26,7,12,36.39169127984981,46,0,6,0.0005264564478763667,Cluster_2
1997,sdiaz,1,0.1829229259620847,0,34,248,1,13.587960544373605,81,0,0,0.00010147372142581921,Cluster_3
1998,bprice,5,0.3650475666926015,78,11,6,12,0.0,0,41,14,0.0001642290809486853,Cluster_1
1999,bscott,2,0.432437166716503,0,71,34,0,36.29963868460249,100,0,0,0.00012258981891916516,Cluster_1
2000,kimberly65,2,0.6231724245321872,27,62,60,3,50.12257211482,29,0,0,0.0002598880217464005,Cluster_1
2001,pottscourtney,5,0.07442841843851566,76,167,9,0,10.72361612492093,29,7,22,0.001034078676331761,Cluster_2
2002,nicole94,2,0.5036917612374446,14,11,22,9,10.040314739118116,43,0,0,8.707173774512943e-05,Cluster_1
2003,forddawn,4,0.18262513025310112,100,14,78,3,0.0,22,28,11,0.0005075517033966393,Cluster_1
2004,fernandoramirez,0,0.5739751750317419,32,137,6,0,inf,14,0,0,0.0,Cluster_1
2005,stanleyparsons,10,0.6374046122611835,211,52,245,27,0.0,202,15,36,0.000765874388157656,Cluster_3
2006,lcraig,7,0.5567092565528539,189,6,2,17,16.29320286262644,0,12,7,0.0008503569462068972,Cluster_3
2007,ztaylor,2,0.7382955104783077,68,347,368,0,170.33570378364584,231,50,37,0.0001808409319384846,Cluster_3
2008,richard54,19,0.3356092442409013,365,1,90,40,0.0,0,44,26,0.0019015072452073932,Cluster_2
2009,jonathan75,30,0.7651065916331309,576,135,17,61,5.773799108537769,64,0,0,0.005020518299061241,Cluster_2
2010,lcampbell,0,0.43276708170819367,15,3,10,0,inf,0,0,0,0.0,Cluster_2
2011,yjohnson,2,0.4841844983225968,68,986,9,4,481.8181085579012,54,26,8,0.00022120568803940307,Cluster_3
2012,bcarson,2,0.6481021272610714,109,2,16,8,7.748021406493232,27,0,9,4.647195881615798e-05,Cluster_3
2013,wilsonbrandy,1,0.01835838399922396,79,263,18,6,227.5649044193621,4,0,3,0.00016809718207834104,Cluster_3
2014,robertbennett,25,0.6539942214202483,472,28,132,37,0.0,61,0,36,0.0017674185535663353,Cluster_3
2015,adrian40,5,0.6185851490721154,94,17,384,8,0.0,179,22,36,0.00027295968236576857,Cluster_1
2016,perrytammy,4,0.3098471167532799,113,46,27,20,38.0425711100074,0,0,31,0.00034069136694992385,Cluster_2
2017,robert13,0,0.08579428489948948,53,103,5,0,inf,0,0,0,0.0,Cluster_1
2018,daisy06,19,0.09093544991304114,426,6,8,39,0.0,114,8,44,0.0032714986770680417,Cluster_2
2019,juanwells,1,0.9232237469852286,16,7,15,0,25.903094713336593,72,6,10,7.352327726467027e-05,Cluster_3
2020,xknox,8,0.6892793212258371,97,106,4,12,5.161006350617779,0,23,24,0.0015439999790699062,Cluster_2
2021,bdavis,11,0.1271026137707404,170,1,3,23,5.4601470882437315,14,0,22,0.0007269194876512611,Cluster_3
2022,lamerin,56,0.35672316930890635,1133,11,466,119,0.7115355898938278,237,5,3,0.004661636393751255,Cluster_1
2023,ortizdenise,1,0.5924829939015964,37,7889,31,0,7879.580011584941,8,0,0,0.0001672578454513704,Cluster_3
2024,seth15,0,0.8355717050906487,0,5,5,2,inf,0,3,37,0.0,Cluster_3
2025,sheilahunter,9,0.04366092871300853,182,261,68,25,44.46522442840289,56,0,0,0.0019671498669002097,Cluster_3
2026,smills,110,0.23663313147000886,2231,11,3,225,0.0,43,33,0,0.016789159092264912,Cluster_2
2027,ramoselizabeth,47,0.88974899029538,882,82,3,90,0.0,0,25,9,0.001075360795641694,Cluster_3
2028,bianca68,10,0.009165550183816484,255,107,6,23,3.849751840010935,100,30,8,0.0006334354600747645,Cluster_2
2029,thomastaylor,3,0.2013991027938874,41,252,240,5,38.041749344285364,196,34,20,0.00019836706283127257,Cluster_1
2030,hkrueger,24,0.959024175972966,542,23,13,60,6.619524263511571,33,0,0,0.0009103643699884735,Cluster_1
2031,kevin37,1,0.6134018465221711,0,1187,0,1,1162.817774220229,0,0,33,9.254779011170662e-05,Cluster_1
2032,jbeck,15,0.26167136663750645,248,11,123,18,13.327707815711813,81,36,33,0.00181267115249363,Cluster_2
2033,kimclaudia,15,0.0669910943958476,277,50,12,25,1.524851319827456,20,55,11,0.0008886448065836027,Cluster_3
2034,john71,36,0.028191340447222157,715,51,1,77,3.5190885972754797,26,0,0,0.003925862553335019,Cluster_3
2035,keithmcdonald,463,0.24474507963692727,9240,4,12,925,14.01522272097934,85,272,153,0.01430360725991747,Cluster_1
2036,marisa03,13,0.8814858195889105,249,19,43,25,0.0,12,0,0,0.0011430021920979469,Cluster_3
2037,stephen12,3,0.4159136542975095,76,44,36,4,22.051635533685804,120,35,8,0.0001611274651346558,Cluster_1
2038,veronica79,7,0.720333369165993,131,15,298,19,7.495278194110439,169,0,0,0.0003206740538943781,Cluster_1
2039,rodney03,0,0.9182850353799578,0,2680,5,8,inf,0,46,34,0.0,Cluster_3
2040,ryankirby,2,0.4080404616028166,0,7,21,6,0.0,130,0,0,0.0004263801488220194,Cluster_2
2041,yodonnell,3,0.19127737103739706,79,276,7,15,103.90476728110328,44,0,0,0.0004211571497440242,Cluster_3
2042,rhondarodriguez,3,0.5171179308569195,55,154,1,3,65.40242422171966,0,0,12,0.0005239629019107056,Cluster_1
2043,carterjacqueline,9,0.9080836870598544,260,32,75,23,5.827596075113236,41,0,21,0.0006714387818509704,Cluster_3
2044,usmith,2,0.8043744141377006,0,6,40,0,0.0,51,0,0,0.0004515865822716131,Cluster_3
2045,ggomez,39,0.06582984336315378,689,8,30,69,0.0,7,34,64,0.0028349012428376093,Cluster_2
2046,murphydennis,7,0.6925728000775818,170,13,38,24,0.6504884087415257,25,33,75,0.0004966336596429575,Cluster_2
2047,pbrooks,7,0.5718975224589538,157,1,7,21,13.912748142499012,0,21,25,0.001172081327257014,Cluster_3
2048,shannonbrown,4,0.9074631763464255,29,5,4,5,0.0,0,0,0,0.0003654842215920899,Cluster_1
2049,mariah36,9,0.12248141685029723,103,2,21,3,0.0,15,18,17,0.00035627493316164275,Cluster_3
2050,carpenterjeremiah,25,0.5340361132046566,576,373,114,49,6.866548801155952,64,0,0,0.001937473899659511,Cluster_1
2051,martinezanne,2,0.8794626935118923,110,100,224,12,48.33556841193941,138,13,0,0.00011130793482729867,Cluster_3
2052,george46,2,0.410023786741743,0,136,66,4,41.97349431950306,4,34,0,0.00017377500349007898,Cluster_3
2053,matthewhouston,4,0.48199491773286707,57,95,20,5,19.399344432533336,0,13,0,0.00033838169766707966,Cluster_1
2054,bgray,0,0.0704606776669583,83,44,30,17,inf,0,44,0,0.0,Cluster_3
2055,reginamoore,2,0.2781436404489108,16,459,20,0,208.74816257020686,62,0,15,0.00041967447140989537,Cluster_2
2056,callahanalexis,3,0.32450664916894734,35,11,4,0,1.3073149832929838,0,0,0,0.0006557670765901898,Cluster_1
2057,david32,27,0.9451224487448869,525,40,20,49,0.0,0,15,15,0.004282704401806156,Cluster_2
2058,imassey,10,0.28266736054115904,143,127,2,10,22.611722850194145,0,0,18,0.00016570664317117152,Cluster_1
2059,zli,9,0.460868735269652,94,3,16,12,0.0,0,0,29,0.0009314478499518084,Cluster_3
2060,nmorales,26,0.6713044235642798,572,8724,233,55,337.3351439810306,81,3,0,0.005800631755772868,Cluster_2
2061,sbailey,6,0.1621833724078774,27,34,69,0,0.0,0,0,7,0.0006906793786728363,Cluster_3
2062,elijah45,13,0.4864423871418745,272,42,5,31,0.0,72,14,16,0.0005912968026332014,Cluster_2
2063,jeffpearson,6,0.7385390394759076,164,318,18,7,58.945832554108115,43,0,31,0.0005515640441195006,Cluster_2
2064,hernandezbrandi,11,0.866855213027066,147,171,5,9,20.239809202297657,64,0,19,0.0017866104549459619,Cluster_2
2065,staffordpamela,3,0.6262592746624267,13,35,18,0,3.3262230150994583,81,35,53,0.0006930059888298375,Cluster_1
2066,lali,0,0.6690535153169479,60,41,95,7,inf,0,0,0,0.0,Cluster_2
2067,harrisonkevin,6,0.12628347258456896,146,2,53,15,0.0,43,21,0,0.0002506674837023177,Cluster_2
2068,tdiaz,62,0.9457764972463472,1209,12,833,130,28.24883459871078,387,19,37,0.002056748493990872,Cluster_1
2069,colemanjo,29,0.13257407748448236,640,84,120,68,16.645679681698496,115,19,25,0.002536279333129395,Cluster_3
2070,gabriellerobinson,31,0.7746729371817983,680,73,27,75,15.383799727099554,0,62,34,0.000830874312033897,Cluster_2
2071,alex75,47,0.2648163217783188,953,298,55,96,0.0,0,19,0,0.00217901144528127,Cluster_3
2072,jasonanderson,8,0.9335931437012516,114,26,14,6,0.0,0,22,32,0.0002891086082195376,Cluster_3
2073,joseph19,9,0.7199595393694795,159,2,3,16,0.0,0,6,0,0.0012524828776594012,Cluster_2
2074,fcarlson,2,0.753813712978369,54,221,142,8,71.87877015931976,116,0,19,2.3862201048508844e-05,Cluster_2
2075,johnwilliams,4,0.21905917305988332,70,439,91,10,127.54900192152174,58,0,2,0.00011189119718060536,Cluster_2
2076,sandra47,18,0.4430399766351608,406,166,13,38,38.29991199318494,0,30,5,0.0022551981187646604,Cluster_1
2077,samanthacampbell,44,0.6178131945892864,803,24,30,82,41.78415366552683,122,0,12,0.008360262402075583,Cluster_1
2078,abenton,5,0.7699736182066009,25,216,129,0,22.282323449645276,96,0,0,0.0009399867295492612,Cluster_1
2079,joel12,3,0.10395937591238957,69,15867,71,1,5291.346469936685,74,3,2,0.00017097570718887148,Cluster_3
2080,rsparks,7,0.9623653164545284,115,40,2,5,32.17065109729414,65,9,4,0.001039585786888784,Cluster_2
2081,rcrane,18,0.890220670554556,328,3,28,32,0.0,0,0,18,0.0014428454447703392,Cluster_2
2082,joshua62,0,0.27034859049558435,0,11,15,0,inf,0,0,3,0.0,Cluster_1
2083,danieldiaz,0,0.822760243032332,0,102,106,0,inf,94,0,0,0.0,Cluster_1
2084,gamblemichelle,3,0.5183239230398234,57,1,94,10,22.985782488768315,6,20,0,0.00044767932689503153,Cluster_2
2085,jacobsonjohn,1,0.46180648156201864,52,44,145,0,43.6147848785327,58,0,0,4.267135789047305e-05,Cluster_3
2086,linda10,3,0.3144341058114054,63,65,3,3,7.079829487405421,0,59,46,0.000410875299602097,Cluster_2
2087,bray,5,0.5809685866315925,93,524,6,9,110.4771457965772,0,0,13,6.851546245431322e-05,Cluster_2
2088,jill36,3,0.7298891177035978,118,350,106,13,119.72677413023997,34,0,41,0.000523651761599287,Cluster_3
2089,vickiesolis,65,0.41093290496275825,1234,157,8,120,5.780566662476446,49,24,0,0.004526901323908756,Cluster_1
2090,ashleystrickland,12,0.6292191930082921,266,0,2,30,0.0,37,22,45,0.003154283448264609,Cluster_3
2091,handrews,11,0.6993129211553037,136,173,44,16,48.17443590254004,77,32,0,0.001451454580150514,Cluster_3
2092,elizabethkim,18,0.7111218170152859,318,117,8,37,3.826805334751558,54,0,0,0.0028480776220435955,Cluster_2
2093,john17,1,0.05196609813118025,0,52,294,0,84.38644152646609,167,0,6,0.00017987386388902872,Cluster_2
2094,susanjones,35,0.8597478056850669,739,1,31,71,11.310909956575383,31,0,6,0.004385351248137749,Cluster_1
2095,veronica13,6,0.45825331476504794,116,8,25,8,8.35673618856796,25,11,0,0.0005773612186471777,Cluster_3
2096,iross,20,0.26241608169621444,399,4,11,41,0.0,0,39,26,0.0037936430169295894,Cluster_1
2097,kmorris,1,0.2417645074796816,0,0,218,0,19.47913387091841,57,34,0,9.809597554678477e-05,Cluster_3
2098,mary41,0,0.48301411284395046,0,32,34,0,inf,0,5,24,0.0,Cluster_2
2099,mollychurch,25,0.8868315394689592,461,7,10,43,0.0,0,41,30,0.005466674737483328,Cluster_3
2100,christopher99,12,0.3783475816826469,259,3735,6,22,291.9401561800393,0,63,46,0.0007123595795371642,Cluster_2
2101,dawn96,1,0.7497257467835433,0,24,17,0,32.44969243868544,29,36,14,0.0001422574004894414,Cluster_2
2102,byrddaniel,2,0.0968187309872186,106,339,4,3,151.35242229667008,12,28,8,0.0003535874504860353,Cluster_1
2103,marshallkristen,39,0.4760567021510618,696,1,94,71,0.0,62,0,13,0.007958371006901752,Cluster_1
2104,steven26,1,0.9916861403927356,0,12,1,3,33.143690771021824,18,29,57,0.00011211140346415287,Cluster_3
2105,autumnmartinez,86,0.770437802792337,1803,39,16,177,6.532891929979698,67,56,0,0.016317963568084428,Cluster_3
2106,laura58,1,0.210528488440613,0,6,50,9,0.0,24,20,0,5.499654146322219e-05,Cluster_3
2107,christine84,19,0.5014414736979107,314,15,33,31,28.98922391653332,66,47,34,0.003527808998056141,Cluster_3
2108,cmyers,4,0.23362476364856655,90,22,6,1,16.45750473989403,28,12,0,0.0006225625623722778,Cluster_2
2109,ncunningham,18,0.40956092726250926,336,21,54,32,21.522526410748455,83,5,6,0.002138023458025039,Cluster_3
2110,cruzamanda,3,0.7800840237349648,18,933,5,2,265.64883313581396,83,0,0,0.0005740295289274202,Cluster_1
2111,uwalker,5,0.7712248152904037,45,65,19,6,19.617057565254925,38,0,15,0.0004283639108723778,Cluster_3
2112,donnaayala,7,0.22810037790238513,278,78,53,26,27.986013870455007,31,9,0,0.0009356997463735009,Cluster_1
2113,smithandrew,1,0.9222233181548601,7,87,40,0,121.00577284595984,24,8,0,0.0002560045581354182,Cluster_2
2114,lbrown,22,0.5925681827648268,343,99,7,28,0.0,0,18,0,0.002742802258499345,Cluster_2
2115,holtrebecca,3,0.3799242909620145,134,28,121,10,33.45562511722399,35,30,13,0.0005351334426599273,Cluster_2
2116,xmitchell,5,0.5019355807808606,130,18,22,10,36.487605714024895,56,28,0,0.0012291972287724337,Cluster_3
2117,jessicajoseph,1,0.6050712534377437,0,44,61,0,3.654220454420411,0,0,0,4.1138999895615475e-05,Cluster_2
2118,charlesrivera,0,0.5598905318457854,0,265,199,0,inf,180,0,1,0.0,Cluster_2
2119,james20,5,0.4864050355361782,133,251,107,16,62.552416286814044,45,14,0,0.0004652419245305352,Cluster_2
2120,pwatson,275,0.5049328040894001,5487,21,107,556,0.0,196,204,127,0.02192995606309488,Cluster_1
2121,bryan31,23,0.17641191042788618,363,131,26,40,0.0,0,21,0,0.0023887950878335546,Cluster_2
2122,gail88,7,0.8127329043046794,229,23,66,29,16.642792551470734,45,0,0,0.0003470444096538274,Cluster_1
2123,hernandezjohn,4,0.5417603199410154,58,35,27,10,0.0,0,18,0,0.00025145283565017383,Cluster_2
2124,uestrada,7,0.1310798617047031,214,14,3,25,0.0,0,21,34,0.00032268538934547325,Cluster_1
2125,anthonyfranklin,16,0.7661571015827779,383,23,31,36,17.686198016478432,68,25,72,0.0018868206394051725,Cluster_3
2126,whernandez,1,0.9324439783773508,0,370,29,0,405.0808610065373,0,41,2,0.00012424071730562596,Cluster_1
2127,laura78,39,0.9473068992369621,831,39,48,80,11.759685450840362,0,31,12,0.0020365017558651582,Cluster_3
2128,snyderray,21,0.36901773241117275,387,42,16,37,4.669689908290231,37,50,12,0.0024239168597644137,Cluster_3
2129,darrenjimenez,21,0.13551687356075404,326,2,6,32,0.0,40,17,15,0.0021717968028850663,Cluster_3
2130,ytaylor,14,0.5183996266330652,258,18,53,29,0.0,0,52,15,0.001732339288378742,Cluster_3
2131,ariana59,7,0.11260922934922069,159,21,2,18,25.19156483001899,30,39,30,0.0005744476939220962,Cluster_1
2132,joannarivera,20,0.9339874185126172,376,7,179,36,0.0,95,37,38,0.0030114331171845104,Cluster_1
2133,mark82,17,0.183579627355146,324,34,14,32,25.01406549333457,0,32,0,0.0012947605767595226,Cluster_1
2134,kevinbest,4,0.2527658599511641,137,15,29,15,0.0,0,71,49,0.00017399917955840342,Cluster_1
2135,ktownsend,3,0.40663652688497043,65,38,46,9,0.0,0,33,0,0.0001725938881398097,Cluster_2
2136,xclark,8,0.3831644685591258,117,41,48,4,13.540977776550319,109,0,0,0.001957424747188499,Cluster_3
2137,hernandezkenneth,75,0.794662892397889,1535,5,2,148,0.0,51,44,18,0.005193936122133207,Cluster_1
2138,marissataylor,1,0.45631682055096234,29,16,69,8,0.0,0,0,0,3.993111786201421e-05,Cluster_2
2139,ljones,0,0.1707682600033369,0,38,31,0,inf,55,61,28,0.0,Cluster_2
2140,sandraramos,9,0.2672098954860741,201,279,7,17,18.46032452456725,0,42,12,0.0006061477953761984,Cluster_2
2141,justinboone,7,0.509113385187522,159,52,6,14,25.9804018520557,48,64,31,0.0010427770201116276,Cluster_2
2142,anna05,9,0.1474539174261349,181,10,12,16,17.94824369904074,0,0,5,0.0006514969698582888,Cluster_3
2143,brittney17,10,0.6116556756460141,244,67,2,27,0.0,0,38,29,0.0008560969297595523,Cluster_1
2144,jareddyer,5,0.5657473065511459,66,715,265,1,122.9522471076703,118,0,2,0.00036448657396258993,Cluster_3
2145,william69,69,0.7147023163822577,1396,172,186,139,0.0,60,0,0,0.016827720591310654,Cluster_3
2146,ryansilva,0,0.9377046153793677,0,88,39,1,inf,89,0,27,0.0,Cluster_2
2147,leslieharrison,2,0.9122545611011557,60,122,14,7,95.52912743757376,51,46,65,6.978103514435364e-05,Cluster_3
2148,sara66,6,0.9460756180688313,217,442,14,22,69.66315393069644,12,0,0,0.0005593150228083409,Cluster_3
2149,kelly65,0,0.24471559702370094,0,229,62,2,inf,82,0,4,0.0,Cluster_1
2150,candace24,5,0.13156530663935462,62,91,280,3,28.472747780004084,58,38,11,0.0005753662059958034,Cluster_2
2151,tyronehughes,89,0.3022767004964485,1744,226,8,169,7.819774822623696,0,69,64,0.0008335067162147333,Cluster_2
2152,collinsapril,7,0.8950851727663146,146,4,3,26,1.3778527862203287,25,69,41,0.0004137265118297852,Cluster_1
2153,ksmith,10,0.9720534746234882,146,2,204,13,24.942614155773942,138,5,4,0.0014379013824283697,Cluster_1
2154,vhorn,1,0.859324951070476,41,43,1,3,26.49814053329967,14,0,12,0.00019397269410497312,Cluster_1
2155,annette99,2,0.1100177211275436,82,37,4,11,53.026706209131724,0,0,0,0.0003155401664813329,Cluster_2
2156,carterjacob,4,0.9474279980597932,106,12,13,18,0.0,0,0,41,0.00018033974255826882,Cluster_2
2157,estesrussell,4,0.423358027350786,0,146,1,0,52.13023451244848,21,0,12,0.0008082850827553055,Cluster_3
2158,brandon93,50,0.009310290762353679,1049,1,106,99,0.0,174,0,23,0.0027815542119667925,Cluster_2
2159,sharon50,17,0.4423937407481936,386,12,72,32,0.0,96,67,34,0.00045131160268572547,Cluster_3
2160,pamelasmith,1,0.04606916967546759,61,13,8,14,14.866198761219337,82,1,0,4.60556162689751e-05,Cluster_1
2161,donald03,10,0.5438779211611176,218,1,136,16,0.0,84,82,69,0.0018887952118664796,Cluster_2
2162,martinkelli,15,0.3385540274370513,311,488,176,30,28.89994194099551,104,0,17,0.000812393388118618,Cluster_1
2163,ahowell,40,0.47343493359404876,851,2,16,80,0.0,0,7,0,0.008052419548486974,Cluster_1
2164,garciajacob,79,0.613170360743117,1676,11,10,160,0.0,52,16,12,0.011748481576865958,Cluster_3
2165,juliebruce,1,0.8688010958178203,0,169,595,0,178.96529414391765,293,0,11,5.784600279602622e-05,Cluster_3
2166,millerjessica,2,0.6619015764719286,93,105,59,4,53.0934364995489,64,27,12,0.00022088974751140116,Cluster_2
2167,wray,1,0.4340488684781807,15,4,29,0,0.0,16,17,19,0.0001041657544465488,Cluster_1
2168,william62,5,0.8194278536703651,93,113,155,19,49.08555526259343,91,28,14,0.000167830265771649,Cluster_1
2169,bortega,14,0.9055821375731322,203,55,31,22,0.0,11,47,0,0.0015089185824857401,Cluster_3
2170,clarkejames,32,0.11975996643219722,625,2207,9,67,61.736940682718746,15,49,0,0.0019864387916983303,Cluster_3
2171,reyescatherine,6,0.5319329775527915,70,68,22,11,1.2202077697639009,61,0,24,0.0005346653310837568,Cluster_2
2172,marcuspatel,4,0.28451195974244414,56,25,95,5,18.55075255522089,0,0,0,0.00046006535223960636,Cluster_1
2173,ybeard,9,0.0470611978769474,125,7,1,10,1.7410516005216645,0,8,9,0.0017746054590941855,Cluster_3
2174,abrown,2,0.6685466951139853,17,8,13,2,1.8366950693080613,27,112,67,0.00020556342981695224,Cluster_1
2175,nicholasmay,169,0.8627707774592256,3359,7,159,336,0.0,151,107,43,0.033354551494339336,Cluster_3
2176,jose93,0,0.16290265447739405,4,390,9,0,inf,89,3,0,0.0,Cluster_2
2177,mburton,9,0.8124136576239005,99,34,204,10,0.0,40,24,22,0.000510895276047885,Cluster_3
2178,gtaylor,153,0.8533957335369416,2987,91,167,295,2.907991594038464,63,58,45,0.01731066769282635,Cluster_3
2179,woodjohn,7,0.9143404426664835,158,505,18,14,57.17159274097959,0,11,61,0.0004944844913023741,Cluster_2
2180,donald97,5,0.2652850890860524,60,0,8,4,0.0,0,31,6,0.00011643992956239539,Cluster_1
2181,troy88,4,0.9039530651898893,133,330,13,6,112.48575516951374,62,1,42,0.0006916435381384094,Cluster_1
2182,reedaaron,5,0.32066275473643224,111,36,1093,0,0.0,545,0,0,0.00045003207180962563,Cluster_1
2183,emma74,57,0.5523380134555028,1170,72,334,112,0.0,148,26,27,0.007977114052304658,Cluster_3
2184,zamorasamuel,0,0.05050747083228213,70,7,24,16,inf,39,0,4,0.0,Cluster_2
2185,inguyen,73,0.043881088368743604,1444,8,8,142,12.924516661068967,0,0,0,0.0031796205335324216,Cluster_3
2186,ortegasusan,0,0.7203732127322029,0,79,23,3,inf,91,0,0,0.0,Cluster_1
2187,briannash,4,0.44447997797779104,123,2421,28,1,630.1819262857731,14,0,0,0.0002644823154194221,Cluster_3
2188,urussell,3,0.25629237536921756,85,201,3,3,75.93720232792018,0,0,22,0.00022908216727925008,Cluster_1
2189,steven62,17,0.1904134960249102,330,323,22,26,23.65320183948839,40,0,0,0.001775838102109798,Cluster_3
2190,wsmith,0,0.6699534908592181,69,23,145,5,inf,119,28,24,0.0,Cluster_3
2191,noah09,14,0.00040154402533987277,269,11,1,39,10.09047863000416,80,51,49,0.0009676817513648337,Cluster_2
2192,kalvarado,153,0.8058911691968542,3061,8,69,308,10.166137607648405,24,30,52,0.009633684708900069,Cluster_3
2193,sophiawalker,0,0.07924960612992882,1,13,157,8,inf,132,47,52,0.0,Cluster_1
2194,tperry,9,0.19148961490811944,133,0,8,12,0.0,9,0,14,0.0009616804714357727,Cluster_2
2195,susantaylor,2,0.3862363952990896,43,8,255,11,0.7190562370359208,96,23,0,0.0001427945903851612,Cluster_3
2196,armstrongcarol,13,0.4848587397161036,329,12,7,43,0.0,0,14,0,0.000731625281760804,Cluster_2
2197,davieshaley,7,0.35499511581394183,162,24,38,15,2.390623692151066,0,22,0,0.00042652273939346755,Cluster_3
2198,taylorsampson,2,0.3207121649842939,41,41,12,1,57.75773799089638,0,0,0,0.0004650467914270893,Cluster_3
2199,rochamiguel,15,0.9639160120731884,291,63,12,22,23.88970004869313,61,0,0,0.0015981372082193226,Cluster_2
2200,james06,110,0.6415796812433943,2216,32,7,220,0.0,38,30,0,0.0053574488806050185,Cluster_3
2201,nathan47,5,0.02343295536738821,137,11,57,14,2.8008272904256986,0,15,38,0.0006168806670418921,Cluster_1
2202,bowenjustin,21,0.4301759084443132,450,0,71,55,0.0,0,69,26,0.0004317958944040753,Cluster_1
2203,richardcooper,1,0.8750086997439702,3,11,18,0,0.0,0,0,2,5.305144362254522e-05,Cluster_3
2204,lisajohnson,1,0.30145618641066796,36,5,2,3,7.988823052274351,0,0,0,0.00012150198484737691,Cluster_2
2205,greenjames,15,0.09455634477438823,323,76,36,23,0.0,2,0,0,0.0008292390964447492,Cluster_2
2206,wrightmark,68,0.7583847715899178,1309,170,37,128,0.0,77,33,47,0.002524824642110578,Cluster_3
2207,zmartin,12,0.6060138319360813,248,179,14,26,24.71348196142451,0,0,17,0.0001449909709360082,Cluster_2
2208,foleyrandall,4,0.5703125078265039,0,129,330,2,30.60499826693352,249,46,47,0.0005515607832894189,Cluster_3
2209,gutierrezjohn,7,0.053576559607407925,164,26,1,19,0.0,0,4,17,0.0009660977194344568,Cluster_2
2210,christopher05,1,0.14049900979551733,53,12,0,7,0.0,0,28,0,0.00012904346247301373,Cluster_1
2211,evelyn26,18,0.6225493962131138,397,8,6,42,0.0,42,2,0,0.0014968931422098646,Cluster_2
2212,austin40,27,0.2078238414588358,520,2,58,52,0.0,71,19,22,0.0012481986721372931,Cluster_3
2213,kirbyhannah,3,0.5040700797484243,75,197,4,2,28.288438537253597,0,35,59,0.00017163061003690067,Cluster_3
2214,williamdowns,3,0.5448816860293935,131,24,4,3,30.57938402804171,52,5,12,0.00015238942968157538,Cluster_1
2215,whitneyhuber,11,0.2835071902709394,290,3,83,26,0.0,82,10,30,0.0007627014830866584,Cluster_1
2216,walkerbrian,3,0.9484251555414929,58,7,40,5,0.0,0,0,0,0.0004268332757778055,Cluster_3
2217,beverly91,6,0.8424641068355752,126,6,35,18,0.0,33,0,27,0.00020351128186936433,Cluster_2
2218,newtonheidi,172,0.7223735076327985,3495,35,64,348,0.0,67,55,22,0.037565331610896445,Cluster_3
2219,jenniferglass,5,0.07799386640940908,24,226,10,1,53.41952330028337,0,0,6,0.0010017656720396788,Cluster_1
2220,cchurch,4,0.10613001930901944,63,17,11,8,1.6359934653491899,90,39,14,0.000506608653570331,Cluster_1
2221,beckychandler,2,0.4927813458649557,106,0,67,9,0.0,0,55,55,0.0001033828832796683,Cluster_1
2222,fsheppard,22,0.16071334919098568,488,23,2,52,0.0,8,0,22,0.00042321669744968315,Cluster_1
2223,lance05,5,0.9782654635294741,118,24,0,21,0.0,0,14,0,0.0004178506213270748,Cluster_2
2224,smithgregory,2,0.15852023402740945,0,22,10,10,2.8751425419633048,10,0,33,9.08780791413287e-05,Cluster_1
2225,hgarcia,53,0.487467835463974,1057,10,81,106,0.0,0,68,100,0.0061930823822867785,Cluster_1
2226,beasleymichael,62,0.3641210568415054,1210,48,29,122,0.0,0,35,12,0.013350703043053547,Cluster_1
2227,ronaldjohnson,3,0.639386421454098,76,37,72,15,13.436424480165059,0,1,0,0.000381785206073368,Cluster_2
2228,johnross,0,0.12903640888942491,0,31,0,0,inf,39,0,30,0.0,Cluster_2
2229,tricia47,33,0.4303164280423909,608,69,32,64,6.7062798642012345,33,0,1,0.0028940019663520693,Cluster_2
2230,wagnerlisa,2,0.27470503280714365,0,15,53,0,26.361940738431887,80,23,13,0.00025473905345164375,Cluster_1
2231,kenneth07,24,0.887751524671688,541,13,2,52,12.40213621092828,0,22,60,0.0029985386731326462,Cluster_2
2232,maria13,0,0.040585712134695084,0,397,73,5,inf,93,11,0,0.0,Cluster_1
2233,michelle61,28,0.9137274940064593,567,90,16,53,0.0,9,0,0,0.0042874111265902674,Cluster_2
2234,khanroger,1,0.8329941385530004,19,146,2012,1,135.82770211822685,1011,0,10,8.747767008389626e-05,Cluster_1
2235,ernestalexander,22,0.29757071644081545,386,300,0,30,26.70829731528299,105,34,0,0.0003257458483102967,Cluster_2
2236,ugeorge,7,0.7892906546771047,77,85,156,17,25.57241057149887,53,32,9,0.0005540823187830616,Cluster_1
2237,smithkimberly,1,0.03121356033874756,0,176,11,6,162.42758764926236,66,0,0,3.372600692769903e-05,Cluster_2
2238,ohenry,4,0.9668655502933936,43,1,1,5,12.481678515634847,24,0,24,0.0007699607931435355,Cluster_1
2239,hooperconnie,20,0.5265949425897893,418,47,9,44,0.0,0,0,17,0.0025000099760506397,Cluster_3
2240,baxterstacy,8,0.30328102606544527,120,23,30,13,12.496114482835877,0,10,0,0.0004816212298919222,Cluster_3
2241,michael76,17,0.3625832125946771,427,678,95,49,39.35642892386365,0,35,3,0.001478207235683764,Cluster_3
2242,michael94,143,0.06640535346049736,2911,175,265,288,0.0,189,63,20,0.02280614770600415,Cluster_2
2243,robert97,0,0.9893495140420392,40,10,169,7,inf,171,0,0,0.0,Cluster_1
2244,howardshannon,83,0.03929194515069245,1654,64,4,170,44.41644053125926,6,31,0,0.003951942090539515,Cluster_2
2245,bcraig,8,0.654907123147859,235,44,109,29,9.555607256099897,61,73,55,0.0013674235262758484,Cluster_1
2246,henryteresa,1,0.4427359277064583,9,75,36,0,121.0089995343652,56,36,4,0.0001182363336358422,Cluster_1
2247,elliottanita,1,0.9489162181887151,18,5,7,0,0.0,7,22,27,0.00011056283278888655,Cluster_2
2248,jennifer48,5,0.24599974030679517,108,63,14,5,27.614835853276844,61,12,7,0.0004612330164530861,Cluster_1
2249,lambscott,29,0.5320868239380113,615,21,6,62,0.0,17,14,0,0.003159721956101718,Cluster_2
2250,john11,6,0.48235620858275297,151,55,21,5,9.161956968371003,17,0,34,0.0007256192351004329,Cluster_2
2251,jonathanjohnson,71,0.7028664440501013,1396,8,6,129,12.73702360936445,0,3,37,0.000880534749390886,Cluster_2
2252,ltate,0,0.06801023195242051,0,11,4,10,inf,0,0,7,0.0,Cluster_1
2253,dfreeman,7,0.19378913002335485,171,273,41,20,23.01460550839174,0,0,0,0.00011498405883778635,Cluster_1
2254,halevincent,1,0.21456482009284983,55,4,51,6,24.78180843953472,87,0,0,5.659620398866252e-05,Cluster_1
2255,johnsoncody,12,0.7381507548416897,220,5,15,23,0.0,0,2,27,0.001142276462244977,Cluster_2
2256,qmills,27,0.18913869632674007,460,30,156,46,0.0,57,12,27,0.0030182317355848514,Cluster_2
2257,gibsonrick,3,0.5734917638909767,49,8,13,9,0.0,0,0,0,0.0003714144469405996,Cluster_1
2258,phillipsmichele,0,0.2152438205009537,31,6,12,0,inf,0,14,0,0.0,Cluster_1
2259,ncolon,9,0.8616249500839784,270,40,54,27,35.83883619286162,0,0,11,0.00038210505807901766,Cluster_1
2260,zclark,14,0.9421854544896385,220,2,16,23,1.1032134860186797,0,13,0,0.0006606334102899925,Cluster_3
2261,jacqueline16,13,0.5184929749422404,238,5,22,18,22.130982957787943,27,0,0,0.0009648392516819101,Cluster_1
2262,burnettlisa,47,0.3523088842091783,920,1335,0,98,49.29848015444095,6,44,0,0.009999102262312131,Cluster_2
2263,wiseerin,1,0.23405777501749914,87,75,20,6,55.64119571454034,0,0,0,0.00017523473597115264,Cluster_3
2264,kayla72,20,0.049781001523043766,398,8,1,44,24.722544953432028,0,58,16,0.0011713965467600993,Cluster_1
2265,olsonwilliam,44,0.2685000761974954,834,70,3,83,11.659193961895543,0,15,31,0.0023554704943427405,Cluster_2
2266,bakermatthew,0,0.6542357799453179,27,91,2,10,inf,91,0,0,0.0,Cluster_3
2267,michaelrobinson,11,0.5336169313092108,199,198,4,14,26.977016626830093,76,23,24,0.0008074641928996109,Cluster_3
2268,buckmark,3,0.9440412782809274,0,26,8,0,0.0,0,25,21,0.00019194576953940136,Cluster_3
2269,rachelfleming,6,0.3962772624917006,75,192,9,2,64.1291673595728,0,30,42,0.0005357757683593303,Cluster_1
2270,castrokathleen,12,0.6938633423283945,326,0,54,33,16.27573489844193,33,59,41,0.0006598413071908515,Cluster_1
2271,jonathanthompson,3,0.4893227474751214,79,4,28,15,0.0,16,21,3,0.0005199361096866449,Cluster_3
2272,harrismelissa,2,0.5125762159242117,45,44,1,12,47.29607236434367,16,0,0,0.00021445504217727687,Cluster_1
2273,nsmith,7,0.2677743146041175,127,59,22,1,0.0,48,0,24,0.0011329256365387194,Cluster_1
2274,mhernandez,1,0.4549507768419997,34,6,32,4,0.0,38,0,12,7.891185497031281e-05,Cluster_3
2275,bradleywatson,1,0.47078499701270726,34,52,12,0,46.95160556519257,0,45,14,1.0968357568403569e-05,Cluster_3
2276,martha64,20,0.7066425217489339,414,10,18,45,45.213693628510356,23,0,22,0.001993152511943213,Cluster_1
2277,pamelasantiago,1,0.9406399991861139,25,20,26,8,0.0,55,0,0,0.0001301630149942394,Cluster_3
2278,ryanedwards,20,0.3293212774825043,443,209,63,44,0.0,0,3,1,0.0046008770680389405,Cluster_2
2279,tonygomez,14,0.042200468581298445,281,170,1,28,0.0,15,0,0,0.0004620688833520751,Cluster_2
2280,ryanjeffery,0,0.4962951255006397,0,5,13,0,inf,0,0,13,0.0,Cluster_1
2281,kimberlywilliams,2,0.5444613321491686,9,4,192,0,0.0,195,55,8,8.045087400770718e-05,Cluster_2
2282,wcox,44,0.16844055113191525,781,15,168,80,0.0,17,13,0,0.010003486241389808,Cluster_3
2283,fsmith,1,0.7604646062760667,121,31,71,10,46.25665283348968,93,12,0,9.498390392696881e-05,Cluster_2
2284,alexaoconnor,3,0.9849291084414916,103,10,44,14,0.17164077417510137,0,0,6,0.0003753195583264693,Cluster_1
2285,anthonybrady,14,0.9457747170084609,238,215,240,23,19.44007494730397,209,0,9,0.0006338195275842117,Cluster_2
2286,larrytaylor,23,0.19710603882365219,445,61,356,40,13.356476865237383,120,39,0,0.000306227576013804,Cluster_2
2287,zcarter,5,0.8753632399007607,68,68,16,0,4.986472160795692,17,52,41,0.00014320250047682612,Cluster_2
2288,kmcbride,3,0.7044936364116847,137,3,4,4,0.0,0,8,0,0.00011480702326294913,Cluster_3
2289,murrayjoshua,62,0.4538465638069116,1169,270,13,123,9.193946756097649,0,21,67,0.016513361359105312,Cluster_2
2290,jscott,100,0.540610994324729,2005,0,2090,198,17.363585461064403,1089,64,25,0.006093088767064952,Cluster_3
2291,daniellove,32,0.8496001749824581,634,148,1,65,0.0,51,0,26,0.0033409901564031117,Cluster_2
2292,kharding,8,0.48013493963837317,201,177,9,29,0.0,16,10,11,0.0019570521823900305,Cluster_3
2293,ahuff,2,0.37320736910512686,34,15,2,0,21.091662987712937,38,0,6,0.00014839805320546613,Cluster_2
2294,evanskristen,2,0.4932474930259858,0,327,24,0,182.05431837500169,64,24,0,0.000150730086642129,Cluster_1
2295,dthompson,16,0.5791298040350491,307,29,3,30,5.813183242603439,0,0,21,0.0020819191547788037,Cluster_3
2296,bknight,13,0.18907765377834884,211,37,17,21,8.21201822528456,0,0,1,0.0015360619229134987,Cluster_3
2297,patrick54,60,0.9009077302669907,1203,61,1,129,0.0,0,28,28,0.003569145022618494,Cluster_3
2298,anthonysandoval,19,0.6741869488296138,451,10258,50,52,549.8984052728038,0,0,0,0.003810082266235335,Cluster_2
2299,gjohnson,0,0.6332689173374889,0,372,125,3,inf,81,0,3,0.0,Cluster_2
2300,alexis43,35,0.09949622618063814,659,116,11,73,4.444212542655403,32,44,4,0.0009568550723226119,Cluster_2
2301,zlove,1,0.6041739381725918,0,6,16,0,55.82496660014532,0,0,0,0.0001787689722914769,Cluster_1
2302,jenkinschristine,4,0.12096066223849233,60,42,15,7,0.0,42,0,0,0.0007432571082235443,Cluster_2
2303,heather73,10,0.07869767519539905,237,7,26,22,3.9592334171269403,45,33,2,0.0018551934827682936,Cluster_3
2304,arnoldkatherine,147,0.5273108956423933,2931,145,18,286,0.0,45,81,51,0.0162553722768071,Cluster_3
2305,michael44,784,0.402785534046495,15700,42,63,1576,17.650489907709225,11,400,249,0.09658009562865613,Cluster_1
2306,teresagreen,18,0.5888102701562232,328,4,127,35,0.0,102,0,6,0.0025753761558076796,Cluster_3
2307,ccox,5,0.0892221680572386,111,38,5,11,0.0,28,0,0,0.0003856300824758999,Cluster_2
2308,thebert,16,0.4309830628472584,358,7,12,35,0.0,38,0,10,0.0024044409346910315,Cluster_2
2309,jim51,27,0.17478671504515797,503,43,77,42,6.909235989700583,122,0,6,0.004194171566654904,Cluster_2
2310,craigchristopher,4,0.9871000859241166,119,7,2,7,0.0,17,0,2,0.0004984023309992324,Cluster_3
2311,david03,109,0.5611502124351744,2182,34,1,219,0.0,0,29,21,0.008715116389638015,Cluster_3
2312,perezclinton,10,0.6874368609408673,252,127,28,22,9.082190901478295,0,8,34,0.0008993951476908078,Cluster_2
2313,itaylor,15,0.3254182806826078,289,30,42,27,0.0,77,33,0,0.0028121638117816075,Cluster_3
2314,pattersonleonard,20,0.09473891477934415,419,16,6,41,30.54898776637048,20,42,17,0.001525800533331729,Cluster_2
2315,nnavarro,13,0.9758708627835366,257,47,8,22,17.333607008763977,87,31,27,0.0021436109830837127,Cluster_3
2316,veronicacox,26,0.2862590353831832,515,116,6,46,0.0,0,0,0,6.579081043610435e-05,Cluster_2
2317,chad00,2,0.4238081851735742,52,4,5,0,43.94023822427228,48,2,35,0.00036273738549250285,Cluster_2
2318,ytucker,3,0.649863921702575,86,52,56,7,27.166556830453516,14,48,35,0.00026893350162426584,Cluster_1
2319,frankdavid,1,0.024697297686111286,0,354,3,3,334.62075889372903,0,0,23,0.00013051326877046987,Cluster_3
2320,mcmahonbradley,14,0.8102591305172869,351,92,13,26,11.701703371265456,0,47,56,0.0008287333539267676,Cluster_2
2321,thorntonalyssa,23,0.5365781900286203,367,36,5,36,12.275468288610638,47,0,10,0.0047690860836379885,Cluster_2
2322,kevin37,14,0.27821718706882215,245,104,2,25,0.0,31,15,0,0.0011316747642444855,Cluster_2
2323,davidzimmerman,91,0.06160798529246925,1815,74,74,176,0.0,0,57,37,0.013195022358495491,Cluster_1
2324,coreyjones,7,0.16249841547444144,160,128,9,23,20.014896086563123,12,9,10,0.0005121254495897325,Cluster_3
2325,shane84,20,0.8950338588534369,478,0,26,45,0.0,48,76,18,0.005234164792553814,Cluster_3
2326,marcia96,1,0.686024223935891,0,2,2,0,31.58255776910885,9,0,0,0.00014750208023966364,Cluster_2
2327,kelseyhart,4,0.24990172163688984,54,202,6,4,65.32311648169829,58,0,11,0.0004339906719244622,Cluster_3
2328,mathewsjulie,20,0.06560076494502953,293,2,62,20,0.0,16,20,0,0.002305141449744956,Cluster_3
2329,christopher08,26,0.6906153123866363,521,68,973,57,11.134146834356388,373,7,55,0.0017632389556240745,Cluster_2
2330,lynnkevin,4,0.5724077259677651,93,17,1,4,29.592562854494794,9,18,17,0.00017175905523767013,Cluster_1
2331,cblack,6,0.404519524458235,199,5,14,18,0.0,16,29,51,0.0006311130886616114,Cluster_1
2332,nancyclark,0,0.36361144919006383,6,62,37,3,inf,34,0,0,0.0,Cluster_2
2333,mark07,4,0.2168142759291083,132,47,7,20,11.526627654409378,58,15,27,0.00022284582589613886,Cluster_2
2334,kellysusan,28,0.6696112565375176,589,1478,71,53,53.49775364381497,0,18,12,0.006457799743746309,Cluster_2
2335,jsimon,17,0.9706680277938705,318,10,5,29,0.0,0,62,62,0.00334525449883766,Cluster_2
2336,vcruz,15,0.17571524583682585,229,442,25,29,23.251123090913108,0,0,0,0.00038193309613750637,Cluster_2
2337,melvin67,7,0.5971166200155034,153,62,9,17,2.3359364081024605,0,0,22,0.00017546066647065943,Cluster_2
2338,garciajennifer,7,0.4241850557459762,65,10,125,9,9.113734165004006,58,29,34,0.0007112267932498385,Cluster_3
2339,smithcarol,2,0.4466887217446649,104,139,7,5,92.17885107278346,38,0,0,0.000251376498451027,Cluster_2
2340,danielnorman,21,0.2541472801278144,411,91,11,39,0.0,20,22,2,0.002355734125421702,Cluster_2
2341,jerome06,13,0.8251348756614191,319,35,82,31,51.46029459572077,6,1,0,0.0010717315236624988,Cluster_2
2342,mark50,15,0.4852556041472411,275,53,4,23,42.747162048139664,0,4,9,0.001490448622584129,Cluster_1
2343,hfisher,3,0.5434058521982641,73,11,22,0,30.251779258268297,57,74,74,0.00032830149538219146,Cluster_1
2344,beth48,0,0.30476091279732576,10,7,1,0,inf,34,37,8,0.0,Cluster_2
2345,margaret62,38,0.18180846566694975,757,129,3,82,43.55449897150838,0,49,0,0.0014483956449293355,Cluster_3
2346,xgarcia,3,0.08591038820282049,38,22,35,4,1.5310260333451646,0,17,72,0.0006538124024099141,Cluster_1
2347,gchan,2,0.7141191409249159,59,28,4,12,0.0,0,0,16,0.0001396955649000714,Cluster_3
2348,james56,20,0.19623428168785562,353,54,8,36,0.0,0,17,0,0.0007809366820109686,Cluster_1
2349,zmann,4,0.6900753541887977,19,53,42,0,0.0,0,19,41,0.0001946922134873238,Cluster_1
2350,billymcdaniel,36,0.3903764460469539,782,2,8,84,2.4915820018229495,107,23,37,0.0030376240963038976,Cluster_2
2351,nmays,18,0.41577480098965147,396,335,69,40,24.60772039366598,0,11,18,0.0018542880017425934,Cluster_1
2352,gomezdiane,20,0.4691774960927717,403,41,27,45,6.066796773622139,68,0,0,0.0005464287774030542,Cluster_2
2353,qlopez,0,0.3677085081275432,83,22,38,2,inf,109,8,21,0.0,Cluster_2
2354,xgriffith,45,0.10061997722259008,886,71,129,93,4.240868341210087,75,6,30,0.0037422419164908653,Cluster_2
2355,vincentsara,10,0.3096318100028458,266,50,32,31,39.726476176997785,10,26,0,0.00044555181525888734,Cluster_3
2356,davidjones,4,0.6637343606939384,88,131,202,10,45.15103735278168,34,0,5,0.00027895024165257835,Cluster_1
2357,ajohnson,9,0.665784401468871,128,87,78,8,28.116842598763093,13,45,34,0.0016854574301107103,Cluster_1
2358,toddweeks,0,0.28622430723999437,92,120,9,8,inf,84,0,6,0.0,Cluster_3
2359,david01,13,0.46010262655768797,309,376,139,33,0.0,87,0,1,0.0014657961231777637,Cluster_1
2360,stephaniefrank,1,0.19344722801193748,13,162,29,2,125.72235059060978,15,12,36,7.985089275067634e-05,Cluster_3
2361,zedwards,0,0.21037208152983577,36,24,11,6,inf,71,16,4,0.0,Cluster_2
2362,leslie40,0,0.023047088406607408,0,4,30,5,inf,49,62,37,0.0,Cluster_3
2363,usuarez,39,0.8967465499077446,821,666,106,78,4.741896193884433,45,28,24,0.0018297420680039765,Cluster_1
2364,robertdominguez,2,0.2107066650749062,0,21,39,0,15.413264827544984,30,0,0,0.00015469345790228262,Cluster_3
2365,robertjacobs,73,0.22753387693646332,1409,14,309,140,11.199840388516359,116,42,0,0.0154875493374128,Cluster_1
2366,mayobridget,3,0.2796014326451318,108,1,102,9,13.870576080021587,22,49,34,0.00021574949820135698,Cluster_1
2367,gomezcraig,0,0.127408071695429,0,60,44,3,inf,11,72,48,0.0,Cluster_1
2368,emily26,1,0.6392628831813628,30,43,4,0,73.01472765315883,29,0,0,7.726323232254367e-05,Cluster_2
2369,aoliver,47,0.07514295317758657,872,2,15,92,0.0,0,39,20,0.00039498966756580157,Cluster_3
2370,amber58,5,0.13420242632635027,192,74,22,25,34.17469146843578,14,0,0,0.000540630414009597,Cluster_1
2371,thomassmith,3,0.6447567265900929,119,13,57,11,0.0,9,0,30,4.634324484286785e-05,Cluster_2
2372,dylanmoreno,9,0.33966062048144274,169,4198,52,17,463.6942695558289,0,60,58,0.0016194645049105612,Cluster_1
2373,dsweeney,15,0.707947826701189,279,11,25,24,0.0,0,0,0,0.00128862452711077,Cluster_2
2374,gregorygray,39,0.557424744670142,831,15,24,80,0.0,0,0,0,0.007433656336052514,Cluster_2
2375,cheryltorres,64,0.25602117306151306,1379,6,59,135,0.0,0,41,60,0.002793508966399608,Cluster_1
2376,amandamueller,4,0.6508279504893281,127,330,5,19,63.380361677775085,0,38,0,0.0004227045934337395,Cluster_2
2377,fmartin,1,0.11627368029288065,128,16,255,12,34.55627357144073,113,7,16,5.6103129936621814e-05,Cluster_1
2378,renee27,3,0.5364103830800304,13,8,0,0,0.0,0,16,0,0.00021388256669222395,Cluster_2
2379,bryan05,10,0.43714810504503465,159,118,178,17,17.97180437899747,98,27,26,0.001151822648224643,Cluster_2
2380,jhunter,1,0.2678735828174408,0,2,18,4,29.350515078308636,54,3,3,0.00024539753056855985,Cluster_3
2381,xwilliams,1,0.6040049977395001,42,102,90,4,72.29409636435784,39,17,3,6.351361225376704e-05,Cluster_1
2382,rebeccagarcia,12,0.8713335923402825,248,817,34,32,53.59098556233958,41,22,22,0.0018147561575955547,Cluster_3
2383,derrick87,6,0.9989046997630767,112,91,33,15,18.784339157983663,0,0,0,0.00019643782400166949,Cluster_3
2384,russellshaun,7,0.6077627687434245,180,104,46,12,21.107639173608067,0,6,0,0.0015407941289254526,Cluster_1
2385,millertimothy,2,0.40470587432917016,101,158,67,7,101.06995002544652,33,0,0,0.0001392957533504286,Cluster_1
2386,ipoole,5,0.2252071002162016,23,718,12,3,160.94306258081195,40,1,0,0.0004047034019001208,Cluster_3
2387,aliciawhite,1,0.25709608939511175,0,292,94,0,293.9386725146148,0,0,0,0.00013082225370101837,Cluster_1
2388,petersontimothy,28,0.4794549781497657,601,73,3,61,8.67523626908796,0,45,36,0.0024911735555301316,Cluster_1
2389,amoss,34,0.36727770128070925,656,168,19,56,11.562694290398035,0,24,10,0.004161182872854761,Cluster_2
2390,nnguyen,0,0.9138145226249442,0,6,70,5,inf,177,14,17,0.0,Cluster_1
2391,paulmartin,1,0.36829546765570953,70,133,89,11,129.87249045290076,55,0,13,2.6730662741800926e-05,Cluster_3
2392,william45,0,0.3734445911454355,0,5,40,2,inf,0,31,37,0.0,Cluster_2
2393,mitchelljohnson,2,0.38353451243397696,24,17,11,0,17.67101717570213,0,0,10,5.7795599850132895e-05,Cluster_2
2394,umiller,6,0.8366202103676581,136,0,77,14,0.0,75,0,0,0.001143940594132951,Cluster_2
2395,fhayes,0,0.6507883208469019,0,68,7,0,inf,127,38,37,0.0,Cluster_2
2396,osanchez,1,0.6141688503188927,59,10,277,0,5.3093481496383905,124,0,5,8.160784702877017e-05,Cluster_2
2397,jhenderson,1,0.3341430223838622,0,244,17,0,283.34732222182987,0,0,54,0.0002569930481623338,Cluster_2
2398,meltonyvonne,10,0.8179041768324394,270,66,1,30,0.0,22,48,28,0.002061688678354664,Cluster_3
2399,omontgomery,8,0.038363861355701134,153,250,3,15,54.72856494709619,0,36,31,0.0014278153592431311,Cluster_2
2400,bbarajas,2,0.8707971723381132,73,4,21,14,33.694792860902396,0,22,10,0.0004156321046137906,Cluster_3
2401,williamdavis,9,0.5127498997939296,217,214,24,25,24.68710830244165,63,7,5,0.0011009799361375774,Cluster_3
2402,johnsonerin,3,0.3982502348634128,28,1466,385,6,475.06970797359764,161,51,30,0.00045406823811082475,Cluster_1
2403,andreahughes,4,0.4971672807176857,0,131,4,0,43.00639127316451,54,39,12,0.0002935889027017493,Cluster_2
2404,mclaughlinrebekah,90,0.6674155305338311,1818,137,21,180,5.42202806421214,0,91,59,0.007117580970123003,Cluster_1
2405,leedenise,55,0.01276542651789736,1103,44,4,104,0.0,8,48,44,0.004373890272168399,Cluster_1
2406,davidperkins,1,0.8715518564582477,47,12,9,3,0.0,47,4,0,0.00019321856685038037,Cluster_1
2407,pturner,25,0.4467395253113928,488,130,251,45,14.27159704290662,179,0,20,0.0011070323799635268,Cluster_1
2408,stevenwest,24,0.3429665197000782,458,2,3,43,18.752141496704283,13,0,17,0.00042941208159834055,Cluster_1
2409,zbrown,1,0.1382455656340571,120,15,48,17,8.544195973692247,33,15,0,8.63289271233762e-05,Cluster_3
2410,rowejessica,25,0.43946537435844213,426,1,36,44,0.0,48,30,0,0.001421323586930457,Cluster_2
2411,cbrown,74,0.49632277128437885,1516,9,19,156,13.494393031843224,32,26,26,0.010960252296668764,Cluster_2
2412,kristarodriguez,1,0.4036466944934778,0,105,43,0,101.55026231652128,0,18,0,0.00015197153104914445,Cluster_1
2413,michael61,1,0.6786600938268971,3,82,3,0,76.01346053408231,0,0,0,0.00015035629171094187,Cluster_2
2414,scottjared,34,0.420896528759226,664,36,240,71,0.0,14,43,68,0.001477446002575546,Cluster_1
2415,charvey,11,0.9614175778465733,179,45,360,25,0.0,218,0,0,0.0003350227111409084,Cluster_2
2416,sarah33,16,0.5992775178235918,348,1,21,27,53.44015516446511,0,0,0,0.002650440947128049,Cluster_3
2417,laurataylor,12,0.807477935651909,309,16,761,29,0.0,421,0,0,0.0003733368178498687,Cluster_2
2418,zachary03,13,0.10935590310947885,283,9,11,33,27.993474122552175,25,31,24,0.00014866480373504291,Cluster_3
2419,fboyd,1,0.3972912929459057,25,10,36,1,43.679866750381414,0,0,1,0.00018974034393005472,Cluster_2
2420,shannonlee,35,0.3368477014471527,650,97,172,60,0.0,79,48,75,0.003283296256002109,Cluster_2
2421,karen05,42,0.5694823881365918,865,7,10,78,7.5352628353620466,0,0,0,0.002499237591485803,Cluster_1
2422,rhonda00,5,0.8611135200614256,207,11,2,15,4.249569640660642,0,0,5,0.0008963457360877915,Cluster_1
2423,villanuevajustin,6,0.07833821776200667,100,0,1,1,0.0,46,0,28,0.0007018131129053744,Cluster_2
2424,matthewgreen,0,0.07257479804471079,0,19,441,0,inf,346,0,0,0.0,Cluster_1
2425,youngleslie,15,0.8503177081575989,271,4,9,31,1.2436360047521242,60,18,28,0.002027267518905419,Cluster_2
2426,tina30,17,0.21285008603835742,315,38,15,25,0.0,6,3,0,0.001212899183771274,Cluster_1
2427,bobby18,6,0.6687532544498137,0,5,3,1,38.66494010120514,64,0,43,0.0003975363679099525,Cluster_1
2428,ofaulkner,39,0.5428781323608052,800,39,83,84,0.0,127,4,27,0.006771710344833488,Cluster_3
2429,jackgraves,4,0.8328935948872295,37,25,6,3,45.268579941362496,0,15,0,5.794592207269568e-05,Cluster_3
2430,jonesdavid,17,0.12508890983640353,259,671,9,17,29.942760312583232,65,0,20,0.0027505408842396026,Cluster_2
2431,sarahfields,1,0.12978296572261128,57,81,31,7,119.24400841217867,53,0,32,6.046069431329151e-05,Cluster_2
2432,michael08,7,0.5568183602783076,85,1,4,8,10.271347081804066,61,0,0,0.000210170384574438,Cluster_3
2433,joangarrett,5,0.9463786533583709,83,3,15,7,11.865837915423944,48,0,0,0.0005410587962121754,Cluster_2
2434,pkim,10,0.41499775837075425,273,36,164,24,0.0,70,0,33,0.0004032575123314017,Cluster_3
2435,usmith,4,0.32694210025469495,9,6,38,1,13.038343608073776,120,0,1,0.00015911721621686525,Cluster_2
2436,clowery,6,0.6066893231978858,43,0,24,6,33.854268661625014,28,0,10,0.0008258323112874818,Cluster_1
2437,james22,25,0.9304486005450311,513,375,27,63,12.10345011879725,0,0,1,0.0013091348979789893,Cluster_1
2438,nicholasthompson,3,0.8369278328446237,117,121,11,12,33.54539702600098,30,0,22,0.00021929431146696892,Cluster_3
2439,phyllis38,0,0.9954836107332199,0,84,401,7,inf,249,0,12,0.0,Cluster_1
2440,teresa67,101,0.02256858320237709,2040,11,5,205,32.51114299121785,7,18,13,0.014020910221250533,Cluster_1
2441,oliviasmith,58,0.11285814471276223,1189,71,27,118,18.331162071056212,33,51,0,0.005218941289555276,Cluster_2
2442,samuel17,1,0.609467763366622,0,9,23,0,37.95359980942237,15,37,38,0.00016952523287614774,Cluster_1
2443,jonjackson,20,0.8205764393338497,439,47,91,37,8.622454209685392,12,9,23,0.002268880341464025,Cluster_2
2444,bwoodward,3,0.28524434230676654,103,6,105,11,2.786387135556639,11,3,0,0.0003361956117526184,Cluster_3
2445,moorejames,10,0.23921108803421876,184,507,19,8,59.178880781412644,0,0,0,0.0005693441008753359,Cluster_3
2446,rjoseph,11,0.7869757993812009,282,1,31,23,21.49407977915989,91,37,35,0.0009314952002962488,Cluster_2
2447,leblancdaniel,5,0.05638185385323158,156,304,32,16,55.8576351482427,4,54,37,0.0002805714961784609,Cluster_1
2448,dodsonemily,2,0.3693826475825851,45,35,0,10,44.873539867135726,0,0,0,0.0002307868051276588,Cluster_1
2449,ericapotts,2,0.5058092225923297,17,13,1,8,13.816611141317534,20,0,0,0.00016062908919685874,Cluster_3
2450,dariusjackson,1,0.5603486743503234,0,44,8,0,0.0,22,10,13,6.0505646957089535e-05,Cluster_3
2451,agarcia,2,0.7286151567927769,38,123,8,4,79.1698685421039,0,4,19,0.00021341463948533623,Cluster_2
2452,gregorylutz,6,0.35484572343065823,148,387,3,19,39.05389973476035,0,0,0,0.0012636637519293184,Cluster_3
2453,andersenangela,2,0.6126843446746072,23,58,61,0,46.183455213479746,0,15,5,0.00010387350731648971,Cluster_1
2454,clarkelauren,20,0.5853754227909563,290,6,20,31,18.330359964763325,0,38,0,0.0012453748060501188,Cluster_3
2455,icook,68,0.5476161006537471,1423,36,14,138,7.127263712330047,67,10,39,0.0050964873737701175,Cluster_2
2456,nicholas29,3,0.6404832931422122,69,871,3,6,301.20695131086717,0,77,50,0.0005714763792815827,Cluster_3
2457,danielmiles,10,0.2594491710680763,181,374,18,15,59.377415756879735,0,0,0,0.00039909639535446877,Cluster_1
2458,nicholasbenson,15,0.08464875358462898,342,169,0,36,1.3541131904521162,56,0,0,0.0003650188600749747,Cluster_3
2459,kalvarez,14,0.11927167203974343,356,138,15,38,25.725736051192428,32,14,0,0.0033733680670909537,Cluster_3
2460,morgan31,8,0.22458238265390107,19,116,22,6,37.760466059140725,0,71,87,0.0019516860528678956,Cluster_1
2461,lho,22,0.5001979355227852,461,266,28,47,47.29256104167866,0,0,0,0.0032777614783457937,Cluster_3
2462,chelseabowman,15,0.8404427505460201,228,14,1,23,0.0,16,0,0,0.002971789816852001,Cluster_2
2463,downsthomas,1,0.7012933420883841,44,2,28,13,10.170321299755363,0,16,4,0.00012882767916255622,Cluster_2
2464,ypeterson,27,0.7890406042020471,546,37,4,46,0.0,103,6,0,0.0036000328574781674,Cluster_3
2465,chanalyssa,27,0.3509756239260914,571,7,5,65,0.0,8,33,17,0.003386159846761511,Cluster_2
2466,robertduke,2,0.40465374164855017,15,4,58,0,9.180555448119602,0,0,0,0.00024699827739152496,Cluster_3
2467,hayley55,7,0.3936818859906128,46,9,412,7,2.834830581637056,149,0,0,0.0015385995335875978,Cluster_3
2468,jeffrey65,20,0.19187318440450152,377,2903,21,36,168.0500295704397,56,80,16,0.003009502888061314,Cluster_1
2469,carolyn84,5,0.06121665814357202,120,42,5,8,1.4764710081158157,0,0,22,0.0008121335436323915,Cluster_3
2470,mgeorge,36,0.5909160928272268,770,63,26,79,0.0,31,72,29,0.0012780618495286317,Cluster_2
2471,peterlynn,256,0.9892166834205861,5061,3,82,511,4.241803996763695,0,155,76,0.026072815285282765,Cluster_2
2472,matthew56,2,0.16682970495026284,91,1,50,11,0.0,28,0,0,0.00014285279341215,Cluster_3
2473,marygonzalez,0,0.046684819899273755,0,7,1229,0,inf,582,56,7,0.0,Cluster_2
2474,brian99,11,0.779531681823933,238,440,6,41,62.32197331545106,0,0,6,0.0011430056847462104,Cluster_1
2475,amanda68,21,0.2525860066847242,394,60,29,45,0.0,0,40,46,0.0019744698248474295,Cluster_1
2476,slee,5,0.8296438053529284,109,97,205,15,43.04953132899371,153,0,0,0.0006175799728056773,Cluster_1
2477,stevenssherry,65,0.7039366670345154,1344,125,186,132,14.069328536442814,68,0,0,0.009350726802982491,Cluster_1
2478,angeladiaz,0,0.9456735370508046,0,11,1,0,inf,0,0,0,0.0,Cluster_1
2479,randyperry,20,0.408927235756672,366,402,19,35,30.707573836755763,4,0,0,0.002512390291921534,Cluster_2
2480,elizabethhernandez,2,0.6619698394506341,49,10,186,10,15.449596461882546,173,1,0,0.00015985257685656196,Cluster_1
2481,andrea46,97,0.4648547808132707,2060,416,1534,201,12.74723196404014,811,23,0,0.021703330965363914,Cluster_2
2482,hunter47,146,0.6305886973085435,2876,73,57,282,0.0,68,11,0,0.009394094074756517,Cluster_1
2483,panderson,2,0.44959890600773733,142,1,11,16,0.0,0,14,8,0.00012395869875690663,Cluster_3
2484,johnsanchez,3,0.18863224642407483,160,8,4,17,29.590921988919074,0,2,0,0.0003592440832271362,Cluster_1
2485,lopezgerald,26,0.5078974160033809,515,1,560,47,0.0,339,25,29,0.002233262731277868,Cluster_1
2486,johnweber,4,0.5285842014374423,65,268,59,1,49.331876793292636,0,7,45,0.0004469463535407321,Cluster_3
2487,charles83,6,0.8106038482601611,85,31,5,15,14.316040388426835,6,31,54,0.0009222215870011095,Cluster_3
2488,daviddouglas,7,0.7355207057935812,136,0,14,15,0.0,0,1,0,0.0017258668149102015,Cluster_3
2489,chadjackson,0,0.6637916239414441,0,65,31,0,inf,0,30,34,0.0,Cluster_1
2490,ngross,7,0.11338709555257254,136,12,45,7,0.0,106,0,13,0.0001569333743912481,Cluster_3
2491,qthomas,2,0.720616290663715,114,2,5,9,0.0,38,0,0,0.00017093738252031254,Cluster_3
2492,huntermichael,3,0.5003051563545148,29,678,7,6,207.75515496030852,52,42,29,0.00038166357802412164,Cluster_3
2493,dawsonlisa,64,0.8940995361061592,1267,40,1,129,16.75323524523518,39,72,60,0.009150061969879953,Cluster_3
2494,smithsamantha,1,0.9198709341305428,0,19,95,5,16.72344371075201,40,17,32,1.927351022668311e-05,Cluster_3
2495,todd88,25,0.05515659060178546,518,16,12,44,25.685598910317843,0,0,0,0.002720396004342999,Cluster_1
2496,pmassey,4,0.8206415603544788,93,2,40,10,0.0,0,0,18,0.0008599260156403015,Cluster_3
2497,reynoldsvictoria,4,0.03769739042267062,83,3,169,15,0.0,74,41,66,0.00016422822917266046,Cluster_1
2498,mbuckley,24,0.36716962569502265,469,334,27,53,16.89207365165499,102,50,52,0.006300260394221723,Cluster_3
2499,todd09,12,0.5422999756210791,225,14,16,24,38.28624510279497,0,4,40,0.0009380496396590222,Cluster_3
2500,kaiserpamela,17,0.14810079862712744,365,34,26,48,12.619736587240043,0,78,0,0.001661919260221152,Cluster_3
2501,nmcdonald,31,0.7463138125690768,618,0,22,64,64.30748392425664,0,29,32,0.0028167449453869475,Cluster_3
2502,wrightjennifer,4,0.008354704172138572,95,3,130,14,7.3911824189817725,117,0,6,0.0005449856727210048,Cluster_2
2503,christinagomez,2,0.16859904843403684,50,99,32,5,54.21104422576181,108,0,25,0.0003984161057382006,Cluster_2
2504,suzanne04,1,0.5807968298534757,76,65,8,3,21.892746578841653,19,0,0,0.00019890929886544445,Cluster_1
2505,mauricebyrd,2,0.7143875620372924,73,777,96,2,397.05894881177056,67,3,0,0.00013378043599165343,Cluster_2
2506,tony11,616,0.9166431026939161,12329,371,127,1233,3.9756279276585538,68,345,229,0.019747596025894536,Cluster_2
2507,william06,47,0.7054966519346239,1015,21,2,100,0.0,22,0,0,0.001439360709341543,Cluster_2
2508,eric85,0,0.671779270254866,21,77,200,0,inf,138,0,6,0.0,Cluster_3
2509,victoriasanchez,1,0.3943411463506643,85,18,34,3,16.63798851315642,38,18,10,3.913825731475241e-05,Cluster_1
2510,matthew95,15,0.0012844255268014138,330,1337,30,31,85.53475027469206,39,0,0,0.0022587007403951304,Cluster_2
2511,fnunez,16,0.12015925873562194,227,261,90,26,58.10679926251922,83,80,62,0.0026349140929939215,Cluster_1
2512,melissamurray,16,0.5345545447560391,385,44,8,38,0.0,0,36,0,0.002534518114468832,Cluster_3
2513,robert88,5,0.6751298858444197,106,47,84,10,12.786274477077146,42,0,0,0.001363789397832767,Cluster_2
2514,brownmartin,6,0.4174482838964625,117,446,11,6,66.2553116656092,20,39,19,0.0007314861084155023,Cluster_3
2515,brianpugh,12,0.7306790115283902,254,93,2,25,23.418623732877606,21,27,0,0.002644430442159145,Cluster_1
2516,gfletcher,8,0.5218622953321788,142,547,4,20,71.91027399944414,0,23,44,0.0007514830596303433,Cluster_1
2517,margaretwilson,0,0.07417619559431221,11,0,47,1,,31,0,0,0.0,Cluster_3
2518,clarkwilliam,5,0.19201625096794883,70,75,4,0,0.0,0,15,28,0.0005997551661173069,Cluster_3
2519,rodrigueztimothy,2,0.8399982232439429,103,13,224,4,11.366164505775005,23,0,0,0.0002026436147680596,Cluster_3
2520,lindsey27,9,0.7249127466244395,174,781,119,20,80.58625230618276,108,44,44,0.0009833445701610205,Cluster_2
2521,xcline,650,0.894761987012495,12980,535,148,1296,0.0,17,221,92,0.04021367217044288,Cluster_2
2522,sarah84,12,0.11755724912093657,193,35,24,18,0.0,3,0,35,0.002192448904545076,Cluster_2
2523,taylorkatherine,4,0.9902225346150739,93,525,29,6,159.91564345440392,0,0,28,0.0005898732640804849,Cluster_1
2524,michelestanley,29,0.2094067139499336,589,820,3,61,45.410725585842954,80,0,0,0.0024523176748836866,Cluster_2
2525,christophererickson,15,0.01177987628664201,319,37,89,30,31.080786619479305,40,5,0,0.000653905602974885,Cluster_1
2526,steven30,13,0.9974229390535542,208,2834,35,19,240.93958601561908,1,0,11,0.00021756640034125286,Cluster_2
2527,grahamdavid,18,0.28107388544511314,279,31,47,23,13.568568264771454,60,0,0,0.0004261200396580403,Cluster_1
2528,donnamurphy,161,0.6680194525125599,3251,22,252,329,0.0,233,86,52,0.013018756011706017,Cluster_1
2529,smithkelli,1,0.1766823141763052,94,157,8,8,193.86774328143719,24,63,17,1.6791366993485754e-05,Cluster_3
2530,pgreen,15,0.5802285321991417,248,17,16,27,0.0,0,0,0,0.000732537122857799,Cluster_2
2531,chelsea17,1,0.9040349864545593,99,38,32,3,32.63184751850076,50,29,1,0.00013381279941165411,Cluster_2
2532,dwilson,17,0.3201811674284386,354,418,4,44,38.72628090665607,0,53,11,0.0017425831913541706,Cluster_2
2533,sgray,1,0.6702539760443592,19,34,15,8,49.1308157437481,9,0,42,2.3963962830778428e-05,Cluster_2
2534,jimenezrobert,3,0.1879035887984165,40,1,42,0,11.778067872224497,120,0,19,0.00018450221792228917,Cluster_2
2535,michellegutierrez,4,0.6247953987187252,10,64,12,0,7.994230373418205,13,0,0,0.0006439732737675871,Cluster_3
2536,hudsonjohnathan,31,0.33645035181751015,669,9,143,69,0.0,76,0,0,0.0008157472066723007,Cluster_1
2537,cclark,29,0.21120825858795167,541,157,2,47,56.10444447557101,2,65,60,0.0072784011945035915,Cluster_1
2538,hernandezmary,1,0.31318205070363514,0,115,108,0,114.21372123000333,34,7,28,5.2267963480328146e-05,Cluster_3
2539,adamewing,8,0.17884106850779935,209,468,54,23,55.26457230722328,42,27,0,0.0005511766618535762,Cluster_2
2540,duncanstephanie,2,0.9019161078378828,0,169,8,0,70.22887018122493,42,0,17,0.00014993796680576318,Cluster_1
2541,catherinehill,1,0.39718688631712884,0,235,5,2,239.89340698141916,0,0,6,8.186590087771322e-05,Cluster_3
2542,powelljulie,5,0.24527930497436734,99,9,0,6,5.7604560115614145,0,22,0,0.0007759645309692642,Cluster_2
2543,perezkyle,4,0.4484078410159329,94,140,6,0,34.67547582591409,26,39,13,0.0003219232621101782,Cluster_1
2544,michellerosales,281,0.32053616680649555,5644,1145,96,569,11.709266031843132,154,150,86,0.05725226308723655,Cluster_3
2545,medinajacob,14,0.744419253813326,264,9,18,31,35.913607191704216,0,21,13,0.002823294785408579,Cluster_1
2546,kelsey52,0,0.9712199118854944,126,845,114,25,inf,0,0,0,0.0,Cluster_3
2547,nicholasware,3,0.4380336566976468,48,12,7,0,4.861674844042401,37,22,0,0.0004737990832039914,Cluster_1
2548,blackadam,34,0.8610333999722404,668,7,58,70,0.0,116,57,18,0.0030046121926648457,Cluster_2
2549,castrocrystal,169,0.5658630735596195,3340,56,6,324,6.22532816325812,29,96,44,0.015188432607237632,Cluster_1
2550,xbarker,0,0.15723566509423348,6,120,4,9,inf,88,0,0,0.0,Cluster_3
2551,yjohnson,0,0.6906227420813416,30,170,17,5,inf,48,49,26,0.0,Cluster_1
2552,alyssabrown,122,0.5134344971258201,2500,5,7,245,0.0,38,32,26,0.013650751619425961,Cluster_2
2553,rachel21,13,0.6506065232521034,185,72,1,22,7.4943571948550325,0,18,55,0.00216815462038365,Cluster_1
2554,rodneyfarmer,2,0.889687412571665,27,9,15,0,13.095392438099543,21,29,39,0.0003946208103321524,Cluster_2
2555,cmiller,16,0.4404345706560461,342,2,23,35,37.334527063845904,10,40,56,0.0008716767743682541,Cluster_3
2556,alexandra55,0,0.9011776232173556,29,6,134,3,inf,63,0,0,0.0,Cluster_1
2557,pharmon,7,0.7506690142816549,140,8,81,22,0.0,27,7,0,0.0004080449430630093,Cluster_2
2558,williamsonrobert,12,0.48860492587798476,267,84,125,35,0.0,73,7,24,0.000610660574309001,Cluster_1
2559,scottroberts,29,0.6032221356579637,539,263,59,50,0.0,0,57,33,0.003564606366740025,Cluster_3
2560,roberto03,1,0.32558113251901144,97,2,33,14,0.0,57,14,26,0.00017550677775689453,Cluster_1
2561,kathybowers,8,0.9835972997387742,209,62,3,22,45.31084070898763,0,47,6,0.00031415110790087956,Cluster_2
2562,kevinmccullough,1,0.667351163050396,0,3,25,0,8.756209938527396,0,16,25,0.00016287595490682675,Cluster_3
2563,charlesstokes,10,0.043846852496629896,146,102,49,11,0.0,41,2,0,0.000431466495052036,Cluster_1
2564,carolyn44,1,0.32662190574800876,0,10,178,11,0.0,42,6,0,0.00017562550533811489,Cluster_2
2565,brownpatrick,4,0.6233144337590575,113,4,56,13,0.0,0,47,19,0.0005647102955842846,Cluster_1
2566,bishopcharles,1,0.0563332777992398,0,139,129,4,126.81401210987244,45,0,12,5.480763366964149e-05,Cluster_1
2567,nburns,19,0.023884191319142767,363,11,4,35,26.9040516935241,0,36,40,0.0023198583704759955,Cluster_3
2568,nicholssusan,26,0.45002423952780257,542,18,12,51,0.09343875115270162,41,0,0,0.0021854478952060097,Cluster_1
2569,kelsey57,5,0.33269017969267,96,0,38,9,0.0,0,0,8,0.0001711181922450008,Cluster_3
2570,nancybarker,7,0.4382986080331659,152,181,114,13,72.06632835175029,131,34,28,0.0018497724851168345,Cluster_3
2571,edgar46,0,0.26269330988000517,0,145,16,0,inf,7,0,18,0.0,Cluster_3
2572,pstrickland,4,0.1647177469429809,109,33,17,5,0.0,11,13,32,0.0002878631792641074,Cluster_2
2573,lopezgilbert,6,0.6891433569803377,89,2,56,12,26.536221086010972,0,0,45,0.000514823175339456,Cluster_1
2574,mdavis,376,0.5145711162678005,7503,292,3,748,9.079588396862185,8,117,58,0.02539526773430018,Cluster_1
2575,popediane,1,0.20015421124936683,31,9,223,3,0.0,107,14,44,7.662171873240535e-05,Cluster_2
2576,icrosby,66,0.3195894262599983,1325,14,5,133,0.0,0,36,24,0.008001485252433507,Cluster_3
2577,robert45,32,0.5918079076633259,641,2125,1,65,47.072447821499466,4,0,0,0.009866438961291102,Cluster_1
2578,david58,11,0.07222934827247784,182,9,20,23,0.0,0,0,0,0.0010551255003200743,Cluster_1
2579,weberdrew,103,0.14745300926617955,2045,125,256,199,1.3542281900007003,117,0,11,0.006206429054528524,Cluster_3
2580,wmiller,12,0.07324560410739012,240,91,48,26,11.404569678959405,25,27,34,0.0015419971656344725,Cluster_1
2581,ujackson,13,0.8123173327141189,191,66,61,22,2.1038305042962273,6,48,3,0.0005484772557689281,Cluster_3
2582,raymond38,6,0.7524092332120093,96,55,21,14,8.38239038818008,22,28,0,0.0009310555121500865,Cluster_3
2583,shaun61,46,0.7533129318792571,939,65,15,86,0.0,3,52,17,0.0024040974662207265,Cluster_1
2584,harveyjennifer,38,0.716325343476028,696,54,1,70,7.283774756056729,24,3,0,0.002805417864132095,Cluster_3
2585,sheltonchristopher,2,0.6693854236698692,97,30,0,18,40.610372736739926,0,17,0,0.00013324163786450588,Cluster_1
2586,powellryan,1,0.476991915378175,83,502,26,7,498.74416636500865,0,0,0,0.000169015679481517,Cluster_2
2587,amandaschroeder,5,0.642278163507115,37,3,143,6,0.0,36,8,0,0.00040110021179722103,Cluster_1
2588,mark64,2,0.03836155478797465,107,208,33,14,105.66002104105696,88,29,23,1.5260691641086783e-05,Cluster_2
2589,qmeza,6,0.6214644226567846,112,145,51,6,46.530763861854496,73,38,39,0.0004073563781534206,Cluster_2
2590,katherine44,47,0.7778777055368772,960,116,216,105,0.0,168,11,0,0.003927752066367465,Cluster_3
2591,matthewmunoz,3,0.5003583603843902,35,247,32,5,111.35028004797604,80,0,0,0.0005008430215203824,Cluster_2
2592,jeanettehamilton,6,0.35751332842723693,166,28,16,19,13.091111455371419,0,0,0,0.000248739457232622,Cluster_1
2593,torresrobert,8,0.2774267348009791,180,1,5,9,0.6986139139773533,17,0,0,0.0010581054182025428,Cluster_2
2594,lhall,26,0.6428020501620825,479,29,417,51,25.380161348671013,212,21,37,0.0025735464376553576,Cluster_3
2595,powellmichael,0,0.6928011986299087,0,5,44,2,inf,54,24,32,0.0,Cluster_3
2596,bthomas,2,0.8709675998625426,0,8,4,8,14.440910724894167,0,0,0,0.00020077249186223816,Cluster_1
2597,nashamy,10,0.34233408246099073,209,3,3,19,8.906191290132352,6,0,9,0.0009423730233753776,Cluster_1
2598,robertbuckley,44,0.7697723073855856,908,14,131,85,0.0,69,0,0,0.001571296222323789,Cluster_3
2599,cathyosborne,3,0.5613558241893379,92,11,4,5,12.879429125743085,28,39,25,0.00037429638269623525,Cluster_2
2600,katherine56,0,0.8828364906780791,0,0,324,0,,194,0,0,0.0,Cluster_2
2601,usanchez,18,0.5278121082956208,302,116,0,24,2.8696820506457623,4,0,35,0.0030245557904133016,Cluster_3
2602,amacias,2,0.5176298283979672,5,1801,169,6,917.7563511046067,90,17,22,0.00015671658138123452,Cluster_1
2603,knoxbrenda,1,0.5778770814409091,77,98,41,14,86.5649149528467,31,0,0,8.955181913021474e-05,Cluster_1
2604,sanchezsarah,2,0.7493153551424344,15,22,23,0,16.40642491686738,93,0,0,0.00018082540455250436,Cluster_1
2605,thompsoncarla,5,0.9646904788284609,107,30,15,8,3.3665243508936227,0,56,25,0.0004944578544468886,Cluster_1
2606,andrewlittle,2,0.07356335421576565,0,15,342,0,0.0,122,54,0,4.583795914169977e-05,Cluster_2
2607,marie38,0,0.05343460239101716,16,38,58,5,inf,62,0,0,0.0,Cluster_2
2608,brandy68,28,0.9375503374073385,537,30,5,61,0.0,15,8,1,0.0025775942174918595,Cluster_2
2609,lopezmegan,50,0.5298756255182061,1052,7,1,102,0.0,13,6,15,0.0024285001762956704,Cluster_3
2610,jose47,19,0.6149030145669361,418,684,26,41,0.0,46,0,15,0.003788281802763883,Cluster_3
2611,ecarrillo,1,0.48242360159472886,0,2,20,2,17.78114936166404,20,31,21,0.0002519867720420582,Cluster_3
2612,stephanie75,5,0.09365745260747449,93,120,2,17,0.0,0,75,4,0.0011409147230481808,Cluster_2
2613,wpatrick,7,0.7680893784186665,112,27,18,12,9.444832725154981,40,0,0,0.00032762743455782206,Cluster_1
2614,wcarlson,18,0.7472246450885869,289,1013,8,29,57.37681565034079,5,0,0,0.000591603717516662,Cluster_2
2615,edrake,20,0.311703321492812,357,61,20,36,0.0,0,1,16,0.0012035842440779186,Cluster_2
2616,lrandall,2,0.3062392452284004,49,17,59,0,47.6333691443068,64,3,17,0.00022801691499292119,Cluster_3
2617,longmark,8,0.8378413809055185,176,21,188,10,6.218480369208921,126,0,0,0.0013975592859507093,Cluster_1
2618,jacquelinesimpson,14,0.07235725774132662,287,35,78,24,17.612669653641305,49,0,58,0.0009050254502768447,Cluster_1
2619,edwardsrandy,65,0.8811051483565658,1284,4,6,133,5.7578627683346415,88,62,76,0.00435793112784833,Cluster_3
2620,fbass,21,0.2566616898959144,466,8,34,44,0.0,83,14,39,0.0004480191447717948,Cluster_3
2621,dakotarivera,24,0.5929847477554939,483,1,22,45,0.0,61,50,47,0.0014253688227488755,Cluster_2
2622,michael75,8,0.9359941790017777,195,6,2,16,29.920855313209675,129,14,19,0.0015232207678072996,Cluster_1
2623,perezstephanie,61,0.6781225015366464,1131,39,36,112,22.401450114303678,10,0,9,0.006500005933211337,Cluster_2
2624,keithclark,13,0.4144298124670366,63,56,325,14,43.34742094146432,139,0,0,0.0010762571973496286,Cluster_2
2625,cnelson,2,0.6895342089054152,54,0,21,4,4.432841859457678,53,8,0,0.0003538572952926808,Cluster_2
2626,kaitlynpage,60,0.3439796363163702,1128,25,1,108,0.0,0,0,0,0.002085155000764634,Cluster_3
2627,amber79,21,0.27725841634918613,409,91,21,41,0.0,11,0,3,0.0014683150766118928,Cluster_3
2628,yrogers,3,0.9966832779346797,44,24,3,13,0.0,0,0,0,0.00011483083111565935,Cluster_3
2629,steven57,3,0.7507902311797877,139,10,73,11,18.67421591083888,66,16,16,0.0006413289344261926,Cluster_1
2630,michael17,11,0.6447199773818176,239,15,44,17,0.0,0,0,0,0.0006476105174402887,Cluster_3
2631,dhoffman,14,0.3552896432193188,288,12,15,26,0.0,2,42,37,0.0008008222958272022,Cluster_2
2632,mclaughlinpaul,9,0.04916082915504816,221,10,12,22,50.38662507770972,5,0,1,0.0008835737874836971,Cluster_2
2633,arthurpace,11,0.03105687603515561,238,45,14,27,0.0,0,0,0,0.00012796256936079795,Cluster_3
2634,kmendez,94,0.5541812554487988,1857,2108,20,190,10.893713405177426,0,43,48,0.015301789939803719,Cluster_3
2635,daniel61,36,0.7620327210390511,773,8,6,72,33.65445607542955,0,67,14,0.00393939624504651,Cluster_3
2636,ustevens,9,0.5373791904438551,124,18,2,7,0.0,0,5,0,0.00202752367725939,Cluster_3
2637,ethompson,30,0.8407850719391146,616,30,110,59,23.732117730663333,81,0,7,0.0012640473357223914,Cluster_1
2638,kimberly39,1,0.03342653309322163,0,9,11,3,0.0,19,0,0,0.00014957777144708413,Cluster_1
2639,qsilva,13,0.3667520764259401,270,239,25,20,0.0,11,42,0,0.0007132344811878324,Cluster_1
2640,brianacooley,111,0.23707039117417805,2229,0,30,219,34.114355227562726,0,31,0,0.01848877265916196,Cluster_1
2641,marc09,5,0.44727296815712203,183,12,32,15,20.861938941250546,33,48,27,0.00042271219789694476,Cluster_1
2642,nicholsgregory,2,0.07237639319412248,0,144,3,4,90.40001969030085,0,20,5,0.00014137214319103348,Cluster_3
2643,sandra33,2,0.9541316415710726,9,19,1,3,16.85311093577549,0,0,0,8.721836586159463e-05,Cluster_2
2644,imiller,1,0.22325540106936093,61,7,8,10,18.982032661553607,0,35,4,0.00013385953577870122,Cluster_2
2645,andrew27,2,0.9223077754835848,56,73,36,12,11.856839505039133,0,0,0,0.00013650523533758317,Cluster_2
2646,miahopkins,4,0.4258931550366818,89,169,6,7,44.48221714489321,53,0,3,0.0002726246068450875,Cluster_2
2647,ejensen,0,0.985524133255218,0,48,11,0,inf,13,0,0,0.0,Cluster_3
2648,kmorales,7,0.5540583834602107,110,7,488,5,0.0,326,26,31,0.00010828282742235743,Cluster_1
2649,antoniobruce,28,0.9308328641758075,622,75,1,53,10.89763804273206,0,48,10,0.004508250502828948,Cluster_2
2650,andrea66,1,0.005348988694222845,17,16,6,0,39.16299111319089,27,0,0,3.335647798717248e-05,Cluster_2
2651,grahamkevin,72,0.7482388061809001,1458,126,345,143,0.0,159,0,0,0.006793562825422735,Cluster_1
2652,benjamingoodwin,15,0.9030506531025154,294,478,18,33,27.626408819975833,78,0,0,0.001154623559827251,Cluster_1
2653,brockshelley,34,0.13972056697895407,620,0,6,62,0.0,0,0,3,0.0022944189359697734,Cluster_2
2654,markwright,2,0.09612585173215149,86,40,115,6,20.144342921757957,100,0,0,0.00011466104941896806,Cluster_1
2655,diamond70,26,0.4245726071859556,545,1,21,53,15.23998378622982,0,20,0,0.0030729483117569053,Cluster_3
2656,kgarcia,1,0.9336789061329351,135,2684,11,8,2699.8305547345553,0,58,0,0.0001803005997871801,Cluster_2
2657,webermichelle,28,0.5423865601904387,509,14,26,56,11.403523512618648,8,37,0,0.005556312350966506,Cluster_2
2658,yhernandez,9,0.5274564637217322,221,126,7,18,1.6313766561092926,66,0,9,0.0004268050973546469,Cluster_2
2659,chelseajohnson,16,0.14112611829932187,254,31,4,19,0.0,0,0,0,0.0018839169476975186,Cluster_3
2660,andrew23,1,0.0007895110932187865,27,7,16,6,22.908089464818666,0,0,0,4.0561802918259576e-05,Cluster_3
2661,traciedavis,1,0.8101400907454612,68,6,4,9,22.239978644334624,0,12,0,4.111483678001747e-05,Cluster_1
2662,vfitzpatrick,18,0.08757456298623822,256,574,20,16,28.448989180251033,0,56,9,0.0018257000647883778,Cluster_3
2663,andrea91,1,0.633849818735324,9,185,34,5,176.4765618486863,0,0,1,4.989022773032937e-05,Cluster_3
2664,emily29,14,0.9146164545151915,251,1094,72,21,101.48779901177113,0,53,38,0.0006830315611073248,Cluster_3
2665,qdelacruz,0,0.208651913158431,0,36,109,0,inf,0,63,33,0.0,Cluster_1
2666,lanevincent,26,0.6652728362369108,539,55,10,54,17.034029105860245,0,2,35,0.0027362886651670373,Cluster_1
2667,hansonalexander,1,0.07869857670750946,76,20,42,10,17.26313650283803,6,0,0,0.00012799427510958044,Cluster_2
2668,michaelallen,16,0.603755143837613,313,19,42,33,0.0,8,0,32,0.003866605559825716,Cluster_2
2669,riveramarc,18,0.16393172095320274,370,5,32,36,32.52402057825183,28,10,11,0.0005444004104806196,Cluster_2
2670,john73,2,0.735953560515178,45,38,9,2,21.401277914629524,0,0,2,0.00017932446453341008,Cluster_1
2671,marshalljeffrey,17,0.3012312947939082,340,7,4,36,0.0,91,35,44,0.0010192732298116662,Cluster_3
2672,bgonzalez,10,0.46339100880464623,145,73,42,13,0.0,19,0,0,0.0006073329574317842,Cluster_3
2673,qcoleman,3,0.5994305420276217,115,44,1,20,0.0,64,0,0,0.0006248557793826689,Cluster_1
2674,adriangonzalez,1,0.17127341066623958,34,55,13,6,47.541771918107976,0,10,0,0.00016127819305578376,Cluster_3
2675,ecase,0,0.7416378186176209,19,675,0,0,inf,0,26,38,0.0,Cluster_3
2676,tracy63,12,0.30264034063681455,199,30,2,17,0.0,35,71,50,0.0005997058860940824,Cluster_1
2677,shelia86,0,0.6623718599127535,0,129,5,0,inf,0,0,27,0.0,Cluster_3
2678,johnsparks,8,0.15828305069937365,151,1329,104,21,163.5097266279383,0,0,5,0.0014944456630801572,Cluster_2
2679,halealexis,4,0.6881176592063503,3,347,56,7,63.12699217796636,0,0,27,8.961732967186319e-05,Cluster_3
2680,keith50,20,0.12818807281046174,315,263,8,29,3.6857762309920794,40,0,0,0.0041259560055871575,Cluster_3
2681,hoopersean,4,0.4253564962699836,49,19,59,0,0.0,62,0,24,0.0005118675742700274,Cluster_1
2682,williamsamy,4,0.24720607373887682,106,50,76,5,0.0,50,0,0,0.0007007830336067832,Cluster_1
2683,suzanne32,22,0.7483752494281826,407,3,15,41,0.0,0,4,2,0.005026249816260231,Cluster_3
2684,cking,12,0.26203500450687456,189,81,2,30,0.0,0,20,30,0.0015719626185331378,Cluster_1
2685,vasquezandrew,11,0.8817173063953962,179,54,14,20,35.16501228538543,4,0,58,0.0019141378649790842,Cluster_3
2686,cameronjennifer,14,0.8918202114066128,257,34,17,17,6.64891203301706,0,21,33,0.0012483345426422916,Cluster_3
2687,deannaarmstrong,0,0.19644131522278585,0,210,3,0,inf,0,3,24,0.0,Cluster_1
2688,wilsonmichael,22,0.6138459450077243,548,3,34,51,4.57151856503142,80,0,0,0.003129381273635432,Cluster_3
2689,blakeherman,18,0.08771764171996432,412,628,30,37,18.17928101604765,0,0,3,0.0023696052512242687,Cluster_1
2690,anthony39,1,0.3915370996016292,71,167,39,5,113.57876069260489,53,18,8,0.00012439431509227812,Cluster_1
2691,louisproctor,5,0.7133217295012723,158,29,30,17,64.933832664531,89,51,65,0.0003270622788569964,Cluster_3
2692,brandypatel,6,0.6594232468499163,70,25,60,10,7.958664200207858,70,79,43,0.0003131390093063295,Cluster_2
2693,timothy58,6,0.624700669406608,58,78,15,11,1.2197392137047025,27,31,51,0.0002364367831594467,Cluster_1
2694,leah09,12,0.2825408636624436,184,511,27,21,3.9050370997846713,0,49,0,0.0023979184240150737,Cluster_2
2695,jeremy75,63,0.378024949434402,1326,39,11,122,0.0,0,45,61,0.005480308531635318,Cluster_2
2696,tiffany24,37,0.10294614470028618,712,42,8,65,34.224973726233245,0,27,0,0.005414597827917036,Cluster_2
2697,elizabeth43,1,0.719022820433601,0,34,149,0,64.03877097596934,76,3,23,0.00021260144608878256,Cluster_2
2698,guerreromichael,18,0.5038887967912735,338,818,0,34,60.5087451644234,0,5,0,0.0020766909443089353,Cluster_2
2699,michaelhill,54,0.7087656323456546,1068,17,74,111,0.0,2,45,42,0.002786062062443342,Cluster_1
2700,ericaolson,13,0.24894352479687276,273,31,7,27,32.5840951441556,2,0,0,0.002065707262017612,Cluster_1
2701,morgan36,37,0.3244382286350662,752,461,6,75,21.45511181834651,6,14,34,0.0019371215492094789,Cluster_2
2702,kimberlyball,151,0.33421533726011465,2978,43,29,298,13.383257178951219,0,40,45,0.018732939063080645,Cluster_3
2703,butlerbrandi,34,0.0257424097472162,714,256,2,70,16.452830653570807,81,31,3,0.0015412256534127892,Cluster_1
2704,davisamy,10,0.34104787283062354,168,6,5,17,0.0,39,0,14,0.0003694048277795407,Cluster_2
2705,qjenkins,35,0.8033045735180335,692,22,5,74,0.0,47,18,34,0.006826337447579838,Cluster_1
2706,dneal,9,0.8972984957497385,214,479,14,20,43.01785889405498,1,19,0,0.0011445071731979708,Cluster_3
2707,petersongabriel,7,0.5182183156359275,107,9,6,10,14.15850843637655,28,21,0,0.00048109425954666346,Cluster_1
2708,blake01,4,0.45550169521922024,51,25,221,4,0.0,65,25,0,0.0007555594603725193,Cluster_2
2709,natalie76,77,0.030824618699370254,1569,52,297,163,0.0,181,32,0,0.001889595408287146,Cluster_2
2710,evanscarla,2,0.8792043375853826,0,5,0,0,0.0,0,15,0,0.00014356062739817642,Cluster_1
2711,perezjill,73,0.013010213425872719,1440,15,45,152,16.06027323860635,0,21,35,0.004656605868440391,Cluster_3
2712,fsmith,15,0.9447500802102118,327,40,72,26,16.160097378819913,34,0,13,0.000690278623837281,Cluster_3
2713,justinpierce,0,0.48921624868809066,102,36,45,6,inf,7,15,0,0.0,Cluster_2
2714,jamesleah,12,0.3419344935747266,270,331,7,30,56.517056723079364,119,14,0,0.001726013890142733,Cluster_3
2715,austinrodriguez,0,0.9242184348426601,23,530,13,7,inf,28,30,0,0.0,Cluster_3
2716,joshuacole,18,0.024390993110096737,386,7,6,31,22.23367772690389,81,8,26,0.0011323559972083628,Cluster_2
2717,awalker,27,0.5814248948690871,486,40,10,43,0.0,61,0,0,0.0015038190950740864,Cluster_1
2718,nicholas08,3,0.5489325244993376,65,111,3,7,40.27851906866744,3,0,0,0.00037795254557615405,Cluster_2
2719,jesse97,8,0.21932040121138208,158,507,16,27,67.8947492020861,0,30,22,0.0012356409097773304,Cluster_3
2720,xdavidson,138,0.42888743135021057,2776,120,2,283,4.823714031567213,0,83,64,0.0012012836747466965,Cluster_1
2721,kimberlyharris,3,0.6522640059437702,65,55,14,5,31.82331730202474,0,0,0,0.00018657547005244328,Cluster_1
2722,christopherbird,1,0.7271311968819275,38,109,3,0,116.82918995867065,34,0,0,0.00017195525267048404,Cluster_2
2723,paulmitchell,68,0.0007168587065797816,1344,111,27,134,17.305335538587236,0,3,0,0.006393008455112289,Cluster_2
2724,joseph47,140,0.9368534300910153,2802,6,7,282,9.335256349759856,22,84,81,0.021924053062419326,Cluster_3
2725,jenningskayla,7,0.1645253723928124,78,46,31,5,0.0,0,0,0,0.0002502337488358099,Cluster_1
2726,morgancaleb,33,0.2335804342223592,644,457,101,60,19.2444663396446,73,6,0,0.0018630752177737527,Cluster_3
2727,otorres,55,0.26347344569384823,1169,22,217,117,0.0,163,28,15,0.004972821437496521,Cluster_3
2728,simmonseric,2,0.03782013655203531,55,41,0,0,0.0,0,35,15,1.2650260497340288e-05,Cluster_3
2729,richardstuart,3,0.12305212359032491,58,21,5,15,1.2032021464540028,21,19,28,0.000583639307726549,Cluster_1
2730,bryanwells,46,0.986349922944162,1014,0,12,108,3.664711980701814,73,51,61,0.008140567800967412,Cluster_2
2731,jason78,92,0.31521673737728606,1771,34,40,180,5.363065777146997,104,55,63,0.009446049744414004,Cluster_1
2732,asanders,17,0.11530109033904934,284,57,1,28,24.47343607927595,0,0,0,0.0013791908316685753,Cluster_3
2733,fnguyen,1,0.10699126117462332,105,13,4,7,39.14618237943155,40,0,7,0.00014660280472693268,Cluster_1
2734,tyoung,145,0.7194599676699719,2902,4,24,290,6.7532028220436695,83,44,63,0.020809733821831433,Cluster_2
2735,tanyameyer,3,0.8545686640326409,47,6,22,12,12.342127540188184,31,19,49,0.0009009800965643966,Cluster_1
2736,julie26,4,0.2569522995084699,20,131,35,6,34.656180663513105,81,0,0,0.0002687934111534846,Cluster_1
2737,markvaldez,12,0.02090951233523497,262,1153,39,27,111.42784260632502,17,0,14,0.0009090288094291522,Cluster_2
2738,kellydaniel,76,0.2230900184453558,1547,398,33,159,14.976604882004445,36,38,33,0.00468515654235376,Cluster_1
2739,gschneider,26,0.056515690796757334,465,2,26,49,0.0,0,62,60,0.003362955591323893,Cluster_2
2740,pamela17,13,0.10339493663004151,252,154,21,27,54.88580518623985,2,26,46,0.0007582080901602999,Cluster_2
2741,amanda71,14,0.43150811984764237,263,10,54,31,0.0,48,0,0,0.002228844932900967,Cluster_2
2742,beverlygaines,7,0.22991837086163258,152,11,0,17,30.660567705595323,0,8,0,0.0006157601853063127,Cluster_2
2743,schmittaaron,17,0.5159458785254234,284,14,203,32,0.0,90,58,57,0.0033125587340754256,Cluster_3
2744,johndavis,0,0.25349375325719037,62,118,0,7,inf,38,18,14,0.0,Cluster_1
2745,stephanie90,4,0.9405373011029476,125,186,3,11,75.23136703453675,104,0,0,0.0001391887080784881,Cluster_3
2746,smithdebbie,10,0.9059439679262645,181,27,14,15,0.0,0,0,0,0.0007160002301590319,Cluster_3
2747,marshchristopher,1,0.566806105010466,9,28,55,0,30.77901146110188,126,0,16,0.00017502425569532513,Cluster_1
2748,denise60,13,0.35442399198738617,253,76,0,17,20.15443467103472,0,49,50,0.0015465879300833756,Cluster_1
2749,scottwilson,5,0.38114688203473557,61,92,19,1,23.439272082561324,57,40,0,0.000503591487036534,Cluster_2
2750,richard03,102,0.41185228314449696,2017,275,65,196,10.259197143511816,90,32,46,0.009319602644381385,Cluster_1
2751,kimjohnson,78,0.727579322134944,1546,3,89,152,2.762924785994807,122,19,6,0.005605965559755753,Cluster_2
2752,johnjames,3,0.4516389955188379,140,34,7,21,0.0,0,2,0,0.0003553063045181354,Cluster_3
2753,brandtheather,5,0.8567299465058974,147,4,12,13,48.160911843108835,0,4,0,0.0002641725309865758,Cluster_3
2754,randallvalerie,6,0.9440947859303646,166,30,7,17,0.0,0,0,0,0.0002043612490890995,Cluster_3
2755,bruce07,3,0.33594615337893385,78,22,11,9,16.016558108911436,0,0,0,0.00015843196334205795,Cluster_1
2756,ronniewise,9,0.5606944813756801,124,30,4,20,0.0,67,0,0,0.0014303362914545713,Cluster_2
2757,millerbrian,2,0.09505653683256443,37,7,5,0,0.0,0,39,21,0.0001824326572252551,Cluster_3
2758,stephanie28,1,0.200469047766359,68,2,38,5,0.0,0,0,14,7.602432347057455e-05,Cluster_3
2759,mrichard,18,0.4134657667101601,297,0,24,29,0.0,0,0,0,0.0034078084874248,Cluster_1
2760,ericagilbert,18,0.20620271590177885,391,26,41,44,23.275795228934232,0,22,13,0.002960630512029878,Cluster_2
2761,hillcharles,2,0.8765604907887176,156,15,27,22,0.0,2,0,0,0.00023305225769144615,Cluster_1
2762,usanchez,28,0.15828625605909807,613,9,57,63,0.0,62,0,16,0.000509135002278882,Cluster_2
2763,christinacantu,2,0.45566082155309195,110,358,74,17,157.7133857479253,4,2,0,0.00022363265611540355,Cluster_1
2764,russell70,10,0.6056992404598757,210,7,1,21,2.5807079743020505,0,25,32,0.0016916475988322677,Cluster_3
2765,matthewmorrison,25,0.6918639081608444,548,424,5,53,2.630829672774386,0,5,0,0.002215654936063322,Cluster_3
2766,arobertson,7,0.38306936972650674,104,615,14,16,107.70423748207864,14,56,28,0.0010512534792653696,Cluster_1
2767,hayesjohn,14,0.8690990687247285,319,0,19,34,6.040786461783218,35,6,0,0.001241983440845756,Cluster_3
2768,jasmine10,3,0.5683191510779255,92,39,7,5,1.5634842855110413,43,37,13,0.00035880164129764813,Cluster_3
2769,herreraeric,5,0.4395077804475518,114,16,78,16,20.204661036740383,151,10,0,0.0001919993147098738,Cluster_2
2770,samanthahenry,5,0.06724063405203662,165,0,391,15,0.15881046046476152,201,66,81,0.001066856458857586,Cluster_3
2771,brianroberson,2,0.464689468445165,13,2,26,0,1.4299381137990206,49,32,0,0.0003961240762310219,Cluster_2
2772,steven54,5,0.8207358408157303,90,133,22,13,0.0,0,3,0,0.0005856987158415843,Cluster_3
2773,petersonrenee,0,0.6145410182213155,4,1254,71,0,inf,16,18,55,0.0,Cluster_1
2774,jenkinschad,3,0.8321624537291183,8,168,1,2,62.43089278635997,0,0,8,0.000396921955555809,Cluster_1
2775,jeffreymoore,4,0.4940116705993056,91,59,20,12,41.42133644396691,0,0,0,0.0005243872621583086,Cluster_1
2776,fhancock,5,0.11846170509448184,14,31,87,0,0.0,16,0,0,0.0007277705792636985,Cluster_3
2777,cole20,5,0.01363984583588107,152,684,7,17,182.36217246771025,0,0,0,0.0008222261633501216,Cluster_1
2778,justinhenry,6,0.3032195467185912,122,1582,3,18,274.8040330032464,0,64,0,0.00027986700997219646,Cluster_2
2779,david16,15,0.6979904714977925,273,11,15,22,0.0,137,0,0,0.0012391455534531673,Cluster_2
2780,fyork,27,0.7902599039416938,498,0,18,52,0.0,34,0,0,0.002738899898658585,Cluster_3
2781,amandavillanueva,2,0.2957528346203294,28,0,5,0,28.41998328433638,102,0,31,0.00023356794013257003,Cluster_1
2782,hollybarber,1,0.4956539208832471,54,357,466,10,381.8645828592479,307,0,0,4.698659301179361e-05,Cluster_1
2783,julie86,1,0.4211189044340816,47,30,9,9,30.361869631210052,0,12,4,6.005464996276309e-05,Cluster_1
2784,ahiggins,3,0.41052278435142786,24,46,3,0,18.331687394490373,3,0,0,0.0005149271930112764,Cluster_3
2785,robertrichardson,4,0.2313487132001505,37,1,17,14,0.0,0,15,36,0.0003127578880245507,Cluster_3
2786,elizabethhernandez,2,0.13637110502945837,72,8,78,12,30.428854804706837,30,35,43,0.0001800069891027602,Cluster_3
2787,pshaffer,1,0.19668855823121312,0,19,20,3,0.0,0,38,42,0.00016904004460591572,Cluster_1
2788,justin59,3,0.0553323871633461,62,48,41,9,32.89482222246835,0,0,2,0.0006471157998505437,Cluster_1
2789,ofranklin,9,0.19813074182357704,186,16,5,23,28.81862515108054,20,22,0,0.00019183936794128648,Cluster_1
2790,olsondavid,18,0.009200897625379456,375,5,187,32,1.240888862167957,110,0,27,0.0012452618291649827,Cluster_1
2791,nataliehill,3,0.6272584006359783,102,8,46,11,22.01889398911064,35,0,1,0.00028417008948821305,Cluster_3
2792,vwilson,3,0.3163754073876829,0,291,96,1,133.9527941605139,45,0,0,0.0004681740046667448,Cluster_2
2793,jessicaferguson,1,0.9731447114269086,0,51,34,0,56.35937598421476,60,0,11,6.140285472763783e-05,Cluster_1
2794,kylewallace,7,0.19371705077629786,111,99,69,13,10.636820814218218,21,0,5,0.0002504269638393336,Cluster_1
2795,janicefranklin,2,0.3458285703095939,130,6,5,19,1.6629428489696667,72,0,0,1.275332816571004e-06,Cluster_2
2796,daniel39,17,0.3578411586415332,441,0,9,41,0.0,0,0,0,0.002059554061870084,Cluster_2
2797,millermitchell,0,0.00845149606246054,91,12,151,8,inf,108,0,0,0.0,Cluster_2
2798,amandamcneil,4,0.8392079530394589,70,6,208,2,10.34813527651406,128,41,26,0.0001458207818455628,Cluster_3
2799,davidstewart,11,0.03199446014432472,130,62,3,4,2.357367193377944,0,0,33,0.0011208627297072528,Cluster_1
2800,sheridominguez,9,0.9401798347292414,62,12262,29,10,1368.9958279814696,0,34,0,0.0006460271489218218,Cluster_1
2801,leejoel,419,0.8920743510936207,8349,115,10,834,0.0,28,194,119,0.060679111377656664,Cluster_1
2802,scottphillips,12,0.5355219160859636,230,4558,7,23,377.9809568295905,49,0,16,0.0023201348389510004,Cluster_1
2803,jesustucker,1,0.5435955749112921,85,92,30,3,112.60235700180927,0,35,41,9.123229192548414e-05,Cluster_1
2804,miguel09,6,0.6537779229561563,163,10,111,15,0.0,86,5,0,0.000901890203529066,Cluster_3
2805,garciascott,0,0.387050011934887,11,61,39,6,inf,0,56,6,0.0,Cluster_3
2806,fschmidt,6,0.6472222833978555,75,816,12,7,98.90781378203178,62,0,0,0.0011018119839337206,Cluster_3
2807,stevenmyers,2,0.04476838868848687,0,891,43,0,419.39075955453654,0,0,29,0.0002522493180559342,Cluster_1
2808,bobsmith,29,0.05404762734972657,592,11,11,60,16.53252809838858,127,44,0,0.003683057447917216,Cluster_3
2809,david20,3,0.45723041961954436,94,52,37,3,11.14764746707434,0,31,0,0.0005539659784158673,Cluster_1
2810,hammonddonna,6,0.5496223011060349,139,2,163,17,36.77479064410418,152,7,0,0.00038934290477394634,Cluster_1
2811,ostone,2,0.887817640335819,0,146,0,0,81.64886220848625,0,101,36,7.122115851285618e-05,Cluster_1
2812,kjefferson,100,0.10466063390789626,2032,542,66,198,16.031913297786488,0,41,23,0.008105854312172242,Cluster_2
2813,currykenneth,4,0.8226479271938894,101,35,1,4,0.0,13,0,35,0.0005886669239725733,Cluster_2
2814,jodiwest,115,0.2100473372920696,2246,9,126,223,0.0,114,27,0,0.02296393109062954,Cluster_3
2815,michaelmartin,25,0.39408364851003186,460,63,7,44,0.0,0,4,0,0.001467497256623575,Cluster_1
2816,kennethwilson,15,0.3166024348274129,334,70,3,33,0.0,36,53,31,0.00228216432959239,Cluster_3
2817,theresa75,12,0.400155272865399,228,38,56,18,16.44452918858937,27,0,0,0.001924642328003461,Cluster_1
2818,michaelrodriguez,13,0.15049549807258555,339,45,34,38,20.751855776912052,45,53,0,0.001110741580598246,Cluster_2
2819,timothyjones,0,0.503570074403555,25,24,4,6,inf,2,13,0,0.0,Cluster_2
2820,rriley,4,0.8016425898313673,55,198,3,4,32.93865613548026,0,34,4,0.0002582643960994242,Cluster_3
2821,walter40,26,0.44153401037889695,519,124,15,49,11.38383147118002,0,24,30,0.0008382732841974869,Cluster_1
2822,joelhorn,6,0.4906135758981991,123,5,3,9,0.0,35,14,18,0.0003887606049374538,Cluster_2
2823,martinezbrandon,0,0.8487675852813142,0,5,4,0,inf,35,22,0,0.0,Cluster_3
2824,frederickmunoz,6,0.7060581146380308,74,20,23,0,0.0,44,0,0,0.0006121848450821557,Cluster_1
2825,piercecathy,95,0.4904544085197847,1935,124,4,188,0.0,23,30,5,0.008724623435024313,Cluster_1
2826,saunderscatherine,47,0.25769564818917967,982,43,38,102,3.2207390084251277,66,33,68,0.009477404492648866,Cluster_3
2827,matthewandersen,6,0.8849267468449666,150,10,187,16,5.74985787150758,163,61,43,0.0007115881969525226,Cluster_3
2828,zachary90,30,0.5770204016905583,675,53,16,75,0.3116946976309758,0,0,0,0.0019580264861377653,Cluster_1
2829,jonwilliams,4,0.2211476101106934,52,18,24,3,0.0,0,0,0,0.0003984947333836563,Cluster_3
2830,josephrogers,0,0.26911975263801036,83,161,414,6,inf,292,0,0,0.0,Cluster_2
2831,thomashammond,1,0.8031330889362459,0,60,3,0,26.281015978614988,0,31,27,4.383111065337587e-05,Cluster_2
2832,rachellopez,77,0.04414556208745546,1489,18,119,147,0.0,5,40,36,0.009781438985399599,Cluster_2
2833,mwilliamson,4,0.9920921870288201,0,50,100,0,10.360344560910374,35,0,5,0.00029708181529566533,Cluster_2
2834,rbass,5,0.13035167971479178,77,353,72,9,45.315320363112235,0,4,0,0.00032283163390496323,Cluster_1
2835,reevesmatthew,4,0.7960685253969374,54,11,139,5,27.202505525518507,50,0,0,2.31594773634491e-05,Cluster_3
2836,alexandercandace,128,0.39477531677168287,2586,68,30,256,0.0,0,82,45,0.006528226643215501,Cluster_1
2837,allenshannon,84,0.49221618328746686,1692,29,8,175,31.48578113944434,0,32,0,0.018576024325798877,Cluster_1
2838,bryantryan,206,0.8806505774645779,4060,71,103,415,21.047103509606224,65,100,58,0.00830769728848454,Cluster_3
2839,mandy37,5,0.41291118958921325,80,10,109,13,26.701114710151675,37,15,0,0.0005432744296507911,Cluster_2
2840,james47,11,0.5374937536732345,201,40,105,22,41.378483295428545,32,11,0,0.0028033224522519035,Cluster_1
2841,daniellefoster,0,0.04929966240916994,0,243,21,3,inf,23,0,60,0.0,Cluster_3
2842,diazshannon,67,0.0023474738674531537,1290,6,6,138,0.0,55,64,46,0.006601567634857957,Cluster_3
2843,dsmith,1,0.2447998730017259,0,3,26,3,0.9398424846271642,93,24,14,0.0001579562131533686,Cluster_1
2844,shannonandrew,10,0.6805830929187673,271,3,82,24,0.0,30,0,0,8.151612632236469e-05,Cluster_1
2845,paul50,1,0.1212648933591367,29,4,93,4,0.0,137,0,18,5.9595580681209755e-05,Cluster_2
2846,wilsonmichele,3,0.11376195880454942,93,96,10,12,35.01706873613665,48,0,0,0.00012856764171626856,Cluster_1
2847,catherine11,2,0.4109606080359033,0,2,32,0,0.0,0,0,0,0.0003964249638238529,Cluster_2
2848,garciajoshua,2,0.6478370386082265,99,19,2,8,0.0,0,17,0,8.024335170324171e-06,Cluster_3
2849,thomas25,3,0.7120719922479305,125,100,88,18,28.42528548158817,15,0,18,0.00020257492976042413,Cluster_2
2850,harriseric,3,0.17845067409837478,0,70,6,0,34.31290261740743,75,0,0,0.00024751414738910033,Cluster_1
2851,xmason,25,0.07958814737204245,464,16,65,40,19.768344131853922,7,0,27,0.0018623683580041267,Cluster_3
2852,klinebryan,1,0.9403970339455442,44,46,3,3,13.941521736180206,0,11,4,0.00019619413033707196,Cluster_1
2853,ubridges,10,0.26066638256210173,232,40,94,24,0.0,35,25,34,0.0007443417520748475,Cluster_1
2854,jonathanjohnson,45,0.8533464976087238,866,22,32,79,0.0,0,87,62,0.006609427183470929,Cluster_1
2855,patricia10,3,0.8634914504628183,44,22,6,3,0.0,0,0,26,0.0006300189642114343,Cluster_1
2856,wphillips,2,0.7725225917625445,10,1851,56,6,923.105885339186,0,0,0,0.00020801173101490293,Cluster_3
2857,xramos,5,0.16883360665257008,105,142,8,10,31.359912190800554,11,0,22,0.0005798600047773454,Cluster_1
2858,larsenthomas,43,0.8218014592542003,919,2878,61,96,77.30692346375935,81,46,0,0.005325135185201318,Cluster_2
2859,ferrellelizabeth,9,0.7692505592415867,141,13,13,11,2.987604957077851,41,0,1,0.0005846675577900055,Cluster_1
2860,nsullivan,3,0.5967229901062171,110,28,1,6,0.0,0,0,0,0.0001188137067516716,Cluster_1
2861,wheelerkimberly,15,0.33720203516895275,260,3,4,30,40.44060055143694,0,0,0,0.0023745724777955828,Cluster_2
2862,joseph41,1,0.2625086042665441,0,7,10,1,23.58253543243196,8,0,0,0.0001260971695719326,Cluster_2
2863,lori94,20,0.12188921208035897,440,1015,156,38,61.80439489299734,64,0,0,0.001662056962482579,Cluster_1
2864,wilsonmichael,13,0.5097570669008714,306,12,77,26,21.019702063295647,25,13,2,0.0007214314986298021,Cluster_1
2865,rowealec,4,0.5852608755098465,122,1048,229,20,266.89218343620956,28,0,0,0.0007453510356883075,Cluster_1
2866,tammy28,2,0.3593389905157872,0,3,239,0,27.2260177104391,61,24,16,2.0642658911911337e-05,Cluster_1
2867,jennifernichols,1,0.47535906768086855,0,4,9,4,5.137439005715286,0,0,0,5.525980423421761e-05,Cluster_3
2868,oparker,16,0.3635144573692667,361,17,15,33,1.09744920548368,0,24,2,0.0021556531498013627,Cluster_2
2869,josediaz,46,0.6410060573207013,922,29,10,92,13.335004358432773,37,8,0,0.005752241459427077,Cluster_2
2870,cohenmatthew,2,0.9012592077965633,0,174,7,1,118.52715092581846,0,0,4,0.00013783078661313368,Cluster_3
2871,robertmorton,14,0.16392026204694488,302,74,1,19,35.52668659150043,34,0,21,0.00014251535021071835,Cluster_3
2872,richardconley,0,0.3814088099031234,0,15,19,0,inf,39,0,21,0.0,Cluster_3
2873,markchapman,3,0.14086860395086132,149,26,2,15,18.998903838202658,0,55,38,0.0005687141558309074,Cluster_3
2874,hreed,7,0.624943770407832,217,18,19,18,16.492276793358293,59,7,14,0.0005931706861208317,Cluster_2
2875,fisherjeffrey,1,0.7288705094885958,50,6,479,9,25.712418266731945,276,0,7,0.0001361151766166043,Cluster_2
2876,tlewis,1,0.9319127325974559,88,6,9,0,31.974638788264844,0,0,0,2.346525831385369e-05,Cluster_2
2877,davissteven,2,0.2788719262609649,43,210,26,7,100.26831831992301,0,0,22,0.00023173343046405952,Cluster_3
2878,smithmonica,11,0.9502112058654302,258,1,78,18,26.452134887656918,93,48,5,0.0006136283869095143,Cluster_2
2879,victor70,5,0.0632626718206748,173,608,30,15,128.4599022814261,26,42,0,8.875232257693999e-05,Cluster_2
2880,pcarter,0,0.6030138633645882,12,17,31,0,inf,67,3,0,0.0,Cluster_1
2881,rebeccawilliams,0,0.057132719343329974,0,8,11,9,inf,0,9,40,0.0,Cluster_1
2882,beckshannon,2,0.8937741877619448,0,125,14,0,77.44124500181357,11,0,0,0.00023243051452202904,Cluster_1
2883,lee29,14,0.5298090570700541,275,479,4,26,52.53419697734252,0,0,6,0.0026330740870199178,Cluster_3
2884,ptucker,0,0.6693483507627961,41,247,71,0,inf,34,0,0,0.0,Cluster_3
2885,ashleybrown,3,0.8315739259104525,107,81,1,18,56.966230874993606,36,0,14,0.00039286493417242397,Cluster_1
2886,alexandraperez,3,0.15031062248396876,85,234,86,10,91.9137342215225,129,33,21,0.0001459527988013838,Cluster_3
2887,brian21,59,0.038591561938133845,1152,1,2,115,2.5382635093523254,0,18,9,0.0074234320294170025,Cluster_2
2888,thomaskatelyn,4,0.8788811459128522,0,12,85,7,25.021487737862053,16,12,22,0.0005085643582153118,Cluster_3
2889,sonyalane,13,0.3149332274589325,235,6,11,24,52.21814841674844,0,35,9,0.0015019039745178702,Cluster_3
2890,kimdean,9,0.12897890792716526,164,300,3,17,9.95484329689464,0,0,9,0.0006219468905818183,Cluster_3
2891,ptucker,0,0.46846123708708653,0,16,47,0,inf,72,55,28,0.0,Cluster_1
2892,zmartin,23,0.5983060756960188,490,151,80,51,60.27132356802204,36,46,24,0.003857149131916246,Cluster_2
2893,cooperjeffrey,10,0.030970603422510123,299,86,10,27,17.133896846087485,11,20,0,0.00042152369021309055,Cluster_1
2894,raymondgray,15,0.2748956582570877,306,7,59,29,4.284060239298024,60,35,15,0.0020240946042085956,Cluster_3
2895,beniteztammy,2668,0.03279987427689601,53349,11,0,5338,0.0,0,1363,804,0.6784502507308758,Cluster_3
2896,btate,0,0.42033538919549895,0,339,2,1,inf,0,8,33,0.0,Cluster_1
2897,michaelelliott,98,0.8951000290662443,1966,8,139,196,52.306578829266975,66,91,12,0.015440715142050938,Cluster_3
2898,bparks,4,0.9826524114935692,38,41,14,0,0.0,0,0,22,0.0005158211893840183,Cluster_1
2899,langjason,11,0.6370475535036275,226,8,1,30,0.0,5,19,0,0.00027410951114578447,Cluster_3
2900,leroy14,6,0.1616376937845918,142,18,7,10,0.0,53,42,38,0.0007946264171008759,Cluster_3
2901,melissabrock,3,0.9058493899993058,70,30,5,11,24.657299536385562,0,0,0,0.00021702511218601192,Cluster_2
2902,gibbsmarcia,3,0.5162478232000605,82,8,15,9,27.114535419678162,0,14,22,0.00024314669930303604,Cluster_3
2903,pamela99,12,0.1537493121029181,261,5,11,19,32.835322373329,7,27,13,0.001995796982415147,Cluster_3
2904,brownjacqueline,0,0.9217266694516614,0,55,26,6,inf,0,0,0,0.0,Cluster_1
2905,camachoemily,22,0.757469050723103,471,7,18,48,50.70483764305416,10,19,45,0.001848445896976818,Cluster_2
2906,waltonbrittney,3,0.7317052727231516,26,7,154,9,0.0,93,0,19,0.0003981949639113681,Cluster_3
2907,andrea39,1,0.7091807037944047,0,6,37,0,0.0,0,12,19,0.00010490543342669357,Cluster_3
2908,laurenshaw,3,0.20033982109644233,4,28,39,3,38.720219199657514,53,0,0,0.00024376898928653472,Cluster_3
2909,andrew51,48,0.21100669170752606,981,181,115,89,6.227479725260068,0,0,20,0.0030523272290800046,Cluster_1
2910,davidhubbard,3,0.688292998427255,48,498,11,2,138.48119353169437,4,34,0,0.00015250839177504658,Cluster_3
2911,nicoleharmon,12,0.21972275011039688,155,8,3,9,0.0,0,0,0,0.0014025253471874445,Cluster_3
2912,emily35,2,0.43867169680304885,63,1588,122,4,799.1131730819454,33,9,0,0.0004369101485825406,Cluster_2
2913,lauren82,23,0.7820018255939414,388,5,24,41,0.0,96,50,6,0.002225633449844899,Cluster_2
2914,smithjames,20,0.783952518097841,406,232,24,37,0.0,27,0,0,0.002480657866807895,Cluster_1
2915,randy06,118,0.45326177252585964,2371,9,7,241,0.0,48,59,24,0.00262562481253454,Cluster_3
2916,debbie83,5,0.7921899382752451,144,6,7,10,0.0,11,0,0,8.011829710113823e-06,Cluster_3
2917,williamswilliam,20,0.8386217961980568,489,8,71,53,13.102620779604639,66,1,0,0.0008553911092280034,Cluster_2
2918,bryanmitchell,8,0.6547757512842602,91,30,87,15,0.0,64,68,0,0.0011186503024782314,Cluster_1
2919,wfowler,51,0.22842585230842016,1017,94,65,106,3.651635814210408,45,39,28,0.0028349776912438927,Cluster_2
2920,jennifer00,2,0.2740117803855475,26,110,65,0,65.39019776216605,87,10,0,0.0001147801902691831,Cluster_1
2921,lori06,22,0.31484115540873536,461,6,47,35,0.0,31,26,0,0.0010625382426997846,Cluster_1
2922,grantjohn,5,0.116804107733952,110,5,24,13,22.864457941417463,126,15,43,0.0007678185848162502,Cluster_1
2923,johnperez,6,0.2731596203699451,102,6,15,9,0.0,55,0,0,0.0007300238913925947,Cluster_2
2924,francischase,8,0.20951922431253212,137,27,123,8,0.0,4,72,44,0.0012040383378499444,Cluster_1
2925,dianecopeland,10,0.45532874980860216,144,22,11,11,0.0,0,0,19,0.0024785788840936012,Cluster_3
2926,mgray,6,0.9084375478722649,169,5,34,24,15.087824721519464,36,54,0,0.0006158657144093714,Cluster_1
2927,amyvance,10,0.10448031675395808,222,53,6,16,9.670151720922412,5,23,13,0.0017759159986467953,Cluster_1
2928,caseyrusso,78,0.7202679239473956,1605,1944,7,162,67.79039657792528,37,44,46,0.011716186861825888,Cluster_3
2929,murphygrace,32,0.6872830044131277,624,13,14,63,0.0,46,6,1,0.004772178542511843,Cluster_3
2930,larabryan,27,0.09575419866335766,507,15,6,48,0.0,0,91,22,0.0027878802486418215,Cluster_3
2931,awright,3,0.9225724049058001,6,90,66,3,65.78177965866122,97,19,0,0.0009293619254445697,Cluster_1
2932,debraoneill,1,0.5684722021568196,37,12,2,11,0.0,0,1,5,0.00017563963655290872,Cluster_1
2933,megan52,30,0.36372552113568424,548,110,23,53,17.327920894647566,0,0,0,0.004668002740333772,Cluster_2
2934,angela71,27,0.7565385834953067,632,9,24,61,0.0,0,0,0,0.002285748065332266,Cluster_3
2935,perezdebra,67,0.25736545840163405,1274,895,1,130,0.0,40,35,70,0.007526800822623812,Cluster_3
2936,ashlee15,2,0.6935098370463204,53,61,10,9,23.004324123735362,0,0,12,0.0004034334147985742,Cluster_3
2937,hwhite,5,0.03971120757224722,178,10,29,17,19.9899992495432,0,22,50,0.0006529860097707176,Cluster_3
2938,gonzalezstephanie,0,0.839408037609272,29,11,38,1,inf,0,0,21,0.0,Cluster_3
2939,ppeters,4,0.4481708470213185,88,13,14,0,14.77189456289662,0,32,29,0.0004353631492864705,Cluster_2
2940,freemanduane,32,0.6366929143579417,591,391,55,55,27.476021223729035,0,45,19,0.004527997358335244,Cluster_3
2941,georgefischer,3,0.22123781980668367,0,3,17,0,0.0,0,0,9,0.0003158959228317438,Cluster_2
2942,pamelaerickson,19,0.677073712658448,418,9,20,45,0.0,0,26,51,0.0033820971818051613,Cluster_1
2943,angelmaynard,5,0.7722402758932766,175,12,29,16,33.941496446543276,47,21,33,0.0006340650335002059,Cluster_1
2944,dawnmayer,12,0.47321318688439873,218,32,80,20,15.678519065941527,67,0,4,0.0010679693976425144,Cluster_1
2945,martinezcynthia,1,0.6177269240617943,0,20,7,0,14.77015070847959,66,52,26,0.00018100806117423362,Cluster_1
2946,christopher55,8,0.45632592382239856,37,2,9,0,8.55590962507839,56,0,12,0.0007280442678765647,Cluster_3
2947,vramirez,0,0.8940913692578455,0,16,7,7,inf,0,20,0,0.0,Cluster_3
2948,toddarmstrong,5,0.49786918051431917,94,27,12,15,27.673913567700495,6,24,26,0.0004979306903616213,Cluster_3
2949,ndominguez,0,0.8418087090288189,79,10,170,15,inf,83,0,0,0.0,Cluster_2
2950,lhughes,45,0.8013520582702486,933,113,47,96,4.929229412832205,0,2,0,0.004748074844273296,Cluster_1
2951,brandonkelly,23,0.41050482134835653,475,173,3,47,12.135862259588654,0,36,0,0.0015287909602207848,Cluster_3
2952,fsummers,14,0.23008449185747504,259,28,8,33,0.0,0,8,0,0.0022678805313902065,Cluster_3
2953,nsullivan,72,0.406082132559771,1410,50,35,137,0.0,8,56,16,0.0038056099689197506,Cluster_3
2954,yfoster,1,0.8262173757752201,90,0,5,4,0.0,28,3,44,0.00012147200032782287,Cluster_3
2955,cgray,101,0.22763253581939236,2030,15,6,199,0.0,26,87,29,0.013583060857963092,Cluster_1
2956,robert47,29,0.5244363458577493,474,202,151,50,28.218067189139084,0,17,19,0.006130109187923298,Cluster_2
2957,ijones,5,0.8060967479607475,66,15,8,2,21.448555012366214,29,45,3,0.00028466414963705124,Cluster_1
2958,beckdarlene,40,0.3534774751283788,757,8,84,74,3.896657767181857,50,0,1,0.0006537933829544576,Cluster_1
2959,phillipscott,1,0.6422096370026974,0,1997,132,0,2020.8107796874558,97,0,7,0.00016799152873553166,Cluster_3
2960,thomascrawford,2,0.24563157404881453,68,875,6,9,418.63027642371196,56,0,0,0.0003198831667112682,Cluster_1
2961,richard26,2,0.10927944536815992,34,76,5,0,59.5467377455674,0,12,0,5.7334422649289194e-05,Cluster_3
2962,ericmorris,3,0.7943842250928563,56,257,13,0,69.85809237967732,68,0,0,0.0003959542914279206,Cluster_3
2963,lauragarcia,1,0.09896862340870682,85,0,3,14,24.79389060128485,0,0,0,2.1060800377750362e-05,Cluster_3
2964,williamherrera,46,0.2713813950795846,885,8,24,94,0.0,0,1,2,0.007904711757344573,Cluster_2
2965,murphysteven,5,0.8551094219974401,193,14,14,21,0.0,28,0,6,0.0004913926921214409,Cluster_3
2966,sarah28,12,0.3464692870786672,206,21,34,21,16.353143280628842,0,5,0,0.0025899089399756443,Cluster_3
2967,brandon82,3,0.9730453495141611,64,13,163,3,20.524248523348934,94,0,3,0.0003039137458895905,Cluster_1
2968,wandayoung,0,0.9797343347738597,0,0,68,0,,133,0,0,0.0,Cluster_2
2969,dylanguzman,11,0.2682760204535567,226,66,41,20,0.0,40,7,1,0.0013774924652489539,Cluster_3
2970,dodsonrussell,0,0.04097822224989045,22,88,1,0,inf,11,0,0,0.0,Cluster_3
2971,kvincent,6,0.7050632842053791,141,591,39,15,59.996963747474574,0,0,12,0.0004814023037139449,Cluster_1
2972,nconway,0,0.4509865026483437,0,8,266,0,inf,48,0,40,0.0,Cluster_2
2973,janicenguyen,145,0.10075284395957629,2843,6,0,279,26.07389207295261,0,88,72,0.00379900271653441,Cluster_3
2974,haileyjackson,28,0.7075228189780428,685,0,56,76,0.0,81,0,34,0.003418138269355993,Cluster_1
2975,smithdanielle,8,0.031174909111921223,135,19,15,16,39.48028219152727,0,51,0,0.0005414987601101972,Cluster_3
2976,ryancraig,49,0.8701966904922421,1014,167,5,104,30.816199288084405,22,49,12,0.009699811934567879,Cluster_1
2977,hendrixjoseph,2,0.13865252911330372,0,11,66,0,36.84390628539478,104,0,14,0.00033586132819923956,Cluster_3
2978,murrayrichard,16,0.127311878746725,306,1569,261,30,85.0565209506569,200,0,37,0.0008461276354945973,Cluster_1
2979,stephen19,9,0.17567229796858452,173,20,64,20,0.0,53,50,46,0.00046113350986851825,Cluster_3
2980,erikacastillo,10,0.9602663584920665,223,43,11,23,0.0,14,0,0,0.0012979350275414876,Cluster_1
2981,kenneth34,49,0.693169360253846,843,2,4,92,0.0,0,22,2,0.009174522633107278,Cluster_3
2982,phillipcampbell,22,0.8013715354636367,448,55,24,43,0.0,0,53,40,0.0059190694643236515,Cluster_2
2983,melissa74,11,0.397634985732753,162,0,74,13,0.0,22,0,0,0.001084567451377393,Cluster_3
2984,pgould,0,0.33631272750495556,16,115,11,4,inf,0,33,0,0.0,Cluster_2
2985,pbautista,1,0.23448400678316994,0,121,12,0,95.1115805682661,18,0,0,7.684465206593438e-05,Cluster_1
2986,royryan,6,0.48064802831240894,77,382,1384,12,42.856964701750016,787,0,0,0.00037461272321381134,Cluster_1
2987,zsmith,8,0.5518287335341685,146,5,101,8,0.0,126,40,0,0.00044587384068127303,Cluster_1
2988,ocervantes,1,0.6317748436527554,0,44,112,3,51.12573096620603,68,13,32,0.00014649733084217957,Cluster_1
2989,rmalone,275,0.2571185039986945,5476,91,2,544,0.0,39,152,80,0.031147554814200597,Cluster_1
2990,ywest,71,0.9486540809029906,1360,73,6,138,6.873221205609894,0,2,0,0.007023272562877842,Cluster_1
2991,spearsrobert,18,0.16975849820713584,268,6,22,31,3.0702534930904384,84,0,25,0.0014395565507773942,Cluster_2
2992,antoniomiller,8,0.9656531747664123,210,0,4,21,0.9377171803678179,0,38,19,0.0014621872915280719,Cluster_3
2993,smithlarry,5,0.014856122507503788,35,61,221,0,0.0,156,9,29,0.0001152114036397157,Cluster_3
2994,jennifersnow,1,0.4811256918168456,11,25,166,0,0.0,107,0,0,8.726533203889468e-05,Cluster_3
2995,jasmine37,8,0.3333678381165628,197,11,9,16,35.304039598014796,0,10,16,0.000904166836455611,Cluster_2
2996,david19,10,0.4491234139302508,169,130,291,7,25.60611832914852,135,50,50,0.0018946114713853683,Cluster_2
2997,kathy96,1,0.570664578980789,0,30,19,5,50.11463306121476,0,22,0,4.727565735506474e-05,Cluster_2
2998,john14,12,0.43558915801270903,251,3,976,25,0.0,433,0,0,0.0009846377737208407,Cluster_1
2999,perezkevin,5,0.41484685030159496,155,1,24,9,0.0,0,0,0,0.00035278715082761485,Cluster_2
3000,matthew00,0,0.7327234154133065,0,4,47,7,inf,61,17,15,0.0,Cluster_3
3001,martincourtney,2,0.6858762750864646,32,2458,163,0,1192.306232990955,141,0,11,0.00020531776840832948,Cluster_2
3002,xsmith,3,0.8332712820358479,0,121,136,1,18.040463946270442,0,0,0,0.00048128024532383427,Cluster_3
3003,austinrussell,125,0.24995898123949556,2480,46,43,243,0.0,113,101,59,0.014540420472162452,Cluster_1
3004,xmorgan,17,0.6095285097540636,341,23,16,24,0.0,7,34,60,0.001707126919358177,Cluster_1
3005,carol95,0,0.5851947853928539,0,21,43,0,inf,35,11,32,0.0,Cluster_3
3006,frances28,15,0.36973781087268875,277,270,5,25,24.656142505014927,0,0,19,0.0011624923854013404,Cluster_1
3007,halljared,0,0.4860575419026809,0,13,25,4,inf,78,53,26,0.0,Cluster_1
3008,jaimebrennan,37,0.31378214330572873,743,93,3,76,30.370807308541053,11,49,82,0.006468815173455807,Cluster_3
3009,gonzaleskimberly,3,0.1418443976169852,112,17,1,11,55.14184980891791,57,0,25,0.00027875569250833464,Cluster_1
3010,cindy66,6,0.21380121066273283,65,1088,21,0,156.0763285303647,71,0,0,0.0006312436737810109,Cluster_1
3011,dkelley,53,0.10551364640120109,1028,125,133,109,5.304594845406642,133,28,22,0.0011448771539973872,Cluster_2
3012,annette92,1,0.6830695751901241,45,311,80,5,313.91051756413947,7,0,0,0.00010407353735689133,Cluster_3
3013,larry22,0,0.6607273931091515,60,11,17,5,inf,0,66,49,0.0,Cluster_2
3014,jamesschneider,3,0.9506063715798728,0,222,276,5,52.303508580689964,107,0,14,0.0001875676714426694,Cluster_3
3015,akaufman,35,0.7296784136472413,691,18,8,75,0.0,48,0,17,0.0009106046349595307,Cluster_1
3016,gmaldonado,0,0.052045838756131446,14,40,1,7,inf,17,47,23,0.0,Cluster_2
3017,richardking,0,0.8842451739289542,0,628,0,0,inf,53,0,0,0.0,Cluster_2
3018,jenna56,3,0.8626751629457258,0,5,3,0,4.8521061100068215,57,25,21,7.435737965917554e-05,Cluster_2
3019,carmen09,16,0.4433203207726987,345,47,68,39,0.0,0,28,34,0.002512006241575527,Cluster_1
3020,eanderson,44,0.5858630505279215,955,72,7,88,4.469521698789277,71,20,0,0.003446481619731256,Cluster_3
3021,meyertina,3,0.9760783324725189,65,84,40,16,8.933990591311318,67,0,0,0.0002851829655727331,Cluster_1
3022,amberwu,3,0.5323043638481663,8,14,237,0,7.816051513357397,100,0,33,0.0005503634984109295,Cluster_3
3023,loricooper,41,0.9053218283760898,794,1415,3,74,16.893143452419416,18,0,0,0.00594120981675658,Cluster_1
3024,hrose,0,0.08303875781018644,88,3,41,2,inf,14,0,0,0.0,Cluster_1
3025,rebeccagrant,4,0.19105186870868285,125,457,45,6,141.03792244878315,53,25,52,0.00010902991340161433,Cluster_1
3026,mcollins,9,0.4407549434413178,212,295,5,21,37.99745477809919,0,56,37,0.0002621572875695159,Cluster_1
3027,joshuaperry,14,0.5847568083373047,297,1013,153,29,78.79455050480401,100,0,0,0.0021188911152637564,Cluster_3
3028,jerrymcbride,3,0.8162278518628002,26,1,13,0,16.67746368328429,9,0,0,0.00030685586860679904,Cluster_3
3029,dperkins,7,0.9882621151431868,129,6,11,11,0.0,0,0,20,0.000539925756574759,Cluster_3
3030,walter94,0,0.38885149647411643,0,485,476,0,inf,247,8,0,0.0,Cluster_1
3031,marvinhorn,2,0.04741563614008493,67,1,43,9,0.0,156,0,14,0.00016345405437715287,Cluster_1
3032,aevans,14,0.8011715032953248,355,1,80,35,17.66464851880731,5,0,5,0.0007391692015399239,Cluster_1
3033,robert43,1,0.6043807190828081,75,13,153,5,27.938199745126457,64,0,7,7.896369016060755e-05,Cluster_1
3034,rebecca88,8,0.19854285886820167,89,46,7,2,0.0,0,0,16,0.0003829183801017718,Cluster_2
3035,cunninghamnathaniel,14,0.49482845662142017,291,581,130,27,61.677722735335244,36,0,0,0.0011605304482685379,Cluster_3
3036,rsanchez,4,0.7423102455337244,116,23,9,9,15.706255328266183,45,52,7,0.0004628937831556365,Cluster_1
3037,kathleen43,9,0.7704117870686438,210,11,8,22,39.02179511026737,39,14,20,0.0012866868173741495,Cluster_2
3038,dgonzalez,1,0.499618411998762,0,58,13,0,61.86757502682586,6,2,0,8.941383826413526e-05,Cluster_2
3039,lrobinson,5,0.30521453012885913,245,77,7,28,13.229133369548052,54,42,13,0.0006203378168073772,Cluster_1
3040,kleblanc,18,0.9737425820384935,296,73,68,27,0.0,73,20,25,0.0006917052958357291,Cluster_2
3041,donaldjames,9,0.6633626109564928,125,24,29,3,0.0,6,18,42,0.0004413223124208216,Cluster_2
3042,dharrison,3,0.4082375193462987,71,0,9,12,0.0,0,0,0,3.906807397327077e-05,Cluster_1
3043,chelseabrown,10,0.2804632242046524,305,6,55,25,0.0,68,0,0,0.0009112211416790742,Cluster_1
3044,carla13,21,0.7311029830035621,378,426,13,32,25.52687793686298,14,0,0,0.0006051306445145249,Cluster_1
3045,charlenebradley,0,0.2421834455937677,0,46,12,0,inf,7,0,0,0.0,Cluster_1
3046,michaelandrews,42,0.17170998897368817,893,18,21,90,0.0,0,12,12,0.006350344658784478,Cluster_1
3047,egibson,4,0.5298338889620703,79,247,40,5,73.2750278404423,57,12,6,0.0007060975341825789,Cluster_3
3048,caleb54,13,0.28998739264414186,243,4,36,21,13.817885817542644,35,5,0,0.0005352451838101509,Cluster_1
3049,kristina08,44,0.628905144923615,908,22,11,88,0.0,0,11,24,0.005755731217703348,Cluster_2
3050,orubio,0,0.11793867487423348,13,42,71,8,inf,0,0,1,0.0,Cluster_2
3051,jnewman,2,0.6549411045673216,91,14,14,9,2.0685217375701637,60,12,71,0.00015266366812404238,Cluster_2
3052,ashley71,4,0.2832965279977022,144,39,7,9,6.0497824500289195,33,0,5,0.0003684118688310865,Cluster_1
3053,mary67,2,0.00024293443451273156,55,23,2,0,0.0,13,11,0,0.0003124429332734908,Cluster_2
3054,timothy78,99,0.12693605767417637,1994,2,87,198,29.89162527135961,0,0,0,0.017046319711855662,Cluster_1
3055,szamora,2,0.9336153778350941,50,45,20,6,26.035977700225903,8,11,19,0.0005740954002072663,Cluster_3
3056,kellydavis,3,0.8673546391153578,84,3,27,10,0.0,1,23,0,0.000483197907844378,Cluster_2
3057,bryan39,10,0.23360903203623684,202,44,96,20,11.904031498329331,17,23,0,0.0010826671599549283,Cluster_2
3058,johnsonamy,1,0.7783719045454912,19,392,9,0,398.8895688169405,42,0,0,0.00013709647682803657,Cluster_1
3059,mcdonaldalex,4,0.6085715931739742,139,19,2,11,29.200883058659784,36,29,5,0.0004030668815495418,Cluster_2
3060,kerri34,11,0.9709047114498695,295,4,22,33,0.0,32,0,4,0.002641833088703677,Cluster_1
3061,mthornton,4,0.3736056595340591,4,26,31,0,6.739921378771725,67,0,9,0.00044614219246390767,Cluster_1
3062,pamela56,6,0.6814606125171713,120,7,13,9,0.0,0,0,0,6.889343420664966e-05,Cluster_1
3063,lindsey01,3,0.06353572242391858,25,96,183,5,43.95897227985476,68,32,39,0.0004359984634186906,Cluster_3
3064,bcalhoun,0,0.39624734681640594,0,25,0,4,inf,3,0,0,0.0,Cluster_3
3065,rangelamanda,11,0.9638176611881805,240,718,107,23,47.412916931122666,22,0,10,0.0007556432592914115,Cluster_1
3066,nicholas51,102,0.5389808744501206,2073,268,65,205,1.271500224793745,68,103,70,0.002697216521815279,Cluster_2
3067,blakethompson,7,0.2878795033348446,134,25,39,6,0.0,0,0,0,0.0013754248941116715,Cluster_2
3068,carrie95,10,0.12027096312860686,104,120,0,13,44.04262437078469,64,29,0,0.0015134529178302716,Cluster_3
3069,sophiahill,20,0.7035283401815304,351,16,137,41,39.34533455483751,21,0,9,0.0009931429323346173,Cluster_2
3070,tasha61,1,0.6448560434297268,64,35,4,19,25.92819829156369,108,8,0,0.00010038549214014985,Cluster_2
3071,daniel42,94,0.3739387136037746,1742,17,9,176,0.0,105,89,48,0.015344960382940432,Cluster_3
3072,amybrady,10,0.9509413518658343,259,131,15,25,19.83184077804123,2,13,24,0.0008885436547167001,Cluster_3
3073,billygonzalez,85,0.022202812987850318,1726,436,37,168,0.0,75,85,62,0.008495542108850436,Cluster_2
3074,hhuber,2,0.3037238516318258,105,139,52,1,92.99362265056064,5,0,0,0.0002522726798423291,Cluster_2
3075,paul48,112,0.9210694862995814,2230,174,76,223,0.0,88,45,25,0.009148552030145557,Cluster_3
3076,uphillips,23,0.3209354383194404,356,174,68,47,18.4554818398732,25,35,0,0.0026023409070522895,Cluster_2
3077,wowens,16,0.2522528338551704,341,89,29,40,7.842371787833863,0,0,21,0.0024327421224098504,Cluster_3
3078,sarahlam,10,0.5342204099312473,263,4,37,31,0.0,0,22,51,0.0008263925544745182,Cluster_2
3079,joshuarussell,5,0.8238017499205379,146,707,3,15,146.20099656983885,0,38,1,0.0003636066559870267,Cluster_1
3080,randallconway,44,0.10314676087836105,846,852,6,86,36.93428753313336,16,48,28,0.004897811261880186,Cluster_3
3081,devonjones,9,0.9430207096457361,184,21,76,6,4.07030371444127,104,0,22,0.0012880561389769906,Cluster_3
3082,cassiebeck,0,0.795072881181164,0,16,70,3,inf,36,0,0,0.0,Cluster_2
3083,vaughanmary,1,0.18125025555155194,0,99,59,0,81.5443314429265,79,8,18,0.00022034372701130675,Cluster_3
3084,kristintucker,5,0.7120079611981627,147,89,9,11,40.68409595808272,0,0,1,0.0008839675418255571,Cluster_3
3085,forbeszachary,11,0.38495872263755715,160,23,78,14,22.981840653772764,22,7,0,0.0016103077893706652,Cluster_3
3086,ohunt,6,0.4022946780763187,75,3,3,5,0.0,54,11,9,0.000664847040887353,Cluster_2
3087,johncampbell,45,0.7832900924388664,844,57,101,80,0.0,0,6,31,0.0063973368570390855,Cluster_1
3088,ffreeman,0,0.9627848079807322,0,89,13,0,inf,7,0,7,0.0,Cluster_3
3089,tiffany81,9,0.12665587284719393,187,122,251,15,0.0,105,0,40,0.0009005585612084564,Cluster_1
3090,stephanie63,0,0.4206302368788194,58,62,2,6,inf,69,0,0,0.0,Cluster_3
3091,nhartman,23,0.48094160808430353,450,20,282,37,0.0,114,0,9,0.0042046603198855476,Cluster_3
3092,diazkristen,6,0.3763118169549976,44,198,11,3,68.56155753503282,31,6,0,0.0008207645232773538,Cluster_3
3093,charlescraig,13,0.363189123716225,301,37,11,24,4.115088419460587,51,0,0,0.0016739756603275859,Cluster_1
3094,qcantu,2,0.05226866756159654,124,14,26,9,32.20757036280085,0,0,33,0.0003050288939006372,Cluster_2
3095,kenneth22,50,0.6855386205626233,967,23,7,97,0.0,0,78,40,0.0018842976942102104,Cluster_3
3096,justinscott,35,0.4362144171200454,676,1,18,59,0.0,0,10,0,0.0025982839456131987,Cluster_2
3097,stephanie94,17,0.19479380264392676,365,23,6,32,0.0,50,17,18,0.0009189519049970046,Cluster_3
3098,yadams,6,0.8160335023020684,201,114,7,22,24.253669158936727,37,0,0,0.0010176470934383543,Cluster_2
3099,bradley74,17,0.8025607481516279,314,61,41,24,0.0,8,0,33,0.002591490006625935,Cluster_3
3100,amysmith,2,0.4863916280888938,0,511,5,8,270.66614852549935,0,10,53,0.0002921857847743475,Cluster_1
3101,smithtravis,26,0.29845066114776053,551,20,6,61,0.0,54,3,24,0.0018095002214081508,Cluster_3
3102,paula25,87,0.6380927257964524,1779,79,2,175,0.0,0,43,36,0.009709342414389614,Cluster_3
3103,teresahowell,36,0.28815213577740306,720,137,9,68,14.86179513941557,0,42,19,0.0052585946254723,Cluster_1
3104,sethjackson,2,0.23600793032371203,12,2246,143,2,1105.3492588170568,0,0,0,0.0002235228346276349,Cluster_2
3105,tmoore,12,0.7305146540263266,289,42,5,21,0.0,24,0,29,0.00016787777609750102,Cluster_2
3106,gonzalezalexander,1,0.0403252397209507,46,5,6,0,36.06262407078711,0,0,22,0.00018324768933729673,Cluster_1
3107,nhaynes,17,0.09476847103459396,301,152,26,27,44.39741095301004,105,51,41,0.0012404485830390635,Cluster_1
3108,clong,14,0.006788174023589777,282,951,11,27,56.4187027267152,0,34,28,0.002331492038902592,Cluster_2
3109,cmeyer,0,0.15294318647542615,0,18,568,0,inf,283,19,18,0.0,Cluster_3
3110,joann61,1,0.06899000871045946,54,150,15,2,138.95451019154712,15,0,0,0.00010819936060863006,Cluster_3
3111,sarah14,4,0.9958023677799186,66,302,33,12,69.76254042202794,0,0,62,0.0002857715821877339,Cluster_2
3112,christinegonzales,4,0.2888099699540896,58,206,82,0,39.384491702028946,0,0,0,0.00029412906440612666,Cluster_2
3113,lortega,1,0.14926801266924727,18,41,80,0,6.513126392070305,49,0,0,5.4599362555667126e-05,Cluster_2
3114,sarawiggins,13,0.24099625799591795,262,9,28,28,2.5934121669818806,0,0,28,0.0008316160496617334,Cluster_2
3115,nathanvang,10,0.9361255715401346,244,28,15,18,8.563307738923333,13,0,0,0.00041457887588686984,Cluster_1
3116,wmoss,5,0.5201602230243957,129,75,418,6,1.5799650937772327,202,0,0,0.0010527322662487882,Cluster_2
3117,qmarshall,2,0.3648180963078569,32,169,17,3,106.25583422874217,21,20,47,0.0002805376433390725,Cluster_3
3118,austin06,35,0.8733914579092193,738,60,10,68,0.0,83,0,16,0.004179969378494291,Cluster_3
3119,ncollins,88,0.39499027054903246,1780,16,7,177,0.0,0,53,50,0.007066680899506589,Cluster_3
3120,sabrinawagner,3,0.3350085699576958,38,89,1,0,40.19672902882879,0,0,0,0.0003678125141424642,Cluster_2
3121,jenniferkennedy,2,0.20728252254973556,33,155,68,0,46.646360200549424,0,18,20,0.00010365557978388125,Cluster_1
3122,josephwoods,15,0.3777968239094115,292,65,0,18,22.46691396738945,0,17,0,0.0012622476367526328,Cluster_1
3123,chungjohn,4,0.316684356016926,105,7,19,11,0.0,29,0,0,5.409119029895595e-05,Cluster_2
3124,julian24,5,0.677303959298141,81,23,14,1,24.385721527881792,0,6,7,0.0008724240793118548,Cluster_2
3125,danielleanderson,22,0.2895827046707271,420,182,578,41,34.03533778931039,309,7,3,0.000960935746585583,Cluster_2
3126,juliadaniels,0,0.5771997464225614,98,2,1,7,inf,0,0,16,0.0,Cluster_2
3127,thompsonkatie,53,0.0658921650319727,1106,0,5,109,0.0,0,55,52,0.008655854353371814,Cluster_2
3128,natalievalencia,8,0.19128915669651436,121,499,16,11,37.35836587031191,23,0,21,0.0003734800005206929,Cluster_2
3129,cheyenne84,3,0.40740527161134876,88,83,14,9,0.0,0,0,0,0.00017225203465831535,Cluster_1
3130,zabbott,6,0.9369492539086954,125,98,8,8,38.39154736735955,10,0,59,0.0005017667792903673,Cluster_1
3131,alexismadden,6,0.3772519857156954,139,4,17,20,0.0,0,11,5,0.0005081955683461945,Cluster_1
3132,watersdenise,0,0.6640741211998341,6,124,3,0,inf,0,0,30,0.0,Cluster_2
3133,kristi62,69,0.25508722242139814,1439,54,34,142,0.0,24,20,0,0.004757132837293044,Cluster_3
3134,nmarquez,7,0.12703357597323173,157,1,0,19,21.755281321940505,0,0,0,0.0011187163009205672,Cluster_1
3135,parkjasmine,14,0.05853660008005013,276,429,19,29,46.21765285004815,95,3,0,0.0004614873823526789,Cluster_3
3136,leahdominguez,30,0.30541349854275135,652,44,8,60,10.23678978084376,43,0,0,0.0018716384691044661,Cluster_1
3137,aguilarjoseph,1,0.15766102679690797,31,16,92,0,28.7577211485281,73,20,13,6.70591577953077e-05,Cluster_1
3138,laurie02,15,0.1740104480161242,306,16,279,25,4.670113776605643,130,6,0,0.0018571166692750965,Cluster_3
3139,ashleyschaefer,4,0.76075930838695,95,0,12,12,6.042261145928501,0,0,32,0.0003168998503977222,Cluster_3
3140,imorrison,26,0.015838070944874216,515,96,161,47,8.112812315328632,40,0,44,0.0037054151358952275,Cluster_3
3141,jalexander,0,0.5578101257354344,0,53,12,1,inf,0,12,0,0.0,Cluster_1
3142,guerreromichael,6,0.3794613805934648,90,23,4,10,18.900811009958964,0,0,0,0.0013322121295902373,Cluster_3
3143,danny71,2,0.5065499999085472,2,330,275,12,172.2256421240079,135,40,0,0.00032430186376500097,Cluster_1
3144,patriciagreene,14,0.5628302372146029,230,2,43,24,0.0,54,21,41,0.0010661915833998837,Cluster_1
3145,hebertalexander,14,0.3133676944572782,210,11,20,16,11.363201996167357,23,53,35,0.0013396387488205988,Cluster_2
3146,riveragary,2,0.2951088601842853,0,7,56,0,8.44494132758609,85,5,3,0.0005212955679440147,Cluster_3
3147,alecadkins,2,0.7334018493349057,31,20,30,1,22.22826937830198,0,33,27,5.996234229129336e-05,Cluster_1
3148,tedwards,6,0.8712769881211572,125,37,18,11,4.082528394366096,21,16,1,0.0011965611591014584,Cluster_3
3149,mjohnson,1,0.19258163245852788,6,71,2,0,87.23480627534316,18,0,0,0.00011987620767960333,Cluster_1
3150,rachelsanders,26,0.09761876053514895,402,17,13,36,0.0,18,18,12,0.0029300982306447133,Cluster_3
3151,lisa56,4,0.8977958063920259,158,6,51,17,15.977593732010895,89,0,0,0.00036901665345745417,Cluster_2
3152,daniel75,0,0.34989546364739865,54,688,16,2,inf,48,62,45,0.0,Cluster_3
3153,aguilarmackenzie,4,0.5513173906628142,102,2542,77,15,627.754918918021,0,0,0,0.000709039158483658,Cluster_1
3154,jackgilbert,1,0.35954314452000347,115,42,35,3,54.04105046420249,11,1,5,0.0001458990765290576,Cluster_2
3155,fcollins,0,0.1258023363460513,0,8,5,3,inf,1,11,0,0.0,Cluster_2
3156,jose70,1,0.589331644947728,114,471,2,15,515.1156538949632,108,0,3,6.749732923051238e-05,Cluster_1
3157,toddjames,8,0.5251408517696297,111,2,15,15,11.578899735580535,0,43,48,0.000857920200074589,Cluster_1
3158,hendersonamanda,54,0.20299355919119721,1091,18,9,101,0.8318030564173486,0,0,0,0.009364192044451236,Cluster_3
3159,sextonwanda,11,0.45186904465227784,156,9,33,17,17.2161973533588,38,0,29,0.0005237400792719028,Cluster_3
3160,scott84,2,0.7969475040156458,40,4,6,0,0.0,27,0,0,0.00011700809361512684,Cluster_3
3161,rmorales,14,0.5904261031078913,299,20,7,22,19.888867813231776,0,0,38,0.002478132355302014,Cluster_3
3162,freemanbrent,3,0.09691732706699485,52,6,97,3,19.90470433327065,37,48,59,0.00012685564670775545,Cluster_3
3163,brycesanchez,2,0.5480214972291351,75,33,25,2,41.570681155591004,59,0,0,0.00024416337948791287,Cluster_2
3164,steve29,1,0.7027382992895869,24,34,6,7,25.183809373028453,0,0,0,4.674541433229529e-05,Cluster_1
3165,kwood,0,0.7927034057807514,0,10,20,2,inf,0,5,0,0.0,Cluster_1
3166,williamvalenzuela,4,0.6291175786342668,51,16,158,0,0.0,52,18,33,0.00011319197659135347,Cluster_2
3167,wyoung,9,0.15265816454078374,220,21,31,18,0.0,70,0,0,0.0018530029567547766,Cluster_1
3168,leahjames,6,0.7101732665901607,87,142,48,6,57.01089868370177,38,0,0,0.00014858756085967613,Cluster_3
3169,vbell,3,0.6773418460815164,105,25,6,10,52.233573915888314,0,0,0,0.00016814550362754716,Cluster_3
3170,donald82,1,0.02442688294063322,81,146,93,13,152.89324609287965,0,0,45,4.408556175551224e-05,Cluster_1
3171,david35,18,0.41174766759024317,276,95,650,31,5.465589938149764,418,0,0,0.0017694139675570313,Cluster_1
3172,shannongibbs,1,0.3329502469623733,76,92,6,7,85.00184339051577,57,0,0,0.00026245630917462746,Cluster_3
3173,lisaromero,23,0.6694120642536434,563,402,3,54,33.972067873782564,43,16,14,0.0027212307235577244,Cluster_3
3174,uharris,1,0.21613581231092072,32,4,26,0,47.77162783983035,13,27,6,0.00010507219470548786,Cluster_1
3175,robertfernandez,2,0.5908719229742585,69,14,74,13,42.71701782376543,112,14,0,0.0002583939722394844,Cluster_2
3176,gsimmons,0,0.9132059618141724,51,791,17,2,inf,0,0,0,0.0,Cluster_3
3177,diana25,3,0.7978023722086077,46,20,4,12,29.132717288943798,39,19,25,0.0001662736176351369,Cluster_3
3178,salasaaron,31,0.9214577362165304,629,0,17,63,16.646197725082292,0,38,14,0.0017546365642171558,Cluster_1
3179,markkelly,16,0.97850596693269,254,22,49,35,0.429187085829304,12,49,70,0.0017215172035765292,Cluster_3
3180,bjohnson,32,0.010670127006162766,646,42,10,67,0.0,41,0,0,0.0016893634005150121,Cluster_2
3181,gcasey,16,0.6227412763774776,344,0,49,27,0.0,17,6,22,0.0033442474519049855,Cluster_2
3182,wardmatthew,1,0.41283939775890643,45,365,115,1,373.44679204262707,35,17,0,4.813390087441298e-05,Cluster_1
3183,singletonholly,4,0.8598544903351217,133,9,28,12,0.0,0,0,0,9.232955070737574e-05,Cluster_1
3184,murphychristian,2,0.2518147020091317,1,59,19,0,26.440985412675822,0,17,0,5.993379259350126e-05,Cluster_2
3185,austinjames,54,0.9810294891150761,1053,22,69,103,0.0,72,26,0,0.0030042531364014593,Cluster_2
3186,anne90,1,0.6137079695437473,114,3,5,4,23.27682322136283,0,0,7,7.414667246070528e-05,Cluster_1
3187,jonathan04,28,0.793537402228831,552,4,4,55,0.0,94,0,0,0.0020899318977469577,Cluster_3
3188,cynthiagonzalez,28,0.08559955282276832,570,6,13,58,6.7786923539054635,0,51,0,0.0010140480254583577,Cluster_2
3189,shannononeal,114,0.18345788475886504,2276,233,9,222,0.0,69,27,66,0.011534062813116808,Cluster_2
3190,jeffery08,3,0.7584036730342032,18,25,6,11,40.28731985255165,0,0,4,0.0003172260464957264,Cluster_1
3191,ualvarado,21,0.02198652203932361,501,12,312,50,0.0,192,20,12,0.00047833642881652357,Cluster_3
3192,julia95,226,0.8168779858937828,4493,6,522,445,9.543356209445706,310,112,99,0.0069355910242129195,Cluster_3
3193,wdavis,2,0.013949018691911452,0,285,11,0,116.95484663120135,70,0,24,0.0004115581723749057,Cluster_3
3194,davidwagner,0,0.6571188390612733,0,461,23,0,inf,0,0,0,0.0,Cluster_1
3195,elainelewis,0,0.36509392023180587,0,279,15,0,inf,0,0,0,0.0,Cluster_2
3196,tracykoch,21,0.6114948527191991,387,80,105,42,8.916664435860561,81,0,14,0.0030799881109392357,Cluster_1
3197,isabel78,0,0.6960314069891137,0,55,142,0,inf,78,75,20,0.0,Cluster_2
3198,sarah35,4,0.3424752191863042,110,3,1,5,3.7849828195100086,15,0,30,0.0003818138253662659,Cluster_3
3199,elijahsmith,14,0.10796244811083555,246,21,41,32,0.0,2,0,0,0.00040158581177342695,Cluster_3
3200,sandraberry,9,0.06964586774826564,224,9,2,24,0.0,78,65,27,0.0010879469292261312,Cluster_2
3201,eric10,13,0.5889360225625478,329,1,280,31,0.7096034005013754,270,33,0,0.0038083660063743282,Cluster_3
3202,rebeccabrown,10,0.5206553537341115,239,222,38,24,26.107207935177655,24,26,0,0.0012508299787544652,Cluster_1
3203,simmonsedward,50,0.7422010091211325,989,9,5,101,0.0,25,0,0,0.0058413991955199,Cluster_2
3204,kaitlynhudson,1,0.5097355100039371,27,285,13,0,299.5918084196891,9,36,16,2.377222900755229e-05,Cluster_1
3205,taylor96,2,0.4224457900308791,0,161,13,0,82.36773940301885,70,25,3,0.00011996924263875231,Cluster_3
3206,pallen,2,0.39808717823623085,33,90,44,1,49.026519352432274,63,5,54,3.431719204193211e-05,Cluster_3
3207,rebecca02,25,0.026446902597667465,456,99,95,48,0.0,0,0,15,0.003791111037693857,Cluster_1
3208,steven14,28,0.33555720169665715,594,10,3,55,0.0,0,13,8,0.002399948019787034,Cluster_3
3209,michaelolsen,14,0.9760201575244942,408,938,316,37,70.08057861464941,107,58,0,0.002258860817082529,Cluster_2
3210,amandamartinez,43,0.8735555762270888,884,35,223,96,24.962874367630853,246,28,37,0.004340011900320491,Cluster_2
3211,zpage,1,0.3293780670342177,0,57,5,6,65.87722461460827,34,0,74,7.58872565467278e-05,Cluster_1
3212,amysalazar,90,0.5877954050663722,1781,10,22,161,0.0,0,38,18,0.013791491469579661,Cluster_1
3213,matthewdickerson,72,0.847296745535494,1446,6,261,150,16.37813384970541,96,31,0,0.01324959113995851,Cluster_3
3214,parellano,22,0.44127433675006866,444,78,127,44,0.0,103,0,4,0.0013801635075660216,Cluster_1
3215,jenniferolson,106,0.01795786375015096,2083,48,12,204,14.745909798284991,51,51,0,0.01617381552771929,Cluster_3
3216,paulbaker,0,0.07451046181864007,12,7,68,0,inf,73,43,37,0.0,Cluster_2
3217,whitney99,3,0.5103927213487066,0,2,1800,0,7.732795463214061,878,41,62,0.0001810669153922469,Cluster_2
3218,zmata,2,0.9694393756758783,0,3,23,0,0.0,26,0,0,0.000295323202884163,Cluster_2
3219,john25,21,0.6932095422188678,452,285,7,39,3.710378642021883,9,48,12,0.0009600844115161463,Cluster_2
3220,nicole66,1,0.07091619143856953,0,10,26,0,0.0,0,23,11,4.79885134813275e-05,Cluster_1
3221,leestephanie,23,0.18936087579186278,486,17,29,43,10.980626818005806,0,30,5,0.0004552618395491376,Cluster_2
3222,brownchad,57,0.77132314321685,1071,450,9,108,15.298129538512004,25,41,0,0.003215417381686131,Cluster_3
3223,taylorlaura,20,0.8414397599562448,488,4,38,49,8.728854325218851,28,0,0,0.0022982445645127543,Cluster_3
3224,aschmidt,11,0.6176945861885909,181,8,3,20,6.2338839499089485,29,0,0,0.0015417105187726964,Cluster_2
3225,julie40,1,0.6444231696298166,8,8,7,0,0.0,43,25,49,8.038430121482514e-05,Cluster_1
3226,webbjessica,2,0.028337450383384644,56,609,62,0,323.8179852898716,105,0,28,0.00022948603221391311,Cluster_2
3227,kimberlykelly,48,0.8285302595815085,931,1197,1,95,44.793086001845396,0,0,34,0.003580870298630007,Cluster_2
3228,james26,23,0.7882752081708296,467,128,77,41,0.0,70,20,32,0.004153622993254545,Cluster_3
3229,donaldreyes,6,0.25903514410334716,148,135,0,18,33.14247982699916,37,0,5,0.0014581576542733409,Cluster_2
3230,kristietaylor,3,0.708676719965507,108,11,1,4,21.166490374026207,0,26,0,0.00020321200947287827,Cluster_2
3231,warrenchristina,0,0.2148546064249981,39,1102,9,0,inf,10,0,33,0.0,Cluster_2
3232,kelsey65,1,0.04033016105151299,11,53,30,0,47.07928621511296,0,7,12,0.0001752596523134622,Cluster_1
3233,rstone,129,0.20113654259037728,2572,153,146,260,11.868314675863626,178,74,13,0.01968659435181355,Cluster_1
3234,nathanbradford,1,0.1786288767542995,137,27,21,14,0.0,15,0,0,6.516555731244302e-05,Cluster_1
3235,tiffanyjohnson,9,0.33774799673484723,227,20,13,22,0.0,29,0,0,0.0015251621281173419,Cluster_3
3236,nroberts,33,0.4184494971754581,613,660,47,70,0.20449984260876874,10,0,0,0.0013270805840403025,Cluster_2
3237,preston01,1,0.5085388914977079,24,87,5,0,51.07367270349009,0,0,9,8.233345985416748e-05,Cluster_3
3238,probinson,9,0.47675387550832815,163,451,24,11,71.80990659486072,0,0,0,0.0017157042377239718,Cluster_1
3239,priceharold,30,0.27067460596528936,593,52,3,53,0.0,56,8,0,0.0013577261595370956,Cluster_3
3240,cathy81,7,0.029170668574074465,78,7,22,0,7.862213268627322,49,25,15,0.000411103364082485,Cluster_3
3241,qwood,545,0.6051016222371507,10879,11,16,1084,16.25385138134293,0,238,138,0.07380319382145702,Cluster_1
3242,lisa92,0,0.3957448298473544,90,39,6,12,inf,0,0,0,0.0,Cluster_1
3243,williamscheryl,36,0.2986721573875497,748,10,25,71,0.0,21,33,57,0.005166983974178766,Cluster_3
3244,gpaul,5,0.8669410428305123,0,4,25,0,5.456849014732783,0,0,0,4.800556320167061e-05,Cluster_3
3245,osbornesamantha,23,0.7467433077981598,520,287,117,43,12.514920881454847,47,67,3,0.0017876933038328618,Cluster_3
3246,robertjohnson,14,0.8577655483724422,334,12,1,29,20.927240105471167,0,38,34,0.0012677517792790834,Cluster_3
3247,dunnadam,2,0.494982794712461,22,42,17,0,0.0,19,0,0,0.0002808589107759454,Cluster_2
3248,masonjoshua,10,0.13093125212677748,235,56,6,26,0.0,14,0,0,7.605109355811721e-05,Cluster_2
3249,lopezbenjamin,0,0.6962214361212724,0,11,74,0,inf,91,0,0,0.0,Cluster_3
3250,jamescook,18,0.20607377993717524,336,450,62,31,26.0089488554892,23,0,8,0.005090537164727933,Cluster_3
3251,dawnreynolds,11,0.4412296690917168,294,4,43,34,15.404319547573706,4,34,26,0.0019614413074280283,Cluster_2
3252,grant22,19,0.0650007889488885,366,53,6,34,8.029873209003771,0,21,15,0.0010372777175164704,Cluster_3
3253,thomasandrea,36,0.8253084024229824,626,51,75,52,0.0,92,21,0,0.003915505292150794,Cluster_1
3254,walkermichelle,12,0.12594064104750058,236,30,2,29,0.0,45,0,0,0.0006713318679065069,Cluster_2
3255,philip93,9,0.9030975070493097,176,3,1,21,46.834433650845064,1,52,27,0.00187607573627585,Cluster_2
3256,karenserrano,1,0.8642306022615571,79,158,2,12,188.69892548063024,0,23,37,8.538425684628498e-05,Cluster_1
3257,petersoneddie,2,0.46458276443924607,40,126,19,0,72.91010196190445,0,19,50,8.408538254179776e-05,Cluster_3
3258,huntanthony,43,0.7443682043039906,838,9,55,91,1.778580194549689,0,57,61,0.0035177906370470347,Cluster_2
3259,abaker,63,0.6194450738181533,1312,118,0,127,12.63566686008456,48,0,12,0.008649627863350563,Cluster_1
3260,zwilson,5,0.8030756423377449,106,65,146,8,29.53669435745816,87,41,49,0.0007425396564204531,Cluster_3
3261,markrhodes,7,0.43180510078591205,102,3,24,6,8.805105142661613,0,0,0,0.0005704923563540417,Cluster_1
3262,joshuabaker,1,0.78580848424435,77,7,1,12,0.0,20,10,0,0.0001505138586897266,Cluster_2
3263,franciscovasquez,42,0.46245681706514796,849,256,23,84,41.7854534497283,0,16,22,0.0029316545031129724,Cluster_3
3264,katherinenelson,20,0.9409657878427938,400,57,103,42,7.774164555080382,25,0,0,0.004843356687689325,Cluster_3
3265,scott98,135,0.4863721008251476,2708,11,49,271,40.360082089277775,73,96,66,0.017095668312361565,Cluster_3
3266,shelia27,1,0.46261927193372954,0,7,104,0,10.742949737546677,90,0,24,9.389813997078036e-05,Cluster_2
3267,owensnancy,4,0.7850718615635127,53,13,2,0,0.0,55,0,20,0.00012824504863312268,Cluster_3
3268,danielle88,10,0.821577691760838,200,14,10,29,29.082802480929274,3,0,0,0.0018398162320790116,Cluster_3
3269,edwardhughes,19,0.5544891143211708,370,7,5,29,6.392160214186921,46,0,0,0.005498376148954025,Cluster_3
3270,ellisdaniel,5,0.1797978134950754,163,1,264,18,2.8684526901857907,102,0,0,0.0001474104809617172,Cluster_1
3271,tonibrooks,1,0.4677582309575795,30,257,52,4,232.9927158871481,13,7,0,5.033297170138632e-05,Cluster_1
3272,robert17,27,0.9680725029096784,582,190,1437,63,20.2413931397536,702,3,0,0.002452138398781628,Cluster_1
3273,brandonduncan,21,0.7529861930391851,420,3,9,48,0.0,5,2,4,0.0016748757212378337,Cluster_1
3274,lisa51,1,0.8111626038791322,72,42,6,6,33.044175818520515,0,0,0,9.92633773324517e-05,Cluster_3
3275,christinefox,56,0.03282549881924013,1139,6,16,116,0.0,0,29,27,0.00680093802398869,Cluster_3
3276,paulaanderson,42,0.4678594626341599,840,20,158,92,9.256867170096529,151,11,40,0.009986872255301414,Cluster_1
3277,anne34,9,0.6466211336575554,179,17,11,17,0.0,0,0,13,0.00026574405396181537,Cluster_3
3278,carraaron,8,0.8300326836280747,112,15,24,5,0.0,0,0,1,0.0016544954218203987,Cluster_2
3279,eric63,16,0.04927365358277147,345,1218,23,32,95.73057982218756,0,0,38,0.0008925671854286778,Cluster_1
3280,kjensen,2,0.8524388856418731,37,14,21,0,0.0,143,27,24,0.0003763120857334518,Cluster_2
3281,lisa20,7,0.5484009367419117,114,7,7,13,4.457579218691702,26,0,0,0.0005685395583396313,Cluster_3
3282,zarmstrong,0,0.19731397057605993,55,8,16,10,inf,0,75,48,0.0,Cluster_1
3283,fgreen,27,0.3172552164497,477,216,15,47,0.0,10,42,74,0.0019451091412284228,Cluster_3
3284,qburke,0,0.28192955175156076,0,1,19,0,inf,20,0,0,0.0,Cluster_1
3285,eugene87,70,0.5308590342884758,1451,8,82,150,0.0,8,52,0,0.0075928888968614825,Cluster_1
3286,stephaniebenton,4,0.05168567991113182,95,447,281,0,127.06260676343233,114,0,15,0.00040491962398030704,Cluster_1
3287,nathan91,5,0.15853615849992353,97,51,5,1,0.6414346244557478,0,31,12,0.0006777365910040316,Cluster_3
3288,shenderson,2,0.8126930433757824,52,46,11,4,12.446720297086653,0,0,0,0.0002706227408026087,Cluster_2
3289,amythomas,4,0.13260399074681106,88,1537,5,10,362.01875315023466,0,4,0,0.000610824552009481,Cluster_3
3290,alvinhuang,62,0.23339626945812697,1164,51,26,118,15.900573390634005,30,9,0,0.013294049945623363,Cluster_2
3291,pjenkins,0,0.4533706056041573,0,9,8,0,inf,0,0,0,0.0,Cluster_3
3292,oterry,50,0.5171208881133305,1080,19,28,116,0.0,144,19,51,0.0021733125119233177,Cluster_1
3293,david15,12,0.7636104796141586,207,4,105,21,2.5300719174148267,90,8,4,0.001839180962062342,Cluster_3
3294,mark47,1,0.4473324266661878,4,317,0,5,313.594257485164,0,0,0,0.00014832031088220555,Cluster_2
3295,jensenkelly,1,0.7898646210355388,0,93,42,3,52.98624240492951,0,0,29,0.00018052269580558385,Cluster_3
3296,wagnerchristopher,91,0.6183463070454575,1815,250,10,175,0.0,0,0,30,0.009724421243464466,Cluster_2
3297,andradeeric,1,0.11309973942382245,0,293,40,0,310.9088178189665,54,70,72,7.748082819411505e-05,Cluster_1
3298,peterboyd,1,0.15633143839283858,44,15,5,15,0.0,27,7,0,0.00013809430432710644,Cluster_1
3299,anthonywilson,40,0.4370337254497708,809,6,120,78,0.0,54,33,13,0.0019387400503665239,Cluster_3
3300,xsosa,12,0.3968893930890396,278,30,79,24,0.0,9,0,3,0.00048499541847223457,Cluster_1
3301,desiree40,1,0.7435442696372946,0,6,47,0,0.0,0,0,35,0.0001014716181999835,Cluster_1
3302,ronnie48,10,0.5807371397973519,182,44,66,15,3.8422903571678395,12,9,0,0.002149395942617404,Cluster_2
3303,qlyons,1,0.3881330810022493,8,254,6,0,232.13846496642518,0,9,0,0.0001554989741793508,Cluster_2
3304,elizabethgoodwin,38,0.17076028345038563,782,24,7,75,0.0,0,58,52,0.006329263739089238,Cluster_3
3305,dmanning,36,0.22683710232549514,680,43,62,75,0.23455381245776097,97,80,78,0.0012037045070339457,Cluster_2
3306,chayes,16,0.575501018469059,365,27,6,35,14.66630832415942,0,52,29,0.0021250893545082176,Cluster_1
3307,bfletcher,12,0.42343880489979246,299,140,175,23,36.56245438865859,118,0,16,0.00104082821254888,Cluster_3
3308,debbiemora,103,0.5149275088606721,2010,9,12,193,0.0,44,37,25,0.008593088831453669,Cluster_3
3309,tdavis,7,0.17067743530223367,115,0,42,22,37.761204824916504,0,13,1,0.00040370635082693254,Cluster_2
3310,khill,1,0.6629062523445658,0,77,468,0,73.32190838910952,191,0,0,0.00015233811646529194,Cluster_2
3311,cchaney,14,0.852538740855967,411,195,6,43,30.506074393702043,56,5,0,0.002822093093558128,Cluster_1
3312,qbrown,168,0.2579395067869006,3338,73,22,329,39.064678504059394,0,19,0,0.029216359766300933,Cluster_2
3313,gedwards,1,0.4915142258318266,103,10,97,11,12.786168184718704,45,27,0,3.0143801360437988e-05,Cluster_1
3314,james08,4,0.9755273290209018,16,4,83,8,0.0,143,0,7,0.00046482477080572103,Cluster_1
3315,thanson,13,0.33324174055072764,210,80,12,17,7.971923297998776,54,0,30,0.0023665505223527316,Cluster_3
3316,kathleenthompson,6,0.5950463449237612,85,42,9,10,0.0,8,0,5,2.454830112065403e-05,Cluster_1
3317,robin13,1,0.09019570020024437,0,26,14,0,20.51135946055096,49,0,0,1.7752127962684545e-05,Cluster_3
3318,masondebra,39,0.6060150024794432,766,880,176,86,62.26364021400687,85,0,21,0.00040626821022715675,Cluster_2
3319,christina17,239,0.08963177330461791,4744,6,13,475,0.0,57,87,59,0.009430043962323498,Cluster_3
3320,dwebb,9,0.959235435323822,139,808,22,11,95.78711422389495,0,38,35,0.0006852575130724735,Cluster_1
3321,hday,1,0.7156626520723114,77,35,10,6,17.44557439356551,0,0,0,3.517497875091777e-05,Cluster_2
3322,robertsmith,0,0.7881597881357064,61,1,57,3,inf,0,13,36,0.0,Cluster_2
3323,hayessandra,10,0.7041043607716369,247,23,25,22,17.196846704089676,20,0,28,0.0007240893751808273,Cluster_2
3324,mleon,38,0.5897290360764658,786,186,4,66,11.258015711565719,0,17,5,0.004301912129999975,Cluster_3
3325,hdouglas,15,0.44991278108550536,304,17,4,29,0.0,70,3,19,0.0016758248492340661,Cluster_2
3326,davidpatrick,7,0.8583733797610624,115,2,1,10,0.0,36,0,27,0.0004861490016932754,Cluster_1
3327,djohnson,3,0.956835667543063,12,24,5,3,14.321563843072285,0,0,0,0.00021680177797360058,Cluster_1
3328,donaldwise,1,0.4990361729040813,38,7,66,1,41.15373434306741,12,0,0,0.00021849662037081076,Cluster_2
3329,kristinebanks,25,0.931535049155262,441,80,146,40,0.0,92,25,16,0.001643747617350099,Cluster_1
3330,steven17,29,0.5833329099885175,530,133,56,52,42.819484605707174,0,2,0,0.004185246314821122,Cluster_1
3331,wernerann,0,0.5383841868964332,57,4,46,0,inf,21,0,11,0.0,Cluster_3
3332,benjamingreen,80,0.4544827329553567,1695,9,16,170,27.499567351555346,73,65,64,0.012814817586491731,Cluster_1
3333,stoutrebecca,17,0.20928776153011985,359,129,64,26,13.756882912709674,0,21,9,0.0013774346127514857,Cluster_3
3334,udavis,60,0.0037196608180591895,1255,7,30,131,23.539262176864554,0,20,20,0.005538938081969032,Cluster_2
3335,christopherdavis,0,0.24150622685606127,0,4,300,3,inf,134,0,34,0.0,Cluster_1
3336,erica20,0,0.5097231716035652,0,3,17,0,inf,166,39,13,0.0,Cluster_3
3337,justinhaynes,5,0.37995995225975254,130,62,150,16,27.716276278407847,105,0,9,0.0003940515653369702,Cluster_2
3338,ngordon,15,0.4484852280026338,328,57,74,33,9.716901104476324,93,26,1,0.0015279974358045983,Cluster_1
3339,daniellewiggins,109,0.9806482195640496,2183,9,60,213,0.0,68,6,0,0.010245405532502439,Cluster_2
3340,christine59,21,0.3502723706693276,407,33,0,30,0.0,41,38,31,0.0025886412720236484,Cluster_2
3341,kevin79,5,0.4521829393601079,148,517,80,16,94.69051903923659,63,32,25,0.0005274863321207433,Cluster_1
3342,joshuaschwartz,1,0.13351555135281956,0,5,16,0,0.0,26,0,13,6.639338547264159e-05,Cluster_3
3343,vnicholson,46,0.04795773243698764,881,0,10,93,9.870686226230047,0,36,23,0.0068330197581184604,Cluster_1
3344,djackson,1,0.7754095145924946,0,75,2,0,71.17662942865529,18,11,18,0.00012310901631347825,Cluster_1
3345,melanie51,85,0.5706831750719786,1704,27,19,166,0.0,4,63,79,0.0056755152915812365,Cluster_3
3346,vramirez,4,0.760704806043895,25,9,21,11,55.108209652486075,37,12,33,0.0007655352632544777,Cluster_2
3347,mark06,80,0.14986279888655163,1565,107,2,159,22.100989533884693,0,11,15,0.012329032357029923,Cluster_2
3348,rpowers,20,0.5718287711826909,364,149,2,18,28.567442827121184,39,3,14,0.001846492831979132,Cluster_3
3349,richardcarrillo,6,0.25364247434137555,106,0,41,8,44.044302893643454,67,52,23,0.00027717262038918936,Cluster_3
3350,robertwilliams,3,0.22806181690001992,0,10,74,0,19.377168986995517,0,0,0,0.000685595908474333,Cluster_2
3351,aguilarpaul,4,0.011526014052985256,84,2146,26,4,521.0809198105427,0,11,18,0.0006634529059432996,Cluster_3
3352,joanne33,14,0.1303407235690719,342,94,112,33,0.0,0,41,26,0.0013251392503518312,Cluster_2
3353,dunlappaul,8,0.30926811149969535,166,111,17,18,33.1730551750847,20,0,19,0.00045199030935257203,Cluster_1
3354,scott90,3,0.11687876059093905,137,273,18,15,49.81291440449647,0,0,31,0.0004906150858500041,Cluster_3
3355,frazierbarbara,5,0.9858584404109375,166,34,5,21,5.2444073798086865,70,0,0,0.00030111339008797905,Cluster_3
3356,larry98,8,0.30863264852395067,198,138,1,22,0.0,10,15,0,0.0008067801896266808,Cluster_2
3357,williamsmichael,0,0.13032394670232816,3,120,324,3,inf,137,0,50,0.0,Cluster_1
3358,keithnathan,14,0.19908231282795774,281,87,109,29,23.295690728524782,101,2,0,0.0016555414905140094,Cluster_3
3359,jjohnson,1,0.5877032283414765,58,18,2,12,23.588310692072646,0,41,29,0.00013922165527204322,Cluster_1
3360,natalie82,1,0.06404352386478851,0,45,25,0,63.76218717941195,0,0,18,5.3454463082063506e-05,Cluster_3
3361,rosecassandra,0,0.8624341301411569,0,11,17,0,inf,28,0,35,0.0,Cluster_2
3362,usmith,0,0.9614996792371473,24,33,13,0,inf,87,3,46,0.0,Cluster_1
3363,laurenlee,0,0.24674742066738087,0,4,10,5,inf,47,0,0,0.0,Cluster_2
3364,stanleyfox,2,0.45009526859085935,0,7,35,0,7.753399123403092,45,14,38,0.00030074865133224214,Cluster_2
3365,marshmargaret,138,0.02213445102949707,2760,19,68,290,19.120982413227473,171,117,75,0.023121831818459226,Cluster_1
3366,john29,3,0.6407102247272215,55,6,36,3,0.0,0,13,76,0.0003132463590248481,Cluster_3
3367,thomasdonald,9,0.41392605805258886,109,13,16,11,33.83072403705808,0,65,66,0.0012929337321925677,Cluster_1
3368,stephanievasquez,13,0.2700584661015557,268,24,15,29,22.680357817006435,14,20,7,0.0011816225123715814,Cluster_2
3369,kelliebrown,8,0.20683711061660848,208,68,81,15,37.929026051359955,116,0,0,0.00029399420769910076,Cluster_1
3370,breannaruiz,6,0.6540230776587604,63,182,40,8,31.423421768812428,0,71,0,0.0005168548199440876,Cluster_3
3371,deanjohnson,1,0.41621703103231444,83,14,22,8,0.0,98,0,16,0.00014733234975694803,Cluster_2
3372,awallace,65,0.17965928902991202,1221,366,19,120,14.838718023277352,0,0,25,0.0007997507823653474,Cluster_2
3373,valeriemyers,111,0.689109081486824,2325,179,33,238,0.0,10,125,93,0.0018257310649021767,Cluster_1
3374,irwinelizabeth,0,0.5650722830366937,0,82,9,0,inf,13,0,0,0.0,Cluster_3
3375,georgeamy,1,0.8586720549294962,27,43,68,4,46.82160873264501,0,0,0,5.73608407374114e-05,Cluster_2
3376,joshua78,4,0.1174758988764929,0,58,3,7,62.04448585021535,0,0,12,0.0005943514991753351,Cluster_2
3377,xmills,1,0.7856666019444561,16,280,10,0,286.3709722388388,44,5,47,0.00013752770258331528,Cluster_2
3378,aaronlucas,15,0.673516786817259,311,299,50,29,22.72408271499412,97,35,19,0.002315016930433615,Cluster_2
3379,matthewsmary,2,0.11501093682809782,35,366,3,15,181.73935151929413,0,0,27,0.0001078439181085933,Cluster_1
3380,kristin16,190,0.6948207298717207,3771,35,1,379,0.0,9,122,47,0.012320905816226297,Cluster_3
3381,walshtina,44,0.4415472888798304,832,89,22,80,3.7392440729874266,5,5,8,0.011417428578456993,Cluster_2
3382,jerrygreen,10,0.9449847855558431,256,371,1,29,39.15765352273545,5,0,0,0.0008663101847784854,Cluster_1
3383,nicoleross,34,0.1416113506178993,681,10,2,65,0.0,0,68,70,0.006457101731104257,Cluster_2
3384,sanderschristopher,38,0.642833390815738,837,18,62,75,0.0,0,25,1,0.0043792653658541025,Cluster_2
3385,benjaminmoon,3,0.38198004546294595,33,34,14,10,1.7019196779786672,84,14,50,0.00030989023931586314,Cluster_1
3386,tiffanyperez,2,0.9568146705908778,18,167,138,0,84.79865957145387,126,0,0,0.00017119974462091316,Cluster_2
3387,eric18,8,0.32997489529027646,200,171,3,32,12.223916372370837,0,26,0,0.0007113195061722938,Cluster_1
3388,mckenzienguyen,26,0.9621859094918002,438,21,17,41,0.0,0,61,10,0.005700728163123629,Cluster_3
3389,salazarjulie,9,0.9014858511007491,119,2,36,22,6.007667262308332,0,0,0,0.0007423188577920938,Cluster_1
3390,cody34,0,0.27038323531065633,54,51,3,0,inf,0,32,28,0.0,Cluster_3
3391,goodmanbobby,2,0.8035417768264277,0,6,94,5,5.4259541844447,64,47,12,0.0001606791786587017,Cluster_1
3392,hgates,6,0.995604201803506,29,2,43,5,0.0,60,18,0,0.0004621184644608406,Cluster_1
3393,carolyn33,6,0.25266300217128235,213,3,1,25,12.396820424645165,7,0,22,0.0006560427657001997,Cluster_1
3394,bgonzalez,142,0.43677716932331967,2770,59,18,281,0.0,4,36,0,0.016184035903013635,Cluster_1
3395,christinechapman,0,0.5201807365667597,9,383,35,0,inf,24,70,31,0.0,Cluster_1
3396,christinecampbell,15,0.2949311358038643,303,35,8,23,23.058220433361303,0,0,0,0.00251529035001105,Cluster_1
3397,cynthiafowler,68,0.01526483964602976,1219,48,2,121,7.776042738270975,0,79,25,0.0034924770196628025,Cluster_2
3398,ebony05,223,0.22012924419752666,4446,278,30,445,0.0,6,123,79,0.007719435613070222,Cluster_1
3399,brendaroberts,4,0.28193688434175845,102,2,553,7,0.0,311,63,32,0.0005703245835825248,Cluster_3
3400,devinacosta,15,0.44359970131818716,317,84,11,33,0.0,74,0,0,0.0010002312303543678,Cluster_1
3401,william74,17,0.17110247841340187,385,32,211,40,42.25366718883501,94,0,29,0.0010165691046081897,Cluster_1
3402,joshuacollins,9,0.8732543566916726,160,91,6,11,0.0,0,4,2,0.00018523794880710378,Cluster_2
3403,sullivanmarisa,6,0.7049111327313361,155,13,27,17,0.0,15,0,45,0.000484138862912774,Cluster_1
3404,jonathan06,14,0.08520047755966198,245,7,63,23,0.17328475292760448,132,87,70,0.0013543688039271064,Cluster_3
3405,coxjason,0,0.6500924511399314,0,42,19,0,inf,0,18,0,0.0,Cluster_1
3406,weaverkatherine,20,0.6536564764056204,335,644,12,37,2.2565812834717214,50,33,68,0.0012445316733614847,Cluster_1
3407,briandennis,8,0.9562211736436277,86,155,59,4,22.858525128092005,96,27,23,0.0011855513152519896,Cluster_3
3408,samanthashelton,5,0.0030208713561612477,150,13,342,12,0.0,152,0,46,0.0002372066595636271,Cluster_3
3409,emily27,159,0.2479324498058072,3104,2,31,310,1.9611545402624282,0,75,38,0.004506644977448038,Cluster_3
3410,nicholas64,2,0.9277914793753155,53,1,9,12,0.0,33,4,9,0.00020498753316997245,Cluster_3
3411,nancymorales,4,0.932133915398283,66,353,15,7,70.9326146616438,25,60,46,0.00012167685504100559,Cluster_1
3412,erikhansen,146,0.7205864193706374,2914,5,879,294,16.73058974869421,474,38,18,0.02307349863441246,Cluster_1
3413,pjones,2,0.76576332104754,108,18,24,9,4.287875132722356,115,0,31,0.0003757880886307167,Cluster_2
3414,bobbysmith,3,0.09148295792964711,38,357,8,3,128.47421609815143,12,0,48,0.0003929677783853679,Cluster_3
3415,melanieluna,5,0.5138758347782336,130,1,3,12,10.336538227556346,0,0,0,0.0007258986870441745,Cluster_1
3416,bradleyleonard,26,0.2315829912889994,521,485,1,53,44.052915932948196,3,0,20,0.0027204261470887797,Cluster_1
3417,debra03,10,0.18121804361361726,192,20,34,17,0.0,29,0,0,0.0009243344163308093,Cluster_1
3418,stephanie97,1,0.8103032991233325,134,4,53,20,22.380313250395133,89,0,0,5.678836111101059e-05,Cluster_3
3419,kevinbaldwin,3,0.13503813668054743,0,21,11,0,7.32923244876094,0,34,33,0.00047708407553648344,Cluster_1
3420,jeremypitts,2,0.46865163699638523,104,9,19,1,0.0,0,0,12,0.00026310514182803106,Cluster_2
3421,flemingnicholas,6,0.938578239586033,152,73,3,28,0.0,0,28,33,0.0014259739446681513,Cluster_1
3422,barry97,13,0.18583205556534255,236,10,24,21,12.901048000088004,39,0,9,0.0021869100657184453,Cluster_1
3423,vhaney,13,0.9779934237382346,341,1,41,40,0.0,187,3,23,0.00032371117086619355,Cluster_1
3424,jennifergarza,0,0.994287985761059,0,22,9,7,inf,0,48,13,0.0,Cluster_1
3425,gbuchanan,36,0.5556171546824029,693,2,253,74,38.6121710148982,149,64,44,0.0057955091672571716,Cluster_3
3426,robertsalejandra,10,0.17014274017715791,139,47,5,12,24.299540807186567,0,33,37,0.00021485295041774334,Cluster_1
3427,josephwatts,58,0.31610488794089564,1180,3,30,119,27.880410640944014,0,35,54,0.004422598054791222,Cluster_3
3428,vvalencia,14,0.42449283267653515,224,13,71,16,0.0,57,22,14,0.0012806644594057731,Cluster_1
3429,uhill,38,0.30932422435822293,781,46,17,88,16.465187238429372,9,30,12,0.0026671002895826885,Cluster_3
3430,rodriguezisaac,14,0.2806355798765158,270,22,15,22,0.0,0,1,0,0.0031010755391095934,Cluster_1
3431,connercharles,55,0.9722297092163575,1076,51,2,106,0.0,81,15,0,0.008294335473709136,Cluster_3
3432,donaldbennett,16,0.15336482741574564,339,112,153,34,41.8254411243824,97,41,43,0.0027733150528532957,Cluster_2
3433,wyatt17,6,0.7333279087168623,106,4,15,10,0.0,11,0,0,0.00024334421814301263,Cluster_1
3434,leslie31,223,0.00041028943917487126,4405,29,44,437,22.35716852651119,0,156,103,0.012408476845852104,Cluster_2
3435,natasha15,28,0.5961826694023769,700,0,55,76,20.312934659994298,47,5,5,0.006557581121937148,Cluster_2
3436,hwilliams,17,0.9159430039540524,315,51,7,36,24.49482500441676,26,0,0,0.0027798314091619877,Cluster_2
3437,whitakerdavid,1,0.287934094093219,0,19,14,1,0.0,27,0,0,5.89063450416873e-05,Cluster_3
3438,cody50,1,0.1855259752577192,0,5,148,0,15.504019320313596,127,0,0,5.854021529617781e-05,Cluster_1
3439,marcusflores,11,0.651679794878427,156,58,3,20,2.1407559543900088,66,0,0,0.0008550462142635261,Cluster_3
3440,smithjeffrey,9,0.7126014072983932,221,273,488,19,52.103270483915566,344,0,37,0.0009609103201294269,Cluster_1
3441,corybrooks,2,0.6880305189519813,56,14,6,13,0.0,0,0,0,0.00039036327166361865,Cluster_2
3442,michele54,9,0.31931688002137404,199,6,3,20,8.022424447978729,0,0,13,0.00044009001944155017,Cluster_3
3443,christina23,80,0.2522024021593309,1581,44,24,164,5.077504056801338,30,38,54,0.011276761144413904,Cluster_1
3444,gordon26,20,0.9559187999620442,386,2,551,38,0.0,236,32,46,0.001213673916076247,Cluster_2
3445,oliverjuan,1,0.9232995082699295,1,10,1,0,0.0,0,0,0,0.00011135668675784374,Cluster_3
3446,bonillamelissa,6,0.4573166098928203,115,298,16,17,13.063622404329642,31,12,0,0.0005131351140934208,Cluster_3
3447,zbrady,2,0.8461938661543734,81,37,41,19,3.972893961541864,65,1,13,0.00024057462724473683,Cluster_2
3448,cjordan,4,0.45232347763429603,96,1,21,17,11.234341693302957,74,18,0,0.0001569153939273893,Cluster_3
3449,jenniferclark,3,0.4243890180725104,85,1,35,12,4.240644846305485,7,2,46,0.00018911697311300806,Cluster_1
3450,helenwebster,3,0.15676294759929466,84,44,6,11,18.054668278537644,26,0,21,0.00023666597243625698,Cluster_3
3451,dhanson,1,0.42640605649197283,64,156,8,3,135.20503782137234,16,0,5,9.438245368095011e-05,Cluster_1
3452,alexanderschwartz,6,0.537416938599807,134,1,16,14,22.57567649687731,8,9,18,0.000538328560393055,Cluster_3
3453,samanthazimmerman,3,0.022504327428686466,77,74,3,3,24.290273099439865,0,39,27,0.00011806131904682542,Cluster_1
3454,gpeters,0,0.4441130051754064,59,363,18,7,inf,0,0,0,0.0,Cluster_2
3455,christophermartinez,160,0.7813562183952003,3166,990,11,318,24.995491378922612,38,58,47,0.01824898448548648,Cluster_2
3456,pclarke,37,0.6800460563742698,697,60,9,59,0.0,0,10,0,0.0010699128758389655,Cluster_3
3457,nicole62,4,0.635156988863935,20,82,32,2,25.07095539743846,0,0,48,0.00044662379857196696,Cluster_3
3458,kelsey13,7,0.9095554284372025,149,0,1,16,8.469249832028396,0,0,0,0.0006669670853139421,Cluster_1
3459,kirbypatricia,1,0.01803200982523001,0,1450,14,0,1439.0886369941231,79,0,12,0.00015452175528585496,Cluster_2
3460,iflores,94,0.5570475861922342,1903,11,649,192,13.164488891791267,184,39,3,0.007836090112520388,Cluster_2
3461,vcross,127,0.7873488484097071,2534,6,3,246,9.589707507079531,0,70,22,0.034944619572132324,Cluster_1
3462,russell17,9,0.5413353827012672,236,20,138,19,0.1986879766737233,102,0,0,0.0006793498691780499,Cluster_3
3463,reedjudith,34,0.32389555258037916,646,503,21,69,12.151099844361596,0,0,10,0.005687403225032246,Cluster_3
3464,amandakelley,9,0.13625056509197786,169,1762,8,16,206.24873093520387,0,0,0,0.002185821122412255,Cluster_3
3465,andrea51,0,0.8875630718161913,56,41,2,7,inf,0,0,27,0.0,Cluster_1
3466,jessica39,3,0.470762392387603,129,199,24,10,67.59133168146613,0,0,10,0.0003639698301209155,Cluster_3
3467,garrettchristopher,9,0.8781151969857014,145,35,177,14,26.292678097025824,68,0,3,0.0010792444977604759,Cluster_1
3468,michellesmith,3,0.5858521224331683,69,5,11,0,14.837185915278331,0,0,0,0.00040832098463329937,Cluster_2
3469,melaniespencer,5,0.6741921166150008,114,472,17,15,58.630721005463705,0,0,14,0.000597736508923857,Cluster_1
3470,bradleybaker,6,0.80426115437845,138,10,91,22,0.0,42,0,0,0.00018616280931605896,Cluster_1
3471,karenbean,6,0.6591555446001344,106,525,33,5,111.14470438043323,127,0,0,0.001104995451152304,Cluster_1
3472,olsonrobert,7,0.3980548406789377,204,342,1,15,43.9216802277249,38,14,19,0.0008226833443941864,Cluster_3
3473,ydiaz,1,0.513633383928651,0,100,23,2,103.28351645594948,62,0,0,0.0001356626266960895,Cluster_3
3474,frazieralbert,2,0.8030455246758799,18,890,194,9,467.7858103531829,136,0,0,0.000182274841114076,Cluster_3
3475,hermanalicia,1,0.3736502963729842,42,1841,19,4,1840.8717756525632,0,39,55,6.91174605811504e-05,Cluster_2
3476,amberjohnson,32,0.3881214567684971,662,24,0,60,1.4953521917869772,15,0,0,0.0027648761846474214,Cluster_2
3477,chad48,0,0.09569011605800115,67,7,35,5,inf,72,46,0,0.0,Cluster_3
3478,nicolepeck,41,0.9145844352217477,879,1,14,82,7.424280388452849,48,10,0,0.002090359668825869,Cluster_3
3479,steven06,59,0.09103631494544173,1165,1882,1,113,43.62854946408223,10,0,0,0.008463181775105145,Cluster_2
3480,dandrews,4,0.6482091774485559,144,15,1,12,0.0,26,0,28,9.451680277966506e-05,Cluster_2
3481,zhodges,0,0.4131944788027977,0,255,86,0,inf,166,2,0,0.0,Cluster_3
3482,maurice84,4,0.40561939025544236,126,8,6,8,54.52578510390457,44,39,0,0.0008267661943357149,Cluster_1
3483,donaldsonronald,6,0.6795518365726839,210,527,5,21,85.97516393636766,0,26,40,0.00016790202201654567,Cluster_2
3484,pmurray,1,0.06709373262987872,80,9,19,9,0.0,5,2,0,4.756789836209899e-05,Cluster_1
3485,tinawallace,3,0.5937057829514346,65,3,7,0,15.131728905845232,0,39,29,9.924703322366563e-05,Cluster_2
3486,paul91,73,0.7720317859723548,1443,22,23,146,0.0,128,0,0,0.01539049980445011,Cluster_3
3487,tarasmall,20,0.8282127578865942,323,12,14,30,0.0,87,17,60,0.0011538833106424693,Cluster_2
3488,reyesrichard,1,0.1705303893937753,35,96,3,7,105.6610714330289,5,9,0,7.487249465171965e-05,Cluster_3
3489,shawnfreeman,0,0.8974190500781737,0,30,9,3,inf,113,9,12,0.0,Cluster_2
3490,hmanning,4,0.6561460918474422,40,102,39,1,57.029160043112675,51,0,37,0.0003906516317821464,Cluster_3
3491,juliehorton,5,0.8818548008206828,40,19,21,7,13.690092595048046,0,0,0,0.0007060979162881306,Cluster_1
3492,nicholashanson,15,0.48528071711019827,276,10,17,23,0.0,53,2,0,0.0009782162047297356,Cluster_2
3493,pburns,3,0.542033345097202,58,11,367,12,5.853607027108927,203,34,39,0.0001363754778589591,Cluster_1
3494,rogerwilkins,15,0.9190382770286711,313,1314,60,27,105.66576242196386,71,64,63,0.002192301179915783,Cluster_3
3495,lindsaywilson,134,0.8999095433546718,2649,49,72,266,4.084896713007016,0,47,8,0.005412279541722409,Cluster_3
3496,warrenkiara,25,0.448160873369002,553,0,15,54,42.44218914467097,0,0,36,0.0027715444166694805,Cluster_3
3497,fjohnson,6,0.27441263163568175,109,12,27,5,24.71735032791049,87,27,17,0.0016806406773670368,Cluster_1
3498,zchen,5,0.39317043456426415,60,39,10,10,17.552147351222438,89,80,60,0.0005881869744795077,Cluster_2
3499,adamsthomas,4,0.38776432852974974,91,917,64,6,210.5102825298303,102,35,58,0.00037639323832319737,Cluster_1
3500,mariahmoore,43,0.28686687498279395,958,210,17,87,1.9459588521927373,119,0,19,0.0033700121750363885,Cluster_3
3501,perrykeith,2,0.26857960433296657,56,6,28,0,12.577499401049053,42,86,51,0.0002942178915232887,Cluster_1
3502,campbelljeffrey,7,0.8610629364797194,121,2573,25,7,351.1142002562658,37,24,0,0.000868117242580431,Cluster_1
3503,ythompson,7,0.06986192068466168,63,31,19,13,30.297108927830422,0,0,67,0.0014141177592471594,Cluster_2
3504,ncallahan,3,0.6776111820995941,49,312,1647,11,84.51685316443918,794,59,15,0.0004573820656749598,Cluster_2
3505,pjones,0,0.1728200514564523,11,4,7,0,inf,0,0,7,0.0,Cluster_1
3506,valerie12,11,0.34450589339406323,200,0,7,18,0.0,0,0,12,0.002315848655310878,Cluster_2
3507,derekthomas,6,0.06154303413483686,36,2,56,1,15.209822545995994,0,24,28,0.0007493204333017191,Cluster_3
3508,nsharp,15,0.26997363685546205,257,0,8,19,0.0,58,6,56,0.0006522327539381925,Cluster_2
3509,wevans,3,0.7684210711172421,132,1482,12,8,458.0004685916189,25,2,2,0.000205843951701265,Cluster_3
3510,joshuajohnston,46,0.8850153245472586,991,48,3,104,22.804254976103824,0,24,12,0.002917581934570356,Cluster_2
3511,charlesfranco,1,0.22152715190236705,0,6,41,2,0.0,11,33,58,0.0001334475059248069,Cluster_1
3512,tiffany55,96,0.46354783925892185,1953,74,42,196,0.0,119,0,0,0.007109728454548397,Cluster_2
3513,mathiscory,0,0.4703240479372064,0,46,12,0,inf,0,8,26,0.0,Cluster_2
3514,lindseywilkinson,14,0.8735753057597342,350,101,58,35,41.54954069797272,0,0,4,0.002536547588879133,Cluster_1
3515,landerson,15,0.7627990528758054,312,292,1,19,6.3257927212084475,0,0,23,0.0014415945218878073,Cluster_2
3516,richard77,2,0.5130772183680499,87,19,6,12,7.03263789246197,0,0,18,0.0002182769934304368,Cluster_2
3517,meganpugh,13,0.6707472004717734,174,6,15,18,0.0,34,0,0,0.0013779819947281433,Cluster_1
3518,jamesmoyer,50,0.8473550539093668,1033,146,3,96,0.0,0,1,0,0.00856026905528751,Cluster_1
3519,jessicasmith,0,0.009538954025544943,0,140,1,8,inf,0,38,0,0.0,Cluster_2
3520,rmoore,15,0.4028900310500486,342,39,12,25,0.0,0,32,0,0.0005235859355177878,Cluster_2
3521,ronnie42,0,0.9072431672770787,45,1668,56,7,inf,20,0,0,0.0,Cluster_1
3522,zclay,1,0.7403130308439514,23,15,137,5,17.017581292271917,7,0,0,6.699174243432844e-05,Cluster_2
3523,brianpetersen,85,0.5428413743340746,1669,6,8,160,49.72414347878054,19,67,36,0.0056072606878716826,Cluster_1
3524,john57,3,0.5296445270351334,98,70,60,9,9.155118833521554,0,40,27,0.0003241200395817611,Cluster_3
3525,uhayes,1,0.3477700976044378,16,9,52,0,0.0,0,31,40,0.00023774224251480868,Cluster_3
3526,angelanash,5,0.5205205336415145,56,80,124,0,46.67519536710657,112,0,12,0.0009409356934247887,Cluster_2
3527,hnelson,164,0.6553831994634532,3233,7,11,317,21.202223568191958,24,56,56,0.011675372068722722,Cluster_1
3528,yhamilton,0,0.4183630384287931,0,16,1,0,inf,34,49,39,0.0,Cluster_1
3529,williamslinda,1,0.714153146392174,0,995,22,3,972.7261696982346,118,0,0,0.000164349199847064,Cluster_2
3530,pwatson,69,0.8612322272603858,1435,15,4,143,35.11731665890651,0,48,26,0.0074121862304562455,Cluster_2
3531,william06,119,0.15468484818486117,2388,7,6,239,0.0,4,6,0,0.003869917798177147,Cluster_2
3532,kristen84,6,0.4515470228174244,93,272,12,4,36.71983076343262,0,0,5,0.0013362611034083058,Cluster_2
3533,jason81,1,0.4080200912850811,60,4,12,3,26.859194738365595,0,18,0,8.371331458633068e-05,Cluster_2
3534,xglenn,171,0.6874648040497281,3378,9,24,333,0.0,0,84,77,0.020436607782356727,Cluster_3
3535,bsmith,80,0.24986746525792936,1604,93,57,154,0.0,32,55,9,0.0042047830876680735,Cluster_1
3536,ethandowns,20,0.6402509149522763,391,179,11,36,9.756051989971635,23,0,3,0.003370113920258556,Cluster_3
3537,neallarry,2,0.877489241731488,78,297,36,8,132.87302396858473,38,0,8,0.00022326011776130854,Cluster_1
3538,simmonscurtis,6,0.4181315997936227,41,8,20,1,0.0,13,17,39,0.0005616355323739631,Cluster_2
3539,averykathy,5,0.91101569997922,57,96,81,4,1.565796156997358,86,23,0,0.00014539841473557556,Cluster_3
3540,sandrazavala,12,0.9931637389334784,158,14,15,19,0.0,8,12,0,0.0016291214517313228,Cluster_3
3541,anthonycole,65,0.10609204994795207,1287,11,17,126,0.0,0,60,49,0.010888350012618717,Cluster_1
3542,maurice95,27,0.23305318798485863,600,288,11,53,22.17159730894742,0,0,43,0.001040979628187098,Cluster_2
3543,markweaver,1,0.9503797514820932,0,12,15,2,0.0,0,0,0,3.094634287635077e-05,Cluster_3
3544,zruiz,58,0.9583276864813868,1134,54,6,114,10.499558499447746,76,83,34,0.00781486978402381,Cluster_1
3545,tonifrank,11,0.0977072753867585,263,43,5,27,0.0,0,44,77,0.000448820880116881,Cluster_1
3546,angelaholt,20,0.014998500377136681,453,4,64,48,18.38437842165077,0,29,37,0.0027335021789594892,Cluster_1
3547,travisnicholson,66,0.16110002325642225,1315,188,3,133,0.0,0,28,51,0.004600502624589231,Cluster_3
3548,kjones,1,0.9960127833822483,54,90,12,5,43.16939181217854,0,31,0,4.373394436515096e-05,Cluster_3
3549,paulspence,7,0.17999961661068686,86,0,92,20,24.745251703264547,127,16,22,0.0014746699376788754,Cluster_1
3550,jonathan90,3,0.5025476067220231,128,54,11,6,0.8821239253765754,0,0,0,0.0005450697342322531,Cluster_2
3551,dyeramanda,0,0.848417726430511,107,8,69,7,inf,166,29,0,0.0,Cluster_1
3552,garciakristin,12,0.02040161068820634,266,238,8,31,31.12517135749473,7,0,14,0.00010729317728747594,Cluster_3
3553,byrdcraig,319,0.6044889822584595,6275,2,4,628,15.811535960101553,104,182,125,0.03817110496533403,Cluster_2
3554,gilmorebrendan,0,0.2770254488696243,0,17,1,3,inf,45,0,0,0.0,Cluster_2
3555,moralesmichael,7,0.8623349164397316,170,63,143,17,11.253586924981386,89,51,66,0.0005037916196645914,Cluster_3
3556,pjones,19,0.28346114926407917,358,36,3,42,4.375845198876042,80,1,0,0.000614430871320457,Cluster_3
3557,alicia08,8,0.6867557202819089,223,130,61,17,41.87680048388617,86,0,0,0.0013563632323591221,Cluster_1
3558,joe17,6,0.6742196324473969,149,2,4,21,2.5605032472952947,33,0,0,0.0010133477083906293,Cluster_2
3559,youngsteve,1,0.22149354885964,0,647,144,5,632.4364630640678,187,0,0,0.0001085611301585509,Cluster_3
3560,hdavid,10,0.03479919986835012,201,85,550,14,20.215171203244473,250,4,34,0.0005418784412702943,Cluster_3
3561,haleylane,2,0.4092495737853973,0,382,1,3,148.72713171230095,0,40,0,0.0001831134578428911,Cluster_2
3562,molly48,0,0.2891931519658697,0,159,3,0,inf,0,2,0,0.0,Cluster_3
3563,meghan07,44,0.8089777496137086,852,32,64,82,27.536055446574554,119,0,0,0.004936136626189947,Cluster_2
3564,jenningswilliam,31,0.8003641884553453,678,3,43,58,24.060107556009967,94,0,47,0.0015800514112270687,Cluster_2
3565,alvarezjason,7,0.4570239521926255,245,12,64,19,24.9097249618396,5,86,43,0.000626197350636796,Cluster_3
3566,vanessa15,10,0.6065122253232189,128,578,8,16,56.116493493177536,0,9,0,0.0003328411507807716,Cluster_1
3567,carpentermatthew,37,0.6042595159869252,643,400,395,68,8.677163120950361,187,47,21,0.004021315723455337,Cluster_2
3568,smithjoshua,10,0.8271581484276234,187,10,23,17,0.0,0,0,21,0.0011470783549259625,Cluster_2
3569,hthomas,28,0.4250024141231975,484,0,3,52,34.96082503422095,0,0,16,0.0005863939546889982,Cluster_1
3570,choitammy,4,0.2754466797905091,82,22,13,12,0.0,0,0,0,0.0010283350866122215,Cluster_3
3571,parkeralyssa,52,0.26503491814054747,1077,19,3,108,7.163090810422233,0,29,7,0.0037113893984122366,Cluster_3
3572,yatkins,11,0.5361922792822041,294,21,218,25,6.989996568186472,203,0,0,0.0007311307630005863,Cluster_2
3573,tiffany75,9,0.44914820273221256,190,85,7,21,0.0,0,62,40,0.0008199258704790469,Cluster_2
3574,khall,1,0.4401207709849362,10,160,42,3,125.1064995175359,91,0,32,0.00014812550839950374,Cluster_3
3575,martinezalex,11,0.09113733908970723,121,196,9,15,17.92991423552878,0,0,0,0.0017190838997017668,Cluster_1
3576,shannonjason,2,0.7186037406901956,41,73,7,8,27.42487764776982,0,25,30,0.00014110010898725188,Cluster_2
3577,jbailey,2,0.2137366879819107,43,1,1,0,0.0,25,28,2,0.00011614763250122255,Cluster_3
3578,rebeccayoung,2,0.19695363020872136,71,17,49,4,29.80831260406465,4,1,0,0.0003139813700287069,Cluster_1
3579,leedonna,1,0.41275832027739345,0,2095,141,0,2099.4988830107404,60,0,17,0.00014716354627996518,Cluster_2
3580,fcarter,178,0.22777834161780142,3538,64,5,357,15.530001377092368,9,31,77,0.007262202307705604,Cluster_2
3581,umyers,54,0.5838582673080154,1006,64,1,99,10.091748428696734,0,63,51,0.007328503096755151,Cluster_3
3582,parkermark,131,0.3714633393344715,2505,63,67,252,0.0,0,91,44,0.023956946821978305,Cluster_2
3583,connie85,1,0.4489117225927901,0,69,1,0,48.96393665613873,0,0,0,5.647862529414086e-05,Cluster_2
3584,gsmith,8,0.5371693216040289,81,0,125,15,5.294357362269368,110,5,50,0.0010338256300015405,Cluster_3
3585,lisahuff,1,0.20353552248180484,36,21,5,0,22.677852386921824,0,0,7,8.124895126622622e-05,Cluster_3
3586,wilsonyvonne,2,0.1557516228655298,14,30,3,5,33.30312675009495,9,49,10,0.0001661032168166541,Cluster_3
3587,trevor28,1,0.8804219028736048,0,332,29,0,328.98199860555013,89,0,0,2.2655884670697036e-05,Cluster_1
3588,vpope,47,0.43372370283142103,890,36,4,88,0.0,0,4,7,0.001996333319056561,Cluster_3
3589,deborahgrimes,4,0.41209360963253916,0,1,6,0,0.0,7,0,11,0.000350897311589756,Cluster_3
3590,jacob23,36,0.03561215027284148,795,71,34,76,0.0,19,27,54,0.006999571624081951,Cluster_2
3591,scottstephanie,18,0.4979763025873932,309,7,0,37,29.327087785298044,0,10,37,0.003468920042861204,Cluster_1
3592,scottrose,234,0.5541697216110001,4659,3,235,465,22.805395605135747,67,123,78,0.039538351678966493,Cluster_2
3593,bwashington,0,0.5588408709546665,0,7,21,0,inf,0,0,0,0.0,Cluster_3
3594,clarklinda,48,0.7070311693228843,1008,87,2,98,17.89146283945099,19,68,50,0.009350687453659913,Cluster_3
3595,courtney38,41,0.17748183499101178,827,319,4,83,0.0,39,6,0,0.0038903967825042337,Cluster_1
3596,megan49,1,0.2522231342306188,0,78,88,4,97.70578466222045,84,36,46,0.00019959184620892413,Cluster_3
3597,marcus97,33,0.8107304652304127,640,103,49,60,0.0,5,110,60,0.003722773616894189,Cluster_3
3598,chelsea73,12,0.947170616843394,323,77,160,29,13.614677820231694,134,0,12,0.0012763022000133253,Cluster_3
3599,collinsmark,5,0.13593274736732064,96,39,7,9,0.0,18,12,50,0.0002598057659025271,Cluster_3
3600,joshuarodriguez,2,0.4976495545052182,30,116,31,7,34.02591536644099,19,0,13,0.00032619312177220274,Cluster_2
3601,heather55,2,0.21417625273958685,0,0,38,0,9.37405934498819,0,61,42,0.00026214096539628506,Cluster_1
3602,stevenrichards,159,0.06007316835498244,3085,40,56,311,0.0,0,71,29,0.016953368157405085,Cluster_2
3603,phillip99,7,0.3255033381261354,131,5,108,10,0.0,0,10,4,0.0005169380432980123,Cluster_1
3604,gsullivan,23,0.14368762518421274,476,268,6,45,39.569407862085434,34,18,0,0.0030977972733153163,Cluster_2
3605,william26,2,0.7099330734342463,94,25,16,19,56.7191842254575,12,0,13,0.00029173839292874796,Cluster_3
3606,travis26,2,0.5337254136714444,0,35,8,0,36.24027873638966,0,23,0,0.0001922613900116851,Cluster_3
3607,kristin90,37,0.14383447099031088,683,2,18,72,0.0,24,21,36,0.007086768178212475,Cluster_2
3608,iwilliams,0,0.009241588405514367,0,206,57,3,inf,0,14,26,0.0,Cluster_3
3609,adampham,3,0.8081570490242127,59,102,1,0,2.7713548070323526,0,7,6,0.0003054487558275348,Cluster_2
3610,miguel86,7,0.17619440616424753,132,90,106,3,6.767313775636339,17,0,0,0.0007381473605879942,Cluster_3
3611,pleach,8,0.606216642220766,153,7,3,19,1.9705553397474644,28,0,0,0.0013018448808919884,Cluster_1
3612,catherinemoore,5,0.33692191307674557,120,8,12,6,40.08075687677498,75,19,0,0.000628324151536223,Cluster_1
3613,bruce76,13,0.5854859383150356,214,49,129,13,22.022413520265278,35,23,34,0.000710440124328804,Cluster_2
3614,levineandrew,20,0.315653626982324,446,9,32,49,0.0,82,47,24,0.0022129013397394954,Cluster_2
3615,anthonylee,22,0.08693956069225417,461,72,33,41,0.0,18,66,77,0.0021644440856783153,Cluster_2
3616,dwhite,1,0.2229500085577536,4,0,3,0,20.043853076065087,13,0,9,7.003074918242091e-05,Cluster_3
3617,nathanlogan,4,0.1880585664790756,160,13,4,25,0.0,0,6,9,0.0003006508705898369,Cluster_2
3618,birdsamantha,44,0.42801935243964384,957,840,82,87,23.425710848208592,31,16,19,0.004861149923642965,Cluster_3
3619,chenmark,28,0.6582837834261573,606,73,8,54,0.0,25,0,0,0.002165413009360594,Cluster_3
3620,kathryngomez,0,0.26380607494635755,0,44,9,0,inf,41,16,0,0.0,Cluster_1
3621,kristenbanks,12,0.012069935300617951,318,1180,85,30,108.1072362482829,0,29,20,0.0006380187350594913,Cluster_3
3622,judith42,0,0.5189373642647569,39,0,4,0,,0,0,0,0.0,Cluster_3
3623,russoscott,7,0.6057594893589721,240,7,30,18,21.632462257432806,98,0,0,0.0007737792784598514,Cluster_2
3624,jeffreyshaw,127,0.9628704940018097,2601,16,21,267,11.220900416824135,19,49,22,0.02554007740296794,Cluster_1
3625,rharmon,1,0.5894708030932468,98,155,20,11,169.80048505560197,24,0,1,8.884226827311987e-05,Cluster_1
3626,brooksnicole,2,0.47117255937814184,83,160,9,11,72.4264261449974,62,0,57,8.109418515631695e-05,Cluster_3
3627,oleonard,23,0.5734016258977038,527,6,8,52,3.839997790946238,0,0,0,0.0020823241085065414,Cluster_1
3628,ballardjanet,0,0.927900629862027,99,199,3,11,inf,0,4,0,0.0,Cluster_3
3629,harrisdominique,2,0.8283781456016462,50,16,41,9,5.03659190491539,61,9,1,0.0004138346084237339,Cluster_1
3630,coloncharles,18,0.322978733363808,281,293,7,23,19.687843341094695,65,20,49,0.001929897062124013,Cluster_1
3631,kimberlylee,2,0.23725436365713726,24,5,85,3,27.628859475927648,0,14,47,0.00022083369344560872,Cluster_1
3632,adrienne46,5,0.26263361236607363,119,26,14,15,26.699012774078533,0,48,77,0.001161531342310873,Cluster_3
3633,rsheppard,22,0.504421039715213,443,13,4,52,0.0,0,0,1,0.0013496324030580536,Cluster_3
3634,teresa48,13,0.7440494512285778,197,221,14,29,36.7080363381388,0,0,16,0.0018278509873294983,Cluster_1
3635,craig71,11,0.5032192071829621,138,12,10,14,24.9137765458698,0,25,0,0.002056275627571938,Cluster_3
3636,david85,4,0.06779639582811259,42,30,91,9,4.476446532952675,78,0,0,0.00025613467258086094,Cluster_1
3637,matthewvasquez,12,0.7235807004399809,280,82,11,14,17.002275409288863,14,39,0,0.0007972796694168541,Cluster_3
3638,stokestyler,6,0.8059701286709539,199,88,13,27,24.546700012727023,50,19,23,0.00019703245548058983,Cluster_1
3639,lauraparker,14,0.28949786511971964,325,163,166,28,0.0,130,64,39,0.0012889236330013794,Cluster_3
3640,ataylor,3,0.6641257392833504,112,48,43,9,8.36087424943344,55,0,5,0.00039555680612763777,Cluster_3
3641,egreen,5,0.4265919010543934,95,15,243,11,18.016204777032144,104,0,0,0.0007810861054677412,Cluster_3
3642,xlewis,1,0.8891193557274428,0,17,132,0,7.083555263370977,71,10,27,6.693891455130986e-05,Cluster_3
3643,jennifer22,7,0.8452255581607399,117,34,5,12,24.367134042389008,0,1,0,0.0002501884254514927,Cluster_2
3644,anthony50,2,0.5254319983096423,27,51,88,10,51.59944881699523,0,17,3,0.0002535697306332061,Cluster_1
3645,rsanders,1,0.6915055458135945,0,25,197,0,47.87343683960941,146,20,9,0.00014847748550593891,Cluster_3
3646,hardindebra,10,0.883349701022104,202,34,200,14,42.996092063389135,95,0,0,0.0009001216898092566,Cluster_3
3647,jorge65,10,0.4957170100782755,222,2,88,31,0.0,0,0,9,0.0008179840180241128,Cluster_1
3648,stevenmanning,23,0.31325074048882195,502,110,85,52,8.326630175033433,69,7,0,0.000562794381615385,Cluster_2
3649,lgonzales,3,0.7536661379095813,46,45,12,14,21.413260955252802,0,0,14,0.00030863548368106653,Cluster_3
3650,walkermichael,13,0.22006625478469177,164,201,5,20,14.253579961723693,0,8,54,0.002928800995282051,Cluster_2
3651,hayeswilliam,16,0.38853114800604205,295,33,11,22,12.906079482032888,0,0,8,0.0007807536980159603,Cluster_3
3652,courtney15,14,0.8657272371067937,282,1,1,31,0.0,0,32,43,0.000756312223102058,Cluster_3
3653,austin01,2,0.7244223402693151,101,17,150,5,12.598107773850383,85,0,34,0.00015816573877410823,Cluster_1
3654,joseph74,9,0.40381100524749924,151,23,13,15,0.0,45,4,14,0.0009237522690933727,Cluster_2
3655,benjamin12,12,0.2147445024083574,265,126,139,26,0.0,107,53,10,0.0003107102011714205,Cluster_1
3656,jennifer67,7,0.3559683908322365,154,0,3,7,14.657796220598271,31,23,0,0.000786514668195967,Cluster_1
3657,fredericktodd,0,0.284104149227433,2,35,101,0,inf,48,29,26,0.0,Cluster_2
3658,charleslynn,9,0.17608928794385392,226,83,9,33,23.174511716538344,90,14,0,0.0005027349555231254,Cluster_3
3659,lkeller,204,0.7433329135656567,4046,10,2,405,0.0,35,52,63,0.012542912845773618,Cluster_3
3660,haynesalexandra,4,0.2520698868501715,51,37,230,4,31.378126327823114,126,6,0,0.00038553568324448454,Cluster_3
3661,brownjason,2,0.4541674701677638,39,10,105,12,0.21838588757393218,80,13,7,0.00011742898143240553,Cluster_3
3662,cristian28,12,0.38585944683610907,207,8,27,18,0.0,0,0,0,0.0010924206840215826,Cluster_3
3663,jonathancoleman,11,0.9820773786356308,245,15,21,24,5.871488003861778,7,1,0,0.0015760870964571028,Cluster_2
3664,brucedonald,44,0.3910922441482205,844,9,38,89,0.0,0,0,0,0.006183233811462869,Cluster_3
3665,knightcindy,1,0.0799824827967548,31,113,26,1,83.94558194935185,0,0,0,7.837559385942308e-05,Cluster_2
3666,tristanyoung,22,0.08982575257208403,434,8,6,39,0.0,90,0,0,0.003055835583135277,Cluster_2
3667,smithveronica,17,0.5907537213530648,350,6,10,23,0.0,12,50,14,0.0016050437943914719,Cluster_3
3668,christopher16,5,0.5993635517382656,77,798,380,3,148.69898391167428,195,0,65,0.0007970971114497118,Cluster_3
3669,steven45,12,0.41875899048265497,223,186,1105,17,0.0,602,0,20,0.001383474160218843,Cluster_1
3670,juarezjesus,34,0.4318436923120297,684,1,209,69,0.0,122,14,35,0.003191668811236236,Cluster_1
3671,fzimmerman,27,0.05393258284087121,550,8,41,51,31.133011193111777,0,0,0,0.004512663322683675,Cluster_3
3672,kent25,1,0.5165465103892622,19,51,12,12,37.43710907216209,7,22,15,6.114968011580858e-05,Cluster_1
3673,lori08,25,0.5047394753803517,585,59,6,53,0.0,0,0,0,0.001914265619702778,Cluster_1
3674,spowell,6,0.14954931855694453,70,2,6,14,0.0,12,37,87,0.0002827614098417163,Cluster_2
3675,whubbard,8,0.10383938611092758,156,266,8,16,10.755378839448923,0,3,0,0.0004756913736760074,Cluster_2
3676,matthewashley,8,0.12357249059949049,81,146,506,12,0.5506474541437285,299,43,10,0.0006143617119355019,Cluster_2
3677,gonzalesjennifer,5,0.10102824649125852,118,78,301,15,29.806849627049704,124,0,0,0.0009335280556831644,Cluster_2
3678,christophermitchell,44,0.6097081955367598,824,380,61,71,0.0,0,0,8,0.004380201293970458,Cluster_1
3679,emilyfoster,6,0.19648265240291862,106,74,4,10,0.0,0,0,35,0.0004075511317460408,Cluster_2
3680,parrishamy,1,0.25143015218746345,1,74,76,0,82.9250701991449,56,15,36,0.00010646865711618972,Cluster_1
3681,michaelmcmillan,4,0.17357214415143973,94,546,14,3,159.4988166121817,0,0,0,0.00024493416806365396,Cluster_1
3682,caitlynjones,9,0.9578353044485031,152,240,0,17,37.404109919463565,0,22,0,0.0007001515115198636,Cluster_3
3683,sierra06,46,0.8546174631518354,890,7,30,97,0.0,20,52,62,0.0034929727152692475,Cluster_1
3684,frazieramy,18,0.23049483735152088,431,103,5,29,0.0,69,28,69,0.0021503119738684132,Cluster_1
3685,eugene82,2,0.327566293922126,54,10,5,2,5.948970612724101,0,4,0,0.0002861588557710113,Cluster_1
3686,david64,307,0.20989284230499716,6111,82,13,604,0.0,37,156,123,0.03586327729361275,Cluster_1
3687,brett96,10,0.49187595946082374,187,78,9,19,1.2544969212160693,0,0,0,0.0013582878966598053,Cluster_3
3688,kennethclark,50,0.019610532474253595,1082,2,19,106,0.0,0,23,0,0.0071097054314901535,Cluster_2
3689,mckenzieemily,5,0.6713680088967957,88,26,17,5,0.0,0,0,0,0.00027138158721552394,Cluster_2
3690,bishopbrianna,16,0.5231581498176416,285,53,1,31,43.46813435626041,0,0,10,0.000882899415149431,Cluster_2
3691,crystaledwards,26,0.8986389283011033,485,15,196,56,1.1191421397013144,129,28,12,0.0008507357206147833,Cluster_2
3692,fischercarla,45,0.16439268432841414,872,58,4,100,14.131324666237246,0,8,10,0.006036722526087702,Cluster_2
3693,tommy82,36,0.8041092460611317,690,141,4,65,4.0416901383428465,84,0,30,0.0029720102448289637,Cluster_3
3694,braddelacruz,27,0.7919610144667157,476,31,12,38,2.07512212090794,37,26,0,0.001802197236871296,Cluster_1
3695,crystal64,4,0.12718118921688693,23,49,17,5,11.00793200381425,18,13,10,0.0006195907865578609,Cluster_1
3696,terripham,3,0.3985592241441276,18,399,179,9,110.59108281851135,81,0,0,0.000351066949602106,Cluster_1
3697,brittanyharris,12,0.1701526411445169,269,77,30,30,0.0,74,1,29,0.0005416623626384368,Cluster_1
3698,jamesjohnston,29,0.2547205004575489,560,47,46,64,9.345197130072151,89,26,43,0.006627627516438263,Cluster_2
3699,autumnchung,5,0.26324617483054435,89,5,30,7,4.75684814542333,0,31,27,0.0005527079227369127,Cluster_2
3700,anthonywatson,36,0.5562363940257727,783,110,28,75,21.821173524749696,0,24,17,0.004592184661794555,Cluster_2
3701,christopherfranklin,65,0.4114109317604655,1364,59,31,136,15.614908840532838,47,0,0,0.008220924925654887,Cluster_1
3702,kathleencarrillo,1,0.9477328040063053,5,333,1,0,316.82975614500657,47,0,0,2.5842996376253728e-05,Cluster_1
3703,maxwelljones,2,0.12637014194700513,8,36,13,4,40.65182617843743,0,0,7,0.00020627573084567346,Cluster_1
3704,sergiobarrett,5,0.9736921348501988,56,1,114,10,15.500543903090346,19,0,18,0.0002071964191222698,Cluster_1
3705,qgalloway,11,0.23063864021426395,254,1,7431,30,13.907740488055795,3719,20,62,0.0011407373711612885,Cluster_2
3706,vwhite,3,0.7728739363818531,49,124,3,7,86.3198691729095,75,18,0,0.00019086615044222138,Cluster_1
3707,qholden,56,0.3389699261728214,1100,11,37,111,41.075603821592324,20,49,36,0.010910600771231614,Cluster_3
3708,paul63,13,0.1430813954173139,219,72,8,25,19.336736869559257,0,0,27,0.0009331737150853681,Cluster_2
3709,jessicamorrison,7,0.8578891852462399,101,40,433,0,17.018229831036308,221,8,33,0.0009087792189026687,Cluster_3
3710,mgill,0,0.3088608992364632,16,24,2,2,inf,40,0,0,0.0,Cluster_3
3711,timothyadams,1,0.6588554042268422,0,27,51,0,15.320924606592575,20,9,0,0.0001901142242848961,Cluster_3
3712,vhickman,11,0.5664436850866266,269,6,2,27,0.0,63,9,0,0.0023669255101050383,Cluster_1
3713,kathleen23,0,0.4717563093908743,0,32,12,0,inf,49,0,0,0.0,Cluster_3
3714,moralesemily,33,0.4958194726485391,652,11,19,67,0.0,6,12,43,0.00033776439948047415,Cluster_2
3715,mburgess,5,0.7322379140922876,33,16,99,0,15.055389710465104,51,35,22,0.0008237150418632197,Cluster_3
3716,robertmiller,957,0.08777291412344057,19139,18,3,1919,3.1554521081532667,0,452,269,0.003222741760464993,Cluster_2
3717,bonnie82,235,0.6681806619579052,4683,22,54,470,0.0,87,112,73,0.005327042341066051,Cluster_2
3718,lesteven,5,0.8958121013985787,97,174,20,10,35.317330205765984,0,34,21,0.0002606554018292283,Cluster_3
3719,taylormallory,6,0.05778819701986415,193,26,30,15,30.434965176101656,0,0,0,0.001079296247878868,Cluster_3
3720,monica93,32,0.14065333923366674,648,209,84,68,8.17865901307675,14,0,0,0.00785372952907161,Cluster_1
3721,andrea68,95,0.7166319367020314,1860,527,2,187,7.2783213734121786,23,69,80,0.00827395655003513,Cluster_3
3722,qbell,0,0.43728164824461757,0,154,67,0,inf,0,0,0,0.0,Cluster_3
3723,randall35,0,0.40354862081368836,29,86,8,2,inf,0,19,0,0.0,Cluster_2
3724,richardharris,2,0.13696663454423585,104,59,103,13,22.88319067837614,48,0,0,0.00043455830894208365,Cluster_2
3725,tammy58,17,0.5067700407177881,354,157,33,38,16.240515076988014,0,20,65,0.00112407915865656,Cluster_1
3726,wilsonarthur,15,0.12654531119637724,334,38,14,35,0.0,23,0,0,0.0017260640733849334,Cluster_3
3727,bjohnson,36,0.4766204563105404,750,194,8,75,0.0,0,53,49,0.004071751332998403,Cluster_3
3728,carla37,1,0.7636152989616567,90,100,69,14,86.57701783848754,114,0,0,0.00011811386093434164,Cluster_2
3729,ashley74,0,0.2582643578871635,0,17,133,6,inf,101,21,18,0.0,Cluster_3
3730,stephensisaac,26,0.4807861681797273,553,166,9,58,9.589271935740927,38,0,23,0.005025359636632422,Cluster_2
3731,ashley39,2,0.9920159693968357,89,39,3,5,16.812808455120937,0,55,0,0.00023098995609543643,Cluster_1
3732,megan29,0,0.6866504233540373,0,27,56,0,inf,148,0,0,0.0,Cluster_3
3733,mitchellkim,9,0.8413567713051986,135,14,2,10,9.132797210402272,0,63,60,0.0007629126607890487,Cluster_1
3734,mosesmeredith,24,0.41484760656054576,437,44,2,53,0.0,0,0,2,0.0024978983646280002,Cluster_2
3735,dananewman,6,0.7678609231258553,83,199,4,9,12.462049810270422,37,0,5,0.0005872305057833563,Cluster_3
3736,jennifer24,3,0.040509172941321836,35,164,10,14,38.27249064213161,14,37,39,0.00020008390324408973,Cluster_1
3737,andrewpalmer,5,0.12291118254224498,112,62,2,10,0.0,0,0,0,0.0012003252372445332,Cluster_3
3738,juan58,4,0.20307059292006213,123,97,1,11,27.061391003016514,110,0,26,0.0001239629666157493,Cluster_2
3739,ashley06,0,0.40195192461521956,54,326,3,5,inf,50,14,28,0.0,Cluster_1
3740,pmiller,2,0.8457448783257632,0,25,52,0,2.593540360322585,26,0,5,6.08628808036035e-05,Cluster_1
3741,gonzalezkimberly,16,0.3462660507879305,277,4,2,23,0.0,121,23,25,0.0013822334352746087,Cluster_3
3742,jason47,11,0.6546211935154629,285,344,12,22,52.15263109934098,46,10,35,0.000536986983368515,Cluster_3
3743,patrickfriedman,9,0.7093142948034834,212,12,372,23,19.909145299669724,185,0,0,0.0009132130681244757,Cluster_3
3744,joevargas,1,0.5861823540883414,24,9,18,7,7.905830574920513,123,29,33,0.00013027986748469054,Cluster_2
3745,jennifer62,5,0.3572419681701362,123,1,33,24,25.510069788005982,49,0,43,0.00048588046845240404,Cluster_1
3746,lisa90,0,0.5770533417135443,0,92,4,0,inf,32,23,29,0.0,Cluster_2
3747,scott15,9,0.3422655927897462,206,1,515,18,37.65552210644137,238,8,0,0.0009717191152029353,Cluster_3
3748,nicholsmallory,63,0.08387373855201208,1243,8,8,120,13.976978413075827,6,17,68,0.0016192865311028583,Cluster_3
3749,anthonyevans,0,0.9928039781860144,13,95,14,6,inf,0,0,5,0.0,Cluster_3
3750,cwade,3,0.1271824536325109,0,121,144,4,22.506139718292076,143,11,41,0.00024053801744211627,Cluster_2
3751,owilson,12,0.07234838383605735,205,10,15,16,0.0,0,0,0,0.002879354489918754,Cluster_3
3752,thomasparks,48,0.8785307492071559,926,26,21,88,12.72868457822749,78,60,62,0.006909004804966607,Cluster_3
3753,rchang,3,0.3018346608928951,41,6,13,8,14.641587670628276,0,38,9,0.00029815251310974484,Cluster_1
3754,david90,2,0.6502969740735076,0,12,13,1,19.367867411815737,3,50,38,0.00012777069161846313,Cluster_2
3755,wyattmark,0,0.32900572966223285,0,53,35,3,inf,2,8,0,0.0,Cluster_1
3756,davidellis,8,0.39145427079447115,84,13,46,3,0.0,0,0,47,0.0008227539093544316,Cluster_1
3757,jaredolsen,158,0.2621129720167965,3187,21,7,309,4.037016279455192,37,70,36,0.025341193473489246,Cluster_1
3758,karenfuentes,11,0.3430440057930102,215,2,6,17,15.578897337247646,2,0,0,0.0006673974038889337,Cluster_3
3759,schaeferlori,7,0.4107004005865431,54,254,8,8,36.349411275811455,0,10,8,0.00034351690820557274,Cluster_2
3760,stevengrant,11,0.7204160690923429,178,82,2,28,37.0842303922488,8,18,24,0.0008521992881827113,Cluster_2
3761,sbyrd,7,0.5115361942347918,156,137,1,13,20.2341778152308,0,40,23,0.000993127995862083,Cluster_1
3762,schultzemily,2,0.9435652171569769,12,337,31,12,168.48582712334027,0,1,0,0.00011990248586016238,Cluster_1
3763,nancyrice,25,0.04188039383877551,465,7,82,50,13.691199823853381,0,0,25,0.0018773756283572247,Cluster_2
3764,phillip51,10,0.5030683226320282,196,17,74,12,26.084602751840773,14,0,31,0.002752292862933552,Cluster_2
3765,stephaniegonzales,7,0.5842247888317181,157,1,0,16,0.0,24,50,0,0.00031655841109234147,Cluster_2
3766,mfranco,1,0.9201969860742739,0,9440,13,4,9417.639765839289,8,0,0,5.4085348869291855e-05,Cluster_1
3767,carlvasquez,52,0.049158523621427586,1067,25,3,94,0.0,92,48,24,0.008955422383182275,Cluster_3
3768,stephanieparker,20,0.573499584935216,359,214,24,39,73.87883569177326,142,0,0,0.0034050744009794603,Cluster_2
3769,shannoncooper,3,0.853629928527957,59,3,10,11,0.0,0,0,13,0.00032379869745392657,Cluster_2
3770,cameronvasquez,33,0.24192772811923657,658,199,48,67,3.5946441700916547,0,28,62,0.0025207936740891763,Cluster_2
3771,bassnancy,3,0.8762923485239374,33,937,19,2,324.70037192949167,65,48,19,0.00010928725697063981,Cluster_3
3772,luis95,2,0.019043409274291823,0,29,1,0,34.038578056269486,17,11,46,0.00026857853631951164,Cluster_2
3773,alec82,2,0.7324546291337297,25,5,4,1,5.895702329095117,58,0,0,0.00023524779857363642,Cluster_3
3774,kburton,0,0.933113221168653,81,25,20,2,inf,29,0,11,0.0,Cluster_1
3775,stevecampbell,14,0.6571976616400622,211,0,22,17,0.0,1,4,0,0.00016900345786815974,Cluster_3
3776,wjacobs,0,0.43902924398044796,84,30,2,6,inf,0,0,11,0.0,Cluster_1
3777,tcook,1,0.04488101647271803,7,145,2,1,168.2497390115928,22,0,0,0.0001516775645923604,Cluster_3
3778,thomas60,0,0.9201138133226288,1,31,21,0,inf,0,0,0,0.0,Cluster_1
3779,brooksolivia,6,0.4702962226915748,65,19,2,2,0.0,61,0,11,0.001473666656576014,Cluster_1
3780,teresa24,5,0.02899674433594801,61,85,1,9,0.0,0,44,10,0.0004811936991257271,Cluster_3
3781,mccarthyjuan,4,0.6898210713287619,54,98,10,7,8.281183893105904,65,0,0,0.0002320466286559703,Cluster_2
3782,davewhite,1,0.4818372535762582,0,1,9,0,1.0425108431583257,0,0,45,0.00012108181752748951,Cluster_2
3783,khernandez,1,0.12434531744241073,9,38,5,3,47.34759139453577,9,16,13,4.682108277891274e-05,Cluster_2
3784,jcuevas,14,0.21427180931025958,259,2656,6,23,183.13308571540293,0,46,50,0.000651177780006779,Cluster_2
3785,julie89,3,0.06449068045584627,152,2,20,15,8.366650451457048,0,0,0,0.0002996323432216302,Cluster_2
3786,murillonicole,11,0.5742935397085736,161,28,6,20,0.0,0,0,0,0.001185997096081859,Cluster_1
3787,sarahcollier,1,0.6220294792520092,25,1091,22,0,1115.4784040323384,0,32,17,3.4118522802246604e-05,Cluster_2
3788,cunninghambryan,9,0.5057422983554444,192,241,11,13,77.81457966922488,7,0,0,0.00131967516331899,Cluster_3
3789,samuel70,52,0.8171021330026149,986,13,25,97,0.0,0,36,4,0.002896787668222032,Cluster_2
3790,ymoore,17,0.8610088213080136,374,47,74,30,12.363362098331855,0,21,18,0.0031171619137076085,Cluster_3
3791,mariah34,3,0.6156243966831266,40,32,70,2,18.634883149668912,102,0,0,0.00023524581393974476,Cluster_1
3792,lancerogers,10,0.012756479707430546,75,8,138,6,3.573908525198509,7,0,8,0.0005804065665817857,Cluster_3
3793,jennifer31,5,0.6952296557477357,132,28,70,0,18.66501890682583,68,0,15,0.0006060398974705681,Cluster_3
3794,marymckenzie,7,0.4179992169203516,84,20,28,11,12.4335666367394,0,0,0,0.0005301507152853607,Cluster_3
3795,robert87,4,0.565557483226387,27,40,10,1,0.5789285923021072,0,0,0,0.00026778208957789734,Cluster_3
3796,driggs,5,0.6490806020188844,134,8,11,19,27.93091545245376,0,6,0,0.001233622253072036,Cluster_2
3797,thomasolson,10,0.35023661432707676,182,3,5,19,4.333324949735518,33,2,0,0.0002857212294667065,Cluster_3
3798,davenportdaniel,1,0.9170985051717943,65,30,20,10,22.303991603392735,0,9,23,0.00011778257916623882,Cluster_2
3799,uorozco,1,0.1339748667497812,80,725,57,13,773.864050476948,42,13,45,7.148483320758283e-05,Cluster_2
3800,nicholas08,0,0.6715118072810374,0,38,6,0,inf,0,0,4,0.0,Cluster_1
3801,sarah82,0,0.004359579956580428,39,18,18,3,inf,0,0,34,0.0,Cluster_1
3802,rgallegos,1,0.9246511054051808,0,128,7,0,131.50880689160672,23,23,23,9.104341538011677e-05,Cluster_2
3803,collinsmatthew,9,0.1125041332380915,291,24,27,35,0.06877444764250384,122,50,32,0.0017857328248025617,Cluster_2
3804,tylerpeterson,1,0.09488423014757463,0,955,8,0,963.9732941008804,0,0,0,0.00014804944751070615,Cluster_3
3805,ilopez,15,0.33300763305224423,351,32,6,30,0.0,38,15,0,0.001136723295219837,Cluster_1
3806,smithjohn,7,0.3735662860390806,182,116,7,21,28.50229630188972,0,27,46,0.0006322440615055168,Cluster_3
3807,danielle77,0,0.21430007232287862,15,8,42,0,inf,0,7,2,0.0,Cluster_3
3808,cbell,19,0.5851216609271247,346,81,17,32,0.0,62,2,35,0.0012096165862260741,Cluster_2
3809,ogonzalez,24,0.4429140980419636,472,54,10,51,38.764490943370305,0,0,0,0.0010207037108100087,Cluster_2
3810,uwatson,1,0.03417558904108742,0,29,29,0,3.8763994655642726,0,60,96,0.00018592178502961493,Cluster_2
3811,lindsay80,13,0.31965206225530063,271,13,10,23,0.0,28,9,0,0.000619691835241459,Cluster_2
3812,ashleygarza,2,0.8104329135731705,57,10,108,3,0.0,133,12,0,0.00027681304103084484,Cluster_1
3813,enelson,8,0.6897015348618686,166,55,4,6,41.67614538393468,39,13,2,0.0006020847658981316,Cluster_1
3814,laurawatson,1,0.7248708535798805,0,102,15,3,66.1627651945457,0,0,4,9.506041396529983e-05,Cluster_3
3815,xthompson,0,0.6981169240835235,0,26,2,0,inf,0,1,0,0.0,Cluster_1
3816,mindy69,4,0.3109730213830333,42,55,11,2,0.0,54,0,0,0.00018425758000278932,Cluster_1
3817,caseysheila,6,0.09966392207677588,134,30,1,12,0.0,79,0,0,0.00033090839365337133,Cluster_3
3818,leonard77,4,0.272467184033096,94,39,61,9,1.0295820363852695,41,11,0,0.0005328997296330182,Cluster_3
3819,alyssa84,1,0.8317853001851593,11,23,63,4,13.38486986545933,2,0,26,9.564555709466415e-05,Cluster_3
3820,juanhill,4,0.9804707977830711,111,34,65,10,45.62267598810273,114,0,0,0.00011442668434732756,Cluster_3
3821,michellemelendez,11,0.49384701474156134,168,4257,20,9,363.01849364724904,6,20,0,0.0009480561619730141,Cluster_3
3822,jjohnson,6,0.00970035492304222,150,58,5,17,7.622911072324449,0,0,0,0.000557884329123937,Cluster_2
3823,vernonmolina,9,0.14004481213422904,203,105,6,22,18.43869159308135,0,0,0,0.00035741546251771784,Cluster_2
3824,emoran,2,0.32208057531626577,58,72,199,6,16.395814758557123,39,0,0,0.0004081717808301969,Cluster_1
3825,kjones,42,0.5785853485929497,830,20,173,88,10.207990101122526,228,49,22,0.007912971122158354,Cluster_1
3826,ebowen,1,0.07509364580531397,111,340,24,11,332.00379010893386,83,16,0,0.00012068213399562287,Cluster_1
3827,wwright,15,0.9433572987098816,324,19,9,37,8.752847990463788,0,28,42,8.337080489398163e-05,Cluster_3
3828,sarahmiller,43,0.3650836732844007,811,221,156,88,2.97954985320787,164,33,32,0.0049925288424139585,Cluster_2
3829,dray,15,0.912584217924823,312,18,7,34,0.0,30,0,55,0.0014217737305459793,Cluster_1
3830,valerie77,5,0.7805218027570218,137,5,28,9,27.121974255314825,37,9,0,0.0003650278792422459,Cluster_1
3831,nguyendavid,3,0.7554372725155811,30,63,152,2,62.409166307081435,40,0,0,0.0006310980901962871,Cluster_2
3832,nicoleharris,34,0.606719579782232,734,4,5,79,0.0,0,0,29,0.00040922325073772454,Cluster_1
3833,ocamacho,0,0.6267838170518446,19,86,69,0,inf,32,15,18,0.0,Cluster_2
3834,wilsonthomas,1,0.6380032352162481,0,3,43,0,33.120254423513764,0,50,6,0.00014550862095994322,Cluster_3
3835,benjamin86,4,0.6287213870255821,94,18,18,7,42.30765805734943,0,46,41,0.000643193125351005,Cluster_1
3836,forbesroy,47,0.5537282313983612,919,2,4,87,0.0,2,42,35,0.0035570627071529223,Cluster_2
3837,cynthia58,13,0.9864140184828889,286,5342,6,32,406.5494646186666,68,5,0,0.0008254724341493022,Cluster_2
3838,joshua64,1,0.7322905674256961,67,1,31,8,0.0,0,0,0,0.00017788975193213885,Cluster_1
3839,orichardson,4,0.7769463883925212,89,33,2,5,0.0,41,0,4,0.00028082641121990163,Cluster_2
3840,brettharris,2,0.8724628150836742,123,259,24,15,123.67748242613544,0,0,36,0.00030129782505451886,Cluster_2
3841,elizabethphillips,2,0.21563976272584917,31,213,45,2,140.7988377509849,80,28,34,0.00016435715537000176,Cluster_2
3842,adamjenkins,32,0.08380415909506078,671,153,88,62,1.4074767845887934,0,70,27,0.0016067071489555876,Cluster_1
3843,hendersonronald,0,0.48289443659859865,40,18,2,0,inf,7,0,0,0.0,Cluster_2
3844,tstevens,82,0.5140806956192732,1635,376,144,165,14.51907823974814,92,0,19,0.00785915604760005,Cluster_1
3845,alexis85,25,0.8291817799499177,538,171,255,58,0.0,138,0,0,0.003387918748646338,Cluster_1
3846,gonzalezamber,37,0.4437835792823357,710,48,37,68,0.0,13,45,6,0.001355907489029489,Cluster_1
3847,timothyfernandez,3,0.5708530255443127,38,51,4,6,0.0,0,63,73,0.0003910356184929301,Cluster_3
3848,rroy,5,0.5270709385134583,34,19,12,11,0.0,0,41,32,0.0006147366006835022,Cluster_2
3849,fergusondeborah,0,0.03820278375739106,12,6,18,0,inf,58,38,3,0.0,Cluster_3
3850,masonjones,3,0.615214896596914,76,307,30,9,104.65066892135509,0,0,0,0.0010074413804726685,Cluster_1
3851,mtyler,15,0.8280432857742522,358,351,20,39,7.878852263143672,4,0,20,0.002266706041250613,Cluster_3
3852,michael62,51,0.15750054807580383,1059,6,30,105,2.5083496649215875,0,0,1,0.010983434762872456,Cluster_3
3853,catherine36,1,0.5943317339265958,5,25,17,6,12.857065825454818,51,0,0,0.00011468359432892059,Cluster_2
3854,vmcdowell,4,0.5936105444464144,21,25,29,13,0.0,0,29,26,0.0005719689734915871,Cluster_2
3855,yburns,5,0.16418496405635874,121,31,10,13,29.48068794496612,50,51,34,0.00029499596014481895,Cluster_1
3856,ian15,0,0.12346357373073602,55,37,12,4,inf,0,10,8,0.0,Cluster_2
3857,bensonronnie,17,0.9800519429764848,377,182,8,42,10.280425360319281,54,0,0,0.0025966981051696375,Cluster_1
3858,newmanjeff,2,0.39371916965303755,94,8,356,13,6.886746744994067,178,0,0,0.00029759213107231067,Cluster_2
3859,xcortez,5,0.22742172872352928,89,7,180,0,1.2320396533131328,62,0,18,0.0004759865684222102,Cluster_3
3860,swansonsarah,3,0.17132454445437495,36,306,46,3,111.74018518347077,103,7,18,0.00019303869766944398,Cluster_3
3861,simpsonjessica,2,0.6676017135832351,3,14,146,0,0.0,69,0,9,0.0004172073153391397,Cluster_1
3862,clarksophia,7,0.6094452973272788,137,3,66,15,17.67866609594429,14,31,3,0.001620876603011755,Cluster_2
3863,willissusan,5,0.6435521229874175,96,13,26,8,9.671316757816253,58,0,19,0.0005363170305359915,Cluster_1
3864,katherinesosa,4,0.08800602751145226,90,18,2,8,0.0,0,27,6,0.00046396823625385837,Cluster_3
3865,jesparza,2,0.893534583498437,33,543,13,0,261.74443936982914,0,0,32,0.00011354036710731894,Cluster_1
3866,craigsamantha,11,0.3892663968090483,213,174,12,24,32.640800653517985,63,14,0,0.0010068331694833249,Cluster_1
3867,krista00,88,0.31336940643035793,1721,261,3,180,0.0,0,22,0,0.007768335663006004,Cluster_1
3868,brenda59,9,0.4623614472477392,227,144,2,18,2.0221380834032523,44,0,0,0.0009124444138325195,Cluster_2
3869,millertyler,32,0.39006606574762825,643,181,42,57,0.0,23,35,42,0.0007816378924344607,Cluster_1
3870,imann,0,0.8635770031391459,0,9,32,0,inf,0,0,0,0.0,Cluster_2
3871,joshua84,9,0.9292609751978921,142,23,3,14,0.0,31,0,0,0.0008499552772147289,Cluster_2
3872,amyjones,1,0.3034532164496062,0,5,6,5,0.0,0,3,0,8.051841198302302e-05,Cluster_2
3873,hwilliams,0,0.8639358074599548,65,22,114,0,inf,3,11,13,0.0,Cluster_3
3874,heidimoore,2,0.7815231295330671,67,113,5,4,53.13566455793484,0,42,23,7.152489461751845e-05,Cluster_2
3875,bryanlozano,44,0.9308076723447618,798,42,25,69,6.410880100102279,0,56,13,0.01056800126124224,Cluster_2
3876,jamesleblanc,30,0.24575031218588783,638,350,15,70,33.40204595741056,27,13,10,0.0009496466790950949,Cluster_3
3877,jenkinsdaniel,10,0.5769591501209791,246,4,42,25,18.2465930679434,0,0,3,0.0017624156381555165,Cluster_2
3878,shannon27,0,0.27454458474044463,6,81,5,0,inf,0,0,58,0.0,Cluster_3
3879,hinesolivia,5,0.8240944904843742,179,3,22,11,0.0,1,0,0,0.0006147430954155266,Cluster_2
3880,ebrown,11,0.005324190571064258,230,39,25,16,21.64073258003482,0,20,0,0.0019474031166830778,Cluster_1
3881,fcalderon,9,0.5648191628863961,109,125,28,12,32.678278634566865,0,35,27,0.001262484308026316,Cluster_3
3882,qwright,0,0.339203431271918,18,22,22,0,inf,137,37,0,0.0,Cluster_3
3883,michaelwood,1,0.32268370707782024,32,89,33,3,87.92908695415146,14,0,0,5.614268810004664e-05,Cluster_1
3884,bendersamantha,6,0.644906323864917,89,5,537,19,6.187007224010359,359,0,0,0.0007874323461505539,Cluster_2
3885,michaelwheeler,16,0.8514844493139939,348,1,936,33,27.400513800345855,526,0,0,0.0010963269602027135,Cluster_2
3886,angela42,0,0.6091953913933262,0,90,7,0,inf,0,0,0,0.0,Cluster_2
3887,mary89,5,0.8531729786467225,149,764,0,16,166.66773407598038,9,0,0,0.0009202182483600045,Cluster_2
3888,oliviasaunders,9,0.26459711188102997,136,5,49,7,0.0,32,3,0,0.0005365997514976095,Cluster_2
3889,michael31,26,0.5195018547649811,470,298,26,55,5.964870330573324,105,24,0,0.0038174033967482176,Cluster_3
3890,zmorales,20,0.450536539067076,394,35,98,46,0.0,90,24,26,0.0038748325833487737,Cluster_3
3891,bryantchristopher,17,0.011644899503096218,361,2,30,35,28.487347710892983,0,0,0,0.0010883597271995715,Cluster_2
3892,clarkemelissa,2,0.5568121431407401,48,4,21,0,0.0,28,0,0,0.00023963175408045373,Cluster_1
3893,trevor07,0,0.6615243241461749,0,34,109,0,inf,94,0,14,0.0,Cluster_2
3894,daniel17,4,0.5919144044190701,54,15,134,3,0.0,8,0,9,5.5563365314073164e-05,Cluster_2
3895,kjackson,33,0.7362798987834215,603,3,2,62,0.0,25,37,6,0.0027756496004796866,Cluster_1
3896,danielpowell,59,0.5713395284530771,1168,1,5,121,9.64603126880519,69,0,11,0.0026946603093545786,Cluster_3
3897,dstevenson,21,0.06675025485075692,473,7,17,42,31.696267444768473,0,0,38,0.0013096309838818976,Cluster_2
3898,kristiedunn,14,0.11644552408471143,279,46,23,32,0.0,0,0,0,0.0027317836150907607,Cluster_3
3899,reyesamy,13,0.5964745775439524,302,32,14,33,0.0,65,0,18,0.0015239645374990965,Cluster_3
3900,kaylaalexander,3,0.2749791919736402,132,13,38,10,0.0,1,0,0,0.0003389288066174418,Cluster_2
3901,michelle98,6,0.07964512903476584,90,47,89,3,13.792564456622461,0,0,29,0.00012050280428887807,Cluster_2
3902,christiantracy,90,0.42960274344854676,1790,215,266,179,0.0,177,37,4,0.0014935516716195372,Cluster_1
3903,sburke,1,0.5543225980836554,128,67,47,7,49.68874347207175,52,19,0,0.00016215973103015963,Cluster_2
3904,sandersmark,83,0.32874598834960655,1732,26,5,178,0.5600920248133324,7,61,65,0.0047184153847209375,Cluster_1
3905,justin37,4,0.720433702225778,0,176,16,0,0.0,64,49,47,0.00025514577775306456,Cluster_2
3906,julie52,53,0.6437706081012446,1079,5,17,110,0.0,68,29,0,0.0068351642635947,Cluster_1
3907,ralphvaughn,0,0.33281836109167195,0,22,43,0,inf,17,7,7,0.0,Cluster_1
3908,hamiltonbenjamin,17,0.7548725289085606,381,23,35,35,0.0,116,0,0,0.0009536359202406695,Cluster_3
3909,michele78,2,0.6486950425330354,2,3,435,0,0.0,296,0,0,0.00015343516777214966,Cluster_2
3910,randymunoz,0,0.6374453787179021,0,15,10,5,inf,0,62,41,0.0,Cluster_2
3911,joanna57,10,0.553427700787068,166,0,35,10,9.389604359846057,0,12,0,0.0007058705742768943,Cluster_2
3912,benjamin92,33,0.011389668088552796,631,1034,686,61,55.263869066991006,230,26,0,0.004398760573098423,Cluster_1
3913,zreynolds,2,0.6965071834768891,80,6,8,4,0.0,0,0,32,0.0003499696675984487,Cluster_3
3914,joycejordan,0,0.3760417911091565,0,575,24,0,inf,0,12,0,0.0,Cluster_1
3915,rpatel,6,0.9426097101586556,88,35,4,5,0.0,0,22,16,0.001817755635539356,Cluster_3
3916,crawfordjoseph,6,0.8179847710772054,30,91,22,0,0.0,65,36,48,0.0007173330494679908,Cluster_2
3917,alexandermyers,16,0.5876944695313122,370,13,6,31,0.0,0,26,9,0.003160370631923682,Cluster_3
3918,garciafrank,30,0.25218198181926943,663,48,96,74,0.0,54,11,0,0.003995955389081501,Cluster_3
3919,caitlynwoods,6,0.20371739327766658,103,106,25,11,0.0,18,0,7,0.0008129094496985432,Cluster_1
3920,justin05,119,0.3403848376775491,2365,109,4,237,33.555786528807204,0,57,45,0.019183538387121425,Cluster_2
3921,anthonyreyes,10,0.4765679435800185,222,133,70,20,0.0,41,8,26,0.0008760758770822671,Cluster_1
3922,uholmes,4,0.2960655100389471,153,17,26,15,0.0,0,40,70,0.0005670221064103411,Cluster_2
3923,osbornian,0,0.5149294953924828,20,13,83,0,inf,1,32,7,0.0,Cluster_2
3924,kathleenalvarez,4,0.16537042551318593,45,1,3,7,0.0,78,24,19,0.0002625010165890208,Cluster_2
3925,jesse08,4,0.9777128128254999,0,84,34,0,22.189698799943258,0,62,5,0.000604806968039451,Cluster_3
3926,dkeller,31,0.10792455496499387,564,232,64,50,6.516797863001839,115,0,16,0.003894276094798174,Cluster_2
3927,matthewsmith,14,0.9319441396543721,283,607,10,29,44.474855610983944,0,0,4,0.0016438900718269043,Cluster_2
3928,qpierce,1,0.9135780114026949,0,57,3,0,56.185478425096306,0,0,0,8.141926445687034e-05,Cluster_3
3929,pricebrandy,9,0.525360481819498,189,8,18,20,0.0,0,0,0,0.00044851609844269094,Cluster_2
3930,angela43,20,0.7249102718360844,372,1,126,30,0.0,119,0,0,0.0034368840791230465,Cluster_2
3931,miranda96,73,0.4360482979725878,1407,215,108,140,1.4521240400235769,26,0,5,0.007406625554416363,Cluster_3
3932,ncooke,27,0.6300345775424382,481,1,10,42,20.415528819750918,22,4,0,0.002304650728520698,Cluster_2
3933,aparker,23,0.3405759374211187,538,17,2,53,37.01259211068669,4,38,15,0.0011846798079025516,Cluster_2
3934,hatfieldzachary,8,0.30115901978544535,204,22,10,23,0.0,2,27,16,0.0006081149049889889,Cluster_2
3935,greenkimberly,13,0.5782297861695137,346,29,9,42,0.0,68,0,0,0.0028464618444760375,Cluster_2
3936,matthewellison,48,0.49812967418398035,986,35,39,90,10.737710248444532,58,30,0,0.0020068290931527168,Cluster_1
3937,vpowell,1,0.5795363691499811,0,42,17,4,71.86483118944209,0,41,8,0.00013975594112182265,Cluster_1
3938,emilykemp,4,0.286660581287023,146,0,6,15,0.0,0,0,39,0.00041462834714387127,Cluster_1
3939,stevesmith,2,0.36695783181699526,38,34,105,1,30.853026339006753,139,0,0,0.00040647249186868327,Cluster_2
3940,vanessamurphy,13,0.08389796062890931,271,0,24,30,0.0,27,15,7,0.002177114327127841,Cluster_1
3941,thomas18,46,0.05227637227220572,917,123,38,90,9.270892848788314,0,23,0,0.005279407852950983,Cluster_1
3942,thorntontammy,3,0.25345712967301626,0,12,1,3,23.41208353236741,0,27,0,0.00032924675444653725,Cluster_2
3943,floresjacob,0,0.07424685933054576,80,0,0,3,,44,0,0,0.0,Cluster_3
3944,christinenielsen,3,0.1037747086347407,84,7,2,5,0.0,36,0,16,0.00017134384319754525,Cluster_1
3945,williamsscott,29,0.8129284053939371,596,11,9,64,19.474972278727616,0,34,0,0.0010820593211019547,Cluster_1
3946,ericmiller,16,0.0388736970166893,316,282,47,39,29.948224610295895,60,0,22,0.0008979135926516379,Cluster_3
3947,shawn65,14,0.6589427939347428,288,47,0,28,24.07606566343996,79,31,30,0.002384074160536485,Cluster_3
3948,charlesrivera,4,0.2725577488154005,50,61,219,0,32.21879292908133,182,15,7,0.00048513988508099563,Cluster_2
3949,amy23,1,0.8715456807081264,50,277,25,4,270.17792944166587,92,22,36,7.991318764354628e-05,Cluster_2
3950,daniellittle,16,0.48499228457749954,254,27,154,25,45.67130296789382,104,0,77,0.0005962744639268532,Cluster_1
3951,davisjennifer,2,0.30557645932782573,49,128,5,3,66.7381998150679,0,16,21,0.0003214675817285099,Cluster_1
3952,joyce24,195,0.5176389356894345,3928,113,42,394,0.0,0,62,9,0.006699213143784911,Cluster_3
3953,amiller,17,0.3819580190452688,330,3,22,30,0.0,10,0,37,0.002695657966663204,Cluster_1
3954,jking,3,0.5643010646698302,78,469,68,11,146.94990819334677,0,2,5,9.31869419463031e-05,Cluster_1
3955,melanierandall,2,0.11453286832634824,0,2,14,0,16.904983347345556,0,0,52,3.769789505444497e-05,Cluster_2
3956,kgomez,6,0.9969905028125511,71,172,40,13,19.64296036270406,83,9,0,0.00037623273413594463,Cluster_1
3957,gordonsamantha,5,0.42555587769671754,111,2,104,18,22.37939991638275,0,0,32,0.0003745294489958657,Cluster_2
3958,jacobmiller,39,0.34823063970736867,813,97,7,76,13.649166935313641,0,27,16,0.005869802997332077,Cluster_1
3959,cruzrachael,9,0.7102098483162649,86,945,28,4,84.9981907705988,55,56,100,0.0011873011610513402,Cluster_2
3960,gabriellerivera,2,0.3638994064953325,66,22,1,8,8.192533287771502,0,0,0,9.913185501501084e-05,Cluster_1
3961,brittany96,125,0.8332743050287577,2472,20,57,241,0.0,0,61,111,0.00736768784377275,Cluster_1
3962,ismith,7,0.45427072436042526,130,99,376,10,17.838030079930537,184,0,10,0.0009097402488708379,Cluster_1
3963,evansbarry,23,0.7195584132654349,393,18,3,44,0.0,0,0,21,0.0037382754134018576,Cluster_3
3964,estewart,2,0.10745321644188655,0,873,17,3,437.98870461018123,0,22,55,0.00014373614902943107,Cluster_2
3965,ufields,12,0.8461191855551118,288,46,75,38,0.0,71,0,0,0.001155896983242397,Cluster_2
3966,gonzalezbrian,11,0.7357179867781098,221,18,21,22,0.0,0,27,40,0.0019801622094915753,Cluster_1
3967,randy55,0,0.21171677846196568,0,12,25,0,inf,13,10,0,0.0,Cluster_3
3968,kayla16,151,0.14528600974578665,3014,6,11,301,0.0,0,73,47,0.005706053332497548,Cluster_2
3969,mcknightjessica,51,0.3162923487256244,1044,10,10,103,0.0,6,0,2,0.005265712313358685,Cluster_1
3970,garrettjones,4,0.9760705860319043,102,17,17,9,24.56652289468695,0,22,27,0.0007199040792151438,Cluster_1
3971,alexis17,1,0.25683157456705863,16,13,21,1,33.15911803604016,0,9,18,0.00010580011867223149,Cluster_2
3972,perezcaroline,12,0.4561272089466333,294,10,3,24,0.0,2,0,0,0.0007784957136535306,Cluster_3
3973,andrea34,8,0.030020225717336313,208,1447,18,22,166.85700757583865,36,0,3,0.0013770282334278688,Cluster_3
3974,rparsons,12,0.39722752956623253,260,5,211,18,9.132877803597129,197,0,0,0.0017890425152201188,Cluster_1
3975,uadams,9,0.5713200154331027,182,43,10,14,15.261843002119111,45,0,24,0.0017032246193083853,Cluster_3
3976,montgomerytony,15,0.9531246125079651,332,96,3,32,6.3055247309455895,24,0,42,0.001439302548945882,Cluster_2
3977,jonathan58,64,0.5167360449400644,1295,102,16,118,1.9502575786656895,71,0,4,0.00890174136895679,Cluster_3
3978,xhill,17,0.8191073261776878,393,29,6,43,0.0,0,0,0,0.0005781854045201181,Cluster_3
3979,schmidtkristy,1,0.5471276425689006,64,21,2,0,0.0,78,42,43,2.221465563543015e-05,Cluster_1
3980,perezmiguel,57,0.0407850134355181,1089,74,24,112,42.28839197770582,67,59,16,0.0012130267679885585,Cluster_2
3981,craignicole,86,0.31500827518977403,1665,53,6,160,0.0,0,22,17,0.002251519546936872,Cluster_1
3982,kyleshaw,835,0.5755495078311033,16664,20,7,1664,3.5540658970980314,99,441,281,0.08687009078591278,Cluster_3
3983,jessica06,1,0.9505939659311243,68,1,25,9,0.0,34,36,35,0.0001332182104543805,Cluster_2
3984,brandon51,10,0.8591303597512333,121,14,2,23,19.343951045470916,110,23,40,0.001258041646272116,Cluster_2
3985,ujohnson,0,0.22835561417884764,19,4,1,2,inf,15,8,8,0.0,Cluster_2
3986,jeromebrown,16,0.2201098300191635,338,9,54,23,3.631319061839998,0,40,28,0.002466325895954391,Cluster_1
3987,cynthiahill,3,0.20117296711390076,118,35,1,16,0.0,0,24,32,0.00033310717206031686,Cluster_2
3988,westjustin,132,0.9224988963025031,2649,63,4,263,0.0,0,29,15,0.009464322787387677,Cluster_1
3989,kevin07,2,0.8526661531017207,0,816,1,0,422.89266093197995,0,0,0,0.00051946163417422,Cluster_1
3990,meganchoi,0,0.7748834322529488,0,12,9,2,inf,68,0,11,0.0,Cluster_3
3991,thomas66,3,0.3927351142242276,0,133,38,0,25.300276860989104,17,36,0,0.00020365328565212572,Cluster_2
3992,msmith,0,0.5043807042987668,0,57,23,0,inf,0,0,0,0.0,Cluster_2
3993,cmassey,22,0.4643317447951528,430,341,726,40,18.03158613445861,373,0,0,0.0030421498394674657,Cluster_1
3994,florescourtney,0,0.25339810755937264,0,93,102,6,inf,57,30,4,0.0,Cluster_1
3995,lindsay66,7,0.505028046148767,213,5,4,24,0.0,0,11,0,0.0007035363363741595,Cluster_2
3996,robert98,0,0.030496547852754463,0,1,3,0,inf,14,63,13,0.0,Cluster_2
3997,brownsarah,4,0.13181037349745917,147,57,1164,21,43.15134657747537,579,0,27,0.00028941914981290076,Cluster_1
3998,travis83,86,0.8865895961689464,1779,12,98,180,9.884522059023833,80,27,41,0.009543119578713658,Cluster_3
3999,brownryan,12,0.7516797670314233,284,5,48,20,6.5633929562917945,52,39,56,0.0004593712285250916,Cluster_2
